id,stop_id,location,lat,lon,source,target,connection,incoming_destinations,outgoing_destinations,period,arrivals,matched,no_service,median,average,p90,over15,near_rate,headway,score,flagged,best_shift,best_median,saving,improved,worsened
8220DB000400/1 44 c a | 1/1 56A c a | 0/Morning,8220DB000400,Shaw Street,53.344849,-6.25339,1 44 c a | 1,1 56A c a | 0,44 · direction 1 → 56A · direction 0,DCU,The Square,Morning,3,3,0,71.25,61.333333333333336,74.65,1.0,0.6666666666666666,75.0,80.0,True,5.0,5.5,65.75,2.0,1.0
8220DB001644/3 220 d a | 0/3 104 d a | 1/Evening,8220DB001644,DCU Collins Avenue,53.3868700413836,-6.25657120617442,3 220 d a | 0,3 104 d a | 1,220 · direction 0 → 104 · direction 1,Mulhuddart,Clontarf Station,Evening,3,3,0,64.0,64.0,68.8,1.0,1.0,60.0,90.0,True,3.0,2.0,62.0,3.0,0.0
8220DB001605/3 220 d a | 0/3 104 d a | 1/Evening,8220DB001605,Albert College Pk,53.388253,-6.2608,3 220 d a | 0,3 104 d a | 1,220 · direction 0 → 104 · direction 1,Mulhuddart,Clontarf Station,Evening,3,3,0,65.0,64.0,68.2,1.0,1.0,60.5,90.0,True,2.0,3.0,62.0,2.0,1.0
8220DB001644/3 104 d a | 1/3 220 d a | 0/Evening,8220DB001644,DCU Collins Avenue,53.3868700413836,-6.25657120617442,3 104 d a | 1,3 220 d a | 0,104 · direction 1 → 220 · direction 0,Clontarf Station,Mulhuddart,Evening,3,3,0,62.0,62.333333333333336,64.4,1.0,1.0,60.0,90.0,True,1.0,2.0,60.0,2.0,1.0
8240DB000661/3 238 d a | 0/2 109B d | 0/Morning,8240DB000661,Westend Office Park,53.3924222501891,-6.38348935657183,3 238 d a | 0,2 109B d | 0,238 · direction 0 → 109B · direction 0,"Blanchardstown, Mulhuddart",Athboy,Morning,4,4,0,86.5,85.0,120.1,1.0,0.5,122.25,75.0,True,4.0,27.0,59.5,2.0,2.0
8220IR0007/DUB-BFT-I | 1/DUB-PORTLAOIS-O | 1/Evening,8220IR0007,Connolly,53.351252,-6.249704,DUB-BFT-I | 1,DUB-PORTLAOIS-O | 1,rail · direction 1 → Commuter · direction 1,Dublin Connolly,"Dublin Connolly, Grand Canal Dock",Evening,3,3,0,61.0,47.666666666666664,69.0,0.6666666666666666,0.6666666666666666,59.0,80.0,True,1.0,2.0,59.0,2.0,1.0
8240DB004323/3 270 d b | 1/3 220 d a | 0/Evening,8240DB004323,Whitestown Grove,53.396329,-6.393912,3 270 d b | 1,3 220 d a | 0,270 · direction 1 → 220 · direction 0,Dunboyne,Mulhuddart,Evening,3,3,0,60.0,58.0,60.8,1.0,0.6666666666666666,64.0,80.0,True,4.0,2.0,58.0,2.0,1.0
8220B135001/2 111 d | 1/2 2 c b | 0/Evening,8220B135001,Dublin Busáras,53.34981,-6.25203,2 111 d | 1,2 2 c b | 0,111 · direction 1 → 2 · direction 0,Dublin,Wexford,Evening,3,3,0,60.5,42.333333333333336,60.5,0.6666666666666666,0.6666666666666666,60.0,80.0,True,2.0,2.5,58.0,2.0,1.0
8220DB001605/3 104 d a | 1/3 220 d a | 0/Evening,8220DB001605,Albert College Pk,53.388253,-6.2608,3 104 d a | 1,3 220 d a | 0,104 · direction 1 → 220 · direction 0,Clontarf Station,Mulhuddart,Evening,3,3,0,60.0,42.0,63.2,0.6666666666666666,0.6666666666666666,60.0,80.0,True,3.0,3.0,57.0,2.0,1.0
8220IR0134/DUB-EUROPORT-I | 0/DUB-PORTLAOIS-O | 0/Evening,8220IR0134,Dublin Pearse,53.343252,-6.248048,DUB-EUROPORT-I | 0,DUB-PORTLAOIS-O | 0,rail · direction 0 → Commuter · direction 0,"Gorey, Rosslare Europort, Wexford (O Hanrahan)","Hazelhatch and Celbridge, Newbridge",Evening,3,3,0,60.0,47.333333333333336,68.8,0.6666666666666666,0.6666666666666666,59.5,80.0,True,3.0,3.0,57.0,2.0,1.0
8220IR0025/DUB-PORTLAOIS-O | 0/DUB-EUROPORT-I | 0/Evening,8220IR0025,Tara Street,53.347264,-6.254359,DUB-PORTLAOIS-O | 0,DUB-EUROPORT-I | 0,Commuter · direction 0 → rail · direction 0,"Hazelhatch and Celbridge, Newbridge","Gorey, Rosslare Europort, Wexford (O Hanrahan)",Evening,3,3,0,59.0,68.0,81.4,1.0,0.6666666666666666,100.0,80.0,True,4.0,3.0,56.0,2.0,1.0
8220DB005007/1 60 | 1/3 L55 a | 1/Evening,8220DB005007,Convent Lawns,53.3441883077869,-6.34965960806547,1 60 | 1,3 L55 a | 1,60 · direction 1 → L55 · direction 1,John Rogerson Qy,Palmerstown,Evening,3,3,0,57.0,56.53888888888889,57.693333333333335,1.0,0.6666666666666666,60.0,80.0,True,5.0,2.8666666666666667,54.13333333333333,2.0,1.0
8240DB000661/3 238 d a | 0/2 109X d | 0/Morning,8240DB000661,Westend Office Park,53.3924222501891,-6.38348935657183,3 238 d a | 0,2 109X d | 0,238 · direction 0 → 109X · direction 0,"Blanchardstown, Mulhuddart",Cavan,Morning,4,4,0,56.25,55.875,60.65,1.0,0.75,59.75,82.5,True,3.0,3.5,52.75,3.0,1.0
8240DB000661/3 236 d a | 1/3 220 d a | 0/Evening,8240DB000661,Westend Office Park,53.3924222501891,-6.38348935657183,3 236 d a | 1,3 220 d a | 0,236 · direction 1 → 220 · direction 0,Blanchardstown,Mulhuddart,Evening,3,3,0,56.0,40.0,60.0,0.6666666666666666,0.6666666666666666,63.0,80.0,True,5.0,4.0,52.0,2.0,1.0
8220DB000340/1 56A c a | 1/1 52 b | 1/Morning,8220DB000340,Townsend Street,53.345975,-6.256017,1 56A c a | 1,1 52 b | 1,56A · direction 1 → 52 · direction 1,Ringsend Road,Ringsend Road,Morning,3,3,0,54.75,43.5,58.95,1.0,0.6666666666666666,60.0,80.0,True,4.0,3.75,51.0,2.0,1.0
8220DB000351/1 56A c a | 1/1 52 b | 1/Morning,8220DB000351,Erne Street,53.3434182647907,-6.24530817378361,1 56A c a | 1,1 52 b | 1,56A · direction 1 → 52 · direction 1,Ringsend Road,Ringsend Road,Morning,3,3,0,55.21666666666667,43.53888888888889,58.08333333333333,1.0,0.6666666666666666,60.0,80.0,True,5.0,5.466666666666667,49.75,2.0,1.0
8220DB000352/1 56A c a | 1/1 52 b | 1/Morning,8220DB000352,Pearse Sq,53.342989,-6.242412,1 56A c a | 1,1 52 b | 1,56A · direction 1 → 52 · direction 1,Ringsend Road,Ringsend Road,Morning,3,3,0,55.36666666666667,43.699999999999996,58.20666666666666,1.0,0.6666666666666666,59.94166666666667,80.0,True,5.0,5.883333333333334,49.483333333333334,2.0,1.0
8220DB002721/1 X31 c | 0/1 52 b | 0/Evening,8220DB002721,South Circular Road,53.3432718551658,-6.31051108491761,1 X31 c | 0,1 52 b | 0,X31 · direction 0 → 52 · direction 0,River Forest,Leixlip Intel,Evening,3,3,0,52.7,46.333333333333336,57.06,1.0,0.6666666666666666,60.0,80.0,True,5.0,3.4,49.300000000000004,2.0,1.0
8240DB000576/1 H3 c a | 1/1 6 c a | 0/Evening,8240DB000576,Howth Abbey,53.3877600721763,-6.06635958016767,1 H3 c a | 1,1 6 c a | 0,H3 · direction 1 → 6 · direction 0,Abbey St Lower,Howth Station,Evening,5,5,0,53.5,46.95,61.5,1.0,0.4,60.0,72.0,True,3.0,4.75,48.75,3.0,2.0
8240DB000577/1 H3 c a | 1/1 6 c a | 0/Evening,8240DB000577,Howth Harbour,53.388163,-6.07016,1 H3 c a | 1,1 6 c a | 0,H3 · direction 1 → 6 · direction 0,Abbey St Lower,Howth Station,Evening,5,5,0,53.25,46.8,61.4,1.0,0.4,60.0,72.0,True,3.0,4.75,48.5,3.0,2.0
8230DB001972/1 60 | 0/1 69 c a | 1/Morning,8230DB001972,Floraville Avenue,53.321032,-6.390227,1 60 | 0,1 69 c a | 1,60 · direction 0 → 69 · direction 1,Red Cow Luas,"Conyngham Rd, Poolbeg St",Morning,3,3,0,52.25,54.916666666666664,75.65,1.0,0.6666666666666666,59.0,80.0,True,4.0,5.0,47.25,2.0,1.0
8220B135001/2 109 d | 1/2 32 d | 0/Evening,8220B135001,Dublin Busáras,53.34981,-6.25203,2 109 d | 1,2 32 d | 0,109 · direction 1 → 32 · direction 0,Dublin,Letterkenny,Evening,4,4,0,59.5,54.0,65.75,1.0,0.5,75.0,75.0,True,3.0,18.25,41.25,2.0,2.0
8220DB002637/1 P29 c | 0/1 52 b | 0/Evening,8220DB002637,Heuston Station,53.345846,-6.294308,1 P29 c | 0,1 52 b | 0,P29 · direction 0 → 52 · direction 0,Adamstown Station,Leixlip Intel,Evening,4,4,0,49.0,44.6875,59.3,1.0,0.5,60.0,75.0,True,3.0,14.0,35.0,2.0,2.0
8220DB007857/1 P29 c | 0/1 52 b | 0/Evening,8220DB007857,Merchant's Quay,53.34508,-6.27451,1 P29 c | 0,1 52 b | 0,P29 · direction 0 → 52 · direction 0,Adamstown Station,Leixlip Intel,Evening,4,4,0,49.708333333333336,45.1625,59.965,1.0,0.5,60.0,75.0,True,4.0,14.883333333333333,34.825,2.0,2.0
8220DB007855/1 P29 c | 0/1 52 b | 0/Evening,8220DB007855,Usher's Quay,53.345988,-6.279809,1 P29 c | 0,1 52 b | 0,P29 · direction 0 → 52 · direction 0,Adamstown Station,Leixlip Intel,Evening,4,4,0,49.5,45.0625,59.8,1.0,0.5,60.0,75.0,True,4.0,15.0,34.5,2.0,2.0
8220DB000312/1 P29 c | 0/1 52 b | 0/Evening,8220DB000312,Wellington Quay,53.3454764728264,-6.2662061554843,1 P29 c | 0,1 52 b | 0,P29 · direction 0 → 52 · direction 0,Adamstown Station,Leixlip Intel,Evening,4,4,0,50.0,45.3125,60.2,1.0,0.5,60.0,75.0,True,5.0,15.75,34.25,2.0,2.0
8220IR0025/DUB-MAYNOOTH-O | 1/DUB-EUROPORT-I | 1/Morning,8220IR0025,Tara Street,53.347264,-6.254359,DUB-MAYNOOTH-O | 1,DUB-EUROPORT-I | 1,rail · direction 1 → rail · direction 1,"Bray (Daly), Dublin Pearse, Dun Laoghaire (Mallin), Grand Canal Dock","Drogheda (MacBride), Dublin Connolly, Dundalk (Clarke)",Morning,4,4,0,48.0,44.25,60.1,1.0,0.5,45.0,75.0,True,5.0,15.5,32.5,2.0,2.0
8240DB000570/1 6 c a | 0/1 H3 c a | 1/Evening,8240DB000570,Thormanby Woods,53.377333,-6.055829,1 6 c a | 0,1 H3 c a | 1,6 · direction 0 → H3 · direction 1,Howth Station,Abbey St Lower,Evening,3,3,0,32.25,32.416666666666664,32.85,1.0,1.0,30.0,90.0,True,1.0,2.0,30.25,2.0,1.0
8240DB000571/1 6 c a | 0/1 H3 c a | 1/Evening,8240DB000571,Mariners Cove,53.378564,-6.0569,1 6 c a | 0,1 H3 c a | 1,6 · direction 0 → H3 · direction 1,Howth Station,Abbey St Lower,Evening,3,3,0,32.05,32.28333333333333,32.73,1.0,1.0,30.0,90.0,True,2.0,2.9,29.15,2.0,1.0
8240DB000572/1 6 c a | 0/1 H3 c a | 1/Evening,8240DB000572,Upper Cliff Road,53.380421,-6.057748,1 6 c a | 0,1 H3 c a | 1,6 · direction 0 → H3 · direction 1,Howth Station,Abbey St Lower,Evening,3,3,0,31.75,32.083333333333336,32.55,1.0,1.0,30.0,90.0,True,2.0,2.75,29.0,2.0,1.0
8240DB000573/1 6 c a | 0/1 H3 c a | 1/Evening,8240DB000573,Thormanby Lawns,53.382223,-6.059725,1 6 c a | 0,1 H3 c a | 1,6 · direction 0 → H3 · direction 1,Howth Station,Abbey St Lower,Evening,3,3,0,31.65,31.95555555555556,32.449999999999996,1.0,1.0,30.0,90.0,True,2.0,2.65,29.0,2.0,1.0
8240DB000574/1 6 c a | 0/1 H3 c a | 1/Evening,8240DB000574,Howth Church,53.384616,-6.064262,1 6 c a | 0,1 H3 c a | 1,6 · direction 0 → H3 · direction 1,Howth Station,Abbey St Lower,Evening,3,3,0,31.5,31.75,32.3,1.0,1.0,30.0,90.0,True,2.0,2.5,29.0,2.0,1.0
8240DB000575/1 6 c a | 0/1 H3 c a | 1/Evening,8240DB000575,Main Street Howth,53.385983,-6.065418,1 6 c a | 0,1 H3 c a | 1,6 · direction 0 → H3 · direction 1,Howth Station,Abbey St Lower,Evening,3,3,0,31.433333333333334,31.75555555555556,32.35333333333334,1.0,1.0,30.0,90.0,True,2.0,2.5833333333333335,28.85,2.0,1.0
8220DB002499/2 115 c a | 1/1 60 | 1/Morning,8220DB002499,S O'Casey Br,53.348128,-6.247128,2 115 c a | 1,1 60 | 1,115 · direction 1 → 60 · direction 1,Dublin,John Rogerson Qy,Morning,5,5,0,35.45,38.583333333333336,60.71666666666667,0.8,0.4,59.916666666666664,72.0,True,6.0,6.866666666666666,28.583333333333336,3.0,2.0
8240DB000576/1 6 c a | 0/1 H3 c a | 1/Evening,8240DB000576,Howth Abbey,53.3877600721763,-6.06635958016767,1 6 c a | 0,1 H3 c a | 1,6 · direction 0 → H3 · direction 1,Howth Station,Abbey St Lower,Evening,3,3,0,31.25,31.75,32.45,1.0,1.0,30.0,90.0,True,2.0,2.75,28.5,2.0,1.0
8240DB003678/1 41C c a | 0/1 33 c a | 0/Morning,8240DB003678,Swords Village,53.455323,-6.222431,1 41C c a | 0,1 33 c a | 0,41C · direction 0 → 33 · direction 0,Swords Manor,"Balbriggan, Skerries",Morning,5,5,0,38.266666666666666,41.32666666666667,70.12666666666667,1.0,0.4,42.0,72.0,True,9.0,9.816666666666666,28.45,3.0,2.0
8240DB000577/1 6 c a | 0/1 H3 c a | 1/Evening,8240DB000577,Howth Harbour,53.388163,-6.07016,1 6 c a | 0,1 H3 c a | 1,6 · direction 0 → H3 · direction 1,Howth Station,Abbey St Lower,Evening,3,3,0,31.25,31.75,32.45,1.0,1.0,30.0,90.0,True,2.0,3.0,28.25,2.0,1.0
8240DB000579/1 6 c a | 0/1 H3 c a | 1/Evening,8240DB000579,Howth Station,53.3886612440087,-6.07428746276879,1 6 c a | 0,1 H3 c a | 1,6 · direction 0 → H3 · direction 1,Howth Station,Abbey St Lower,Evening,3,3,0,31.5,31.916666666666668,32.7,1.0,0.6666666666666666,30.0,80.0,True,2.0,3.25,28.25,2.0,1.0
8350DB004170/3 L15 a | 0/3 L1 a | 1/Morning,8350DB004170,Methodist Church,53.203483770052,-6.10697299154272,3 L15 a | 0,3 L1 a | 1,L15 · direction 0 → L1 · direction 1,Enniskerry,Newtownmountkennedy,Morning,3,3,0,30.0,29.666666666666668,30.0,1.0,1.0,30.0,90.0,True,2.0,2.0,28.0,2.0,1.0
8250DB003070/3 111 e a | 1/1 7 c a | 1/Evening,8250DB003070,Dun Laoghaire SC,53.292115,-6.135819,3 111 e a | 1,1 7 c a | 1,111 · direction 1 → 7 · direction 1,Brides Glen Luas,Mountjoy Square,Evening,3,3,0,30.75,21.25,30.95,0.6666666666666666,0.6666666666666666,30.0,80.0,True,2.0,2.75,28.0,2.0,1.0
8350DB004170/3 L1 a | 1/3 L15 a | 0/Morning,8350DB004170,Methodist Church,53.203483770052,-6.10697299154272,3 L1 a | 1,3 L15 a | 0,L1 · direction 1 → L15 · direction 0,Newtownmountkennedy,Enniskerry,Morning,6,6,0,45.5,45.333333333333336,60.5,1.0,0.5,60.0,75.0,True,2.0,17.5,28.0,3.0,3.0
8350DB004170/3 L1 a | 1/3 L15 a | 0/Evening,8350DB004170,Methodist Church,53.203483770052,-6.10697299154272,3 L1 a | 1,3 L15 a | 0,L1 · direction 1 → L15 · direction 0,Newtownmountkennedy,Enniskerry,Evening,6,6,0,45.5,45.666666666666664,61.0,1.0,0.5,60.0,75.0,True,2.0,17.5,28.0,3.0,3.0
8250DB003134/1 X1 a | 0/1 L14 a | 0/Evening,8250DB003134,Wyattville Road,53.2469068045075,-6.13603133529264,1 X1 a | 0,1 L14 a | 0,X1 · direction 0 → L14 · direction 0,Kilcoole,Southern Cross,Evening,3,3,0,30.166666666666668,27.0,30.366666666666667,1.0,0.6666666666666666,30.0,80.0,True,2.0,2.4166666666666665,27.75,2.0,1.0
8250DB003135/1 X1 a | 0/1 L14 a | 0/Evening,8250DB003135,Hospital,53.2429290400298,-6.13055525740997,1 X1 a | 0,1 L14 a | 0,X1 · direction 0 → L14 · direction 0,Kilcoole,Southern Cross,Evening,3,3,0,30.25,27.083333333333332,30.45,1.0,0.6666666666666666,30.0,80.0,True,2.0,2.5,27.75,2.0,1.0
8230DB004401/1 X31 c | 0/1 C4 c | 0/Evening,8230DB004401,Palmerstown R148,53.354756,-6.37171,1 X31 c | 0,1 C4 c | 0,X31 · direction 0 → C4 · direction 0,River Forest,Maynooth,Evening,3,3,0,30.283333333333335,24.450000000000003,30.483333333333334,0.6666666666666666,0.6666666666666666,28.5,79.0,True,2.0,2.533333333333333,27.75,2.0,1.0
8240DB004747/1 39 c a | 1/3 W4 a | 0/Evening,8240DB004747,Blanchardstown SC,53.3943327828823,-6.39185248232824,1 39 c a | 1,3 W4 a | 0,39 · direction 1 → W4 · direction 0,Burlington Road,The Square,Evening,6,6,0,30.25,25.666666666666668,31.0,1.0,1.0,30.0,90.0,True,2.0,2.75,27.5,6.0,0.0
8250DB003205/3 111 e a | 1/1 7A c a | 0/Morning,8250DB003205,Sallynoggin Road,53.279391,-6.137197,3 111 e a | 1,1 7A c a | 0,111 · direction 1 → 7A · direction 0,Brides Glen Luas,Loughlinstown Pk,Morning,3,3,0,30.5,29.833333333333332,30.9,1.0,0.6666666666666666,30.0,80.0,True,2.0,3.0,27.5,2.0,1.0
8240DB000570/1 H3 c a | 1/1 6 c a | 0/Evening,8240DB000570,Thormanby Woods,53.377333,-6.055829,1 H3 c a | 1,1 6 c a | 0,H3 · direction 1 → 6 · direction 0,Abbey St Lower,Howth Station,Evening,6,6,0,41.25,42.5,61.0,1.0,0.5,60.0,75.0,True,3.0,14.125,27.125,3.0,3.0
8250DB003047/3 111 e a | 0/1 7 c a | 0/Evening,8250DB003047,George's St Upper,53.29017,-6.131013,3 111 e a | 0,1 7 c a | 0,111 · direction 0 → 7 · direction 0,Dalkey,Brides Glen,Evening,3,3,0,30.666666666666668,29.3,31.386666666666667,1.0,0.6666666666666666,30.0,80.0,True,2.0,3.566666666666667,27.1,2.0,1.0
8240DB000571/1 H3 c a | 1/1 6 c a | 0/Evening,8240DB000571,Mariners Cove,53.378564,-6.0569,1 H3 c a | 1,1 6 c a | 0,H3 · direction 1 → 6 · direction 0,Abbey St Lower,Howth Station,Evening,6,6,0,41.3,42.56666666666667,61.1,1.0,0.5,60.0,75.0,True,3.0,14.225,27.074999999999996,3.0,3.0
8350DB004170/3 L15 a | 0/3 L1 a | 1/Evening,8350DB004170,Methodist Church,53.203483770052,-6.10697299154272,3 L15 a | 0,3 L1 a | 1,L15 · direction 0 → L1 · direction 1,Enniskerry,Newtownmountkennedy,Evening,3,3,0,29.0,29.333333333333332,29.8,1.0,1.0,30.0,88.66666666666666,True,3.0,2.0,27.0,3.0,0.0
8220DB000312/1 X31 c | 0/1 74 | 0/Evening,8220DB000312,Wellington Quay,53.3454764728264,-6.2662061554843,1 X31 c | 0,1 74 | 0,X31 · direction 0 → 74 · direction 0,River Forest,Dundrum,Evening,3,3,0,29.0,28.333333333333332,29.0,1.0,1.0,30.0,88.66666666666666,True,3.0,2.0,27.0,2.0,1.0
8250DB003068/3 111 e a | 1/1 7 c a | 1/Evening,8250DB003068,George's St Upper,53.28983,-6.130488,3 111 e a | 1,1 7 c a | 1,111 · direction 1 → 7 · direction 1,Brides Glen Luas,Mountjoy Square,Evening,3,3,0,30.266666666666666,29.41111111111111,30.57333333333333,1.0,0.6666666666666666,30.0,80.0,True,3.0,3.2666666666666666,27.0,3.0,0.0
8250DB003069/3 111 e a | 1/1 7 c a | 1/Evening,8250DB003069,Corrig Avenue,53.290753,-6.132638,3 111 e a | 1,1 7 c a | 1,111 · direction 1 → 7 · direction 1,Brides Glen Luas,Mountjoy Square,Evening,3,3,0,30.283333333333335,29.327777777777783,30.53666666666667,1.0,0.6666666666666666,30.0,80.0,True,3.0,3.283333333333333,27.0,3.0,0.0
8350DB004303/3 L2 a | 0/1 L14 a | 1/Evening,8350DB004303,Briar Wood,53.187324269972,-6.09975367133252,3 L2 a | 0,1 L14 a | 1,L2 · direction 0 → L14 · direction 1,Bray Station,Cherrywood,Evening,6,6,0,30.625,30.666666666666668,31.75,1.0,0.5,30.0,75.0,True,3.0,3.625,27.0,6.0,0.0
8240DB003653/1 142 e a | 1/3 102 d a | 0/Evening,8240DB003653,Feltrim Business Pk,53.448718,-6.204474,1 142 e a | 1,3 102 d a | 0,142 · direction 1 → 102 · direction 0,Coast Road,Sutton Station,Evening,4,4,0,29.716666666666665,26.17083333333333,30.288333333333334,0.75,0.75,30.0,82.12222222222222,True,3.0,3.125,26.591666666666665,3.0,1.0
8220DB000494/1 X31 c | 0/1 7 c a | 1/Evening,8220DB000494,Clare Street,53.341436,-6.251682,1 X31 c | 0,1 7 c a | 1,X31 · direction 0 → 7 · direction 1,River Forest,Mountjoy Square,Evening,3,3,0,28.75,29.166666666666668,29.95,1.0,1.0,30.0,88.33333333333334,True,2.0,2.25,26.5,2.0,1.0
8250DB002035/3 111 e a | 0/1 7 c a | 0/Evening,8250DB002035,Crofton Road,53.295772349365,-6.14266542172264,3 111 e a | 0,1 7 c a | 0,111 · direction 0 → 7 · direction 0,Dalkey,Brides Glen,Evening,3,3,0,29.5,28.333333333333332,30.1,1.0,1.0,30.0,89.33333333333333,True,3.0,3.25,26.25,2.0,1.0
8250DB003068/1 7 c a | 1/3 111 e a | 1/Evening,8250DB003068,George's St Upper,53.28983,-6.130488,1 7 c a | 1,3 111 e a | 1,7 · direction 1 → 111 · direction 1,Mountjoy Square,Brides Glen Luas,Evening,6,6,0,44.55,44.65,60.358333333333334,1.0,0.5,60.0,75.0,True,4.0,18.358333333333334,26.191666666666663,3.0,3.0
8220DB001479/1 39 c a | 1/1 74 | 1/Evening,8220DB001479,Ormond Quay Upr,53.34599,-6.26906,1 39 c a | 1,1 74 | 1,39 · direction 1 → 74 · direction 1,Burlington Road,Eden Quay,Evening,6,6,0,30.541666666666668,29.33055555555556,31.608333333333334,1.0,0.6666666666666666,30.0,80.0,True,5.0,4.358333333333333,26.183333333333334,6.0,0.0
8250DB003069/1 7 c a | 1/3 111 e a | 1/Evening,8250DB003069,Corrig Avenue,53.290753,-6.132638,1 7 c a | 1,3 111 e a | 1,7 · direction 1 → 111 · direction 1,Mountjoy Square,Brides Glen Luas,Evening,6,6,0,44.50833333333333,44.47222222222222,59.849999999999994,1.0,0.5,60.0,75.0,True,4.0,18.349999999999998,26.158333333333335,3.0,3.0
8250DB003070/1 7 c a | 1/3 111 e a | 1/Evening,8250DB003070,Dun Laoghaire SC,53.292115,-6.135819,1 7 c a | 1,3 111 e a | 1,7 · direction 1 → 111 · direction 1,Mountjoy Square,Brides Glen Luas,Evening,6,6,0,44.0,44.0,59.375,1.0,0.5,60.0,75.0,True,4.0,17.875,26.125,3.0,3.0
8240DB000569/1 H3 c a | 1/1 6 c a | 0/Evening,8240DB000569,Thormanby Hill,53.3755367940767,-6.05479868458006,1 H3 c a | 1,1 6 c a | 0,H3 · direction 1 → 6 · direction 0,Abbey St Lower,Howth Station,Evening,6,6,0,41.21666666666667,42.455555555555556,60.93333333333333,1.0,0.5,60.0,75.0,True,4.0,15.091666666666667,26.125,3.0,3.0
8240DB000568/1 H3 c a | 1/1 6 c a | 0/Evening,8240DB000568,Kitestown Road,53.373935,-6.055804,1 H3 c a | 1,1 6 c a | 0,H3 · direction 1 → 6 · direction 0,Abbey St Lower,Howth Station,Evening,6,6,0,41.175,42.4,60.85,1.0,0.5,60.0,75.0,True,4.0,15.05,26.124999999999996,3.0,3.0
8350DB004303/1 L14 a | 1/3 L2 a | 0/Evening,8350DB004303,Briar Wood,53.187324269972,-6.09975367133252,1 L14 a | 1,3 L2 a | 0,L14 · direction 1 → L2 · direction 0,Cherrywood,Bray Station,Evening,6,6,0,29.375,29.166666666666668,30.25,1.0,1.0,30.0,89.16666666666666,True,4.0,3.375,26.0,6.0,0.0
8250DB003255/3 L27 a | 0/3 L26 a | 1/Evening,8250DB003255,Cornelscourt SC,53.2664828488635,-6.16320030317318,3 L27 a | 0,3 L26 a | 1,L27 · direction 0 → L26 · direction 1,Leopardstown Valley,Kilternan,Evening,6,6,0,28.0,27.5,28.5,1.0,1.0,30.0,87.33333333333334,True,4.0,2.0,26.0,6.0,0.0
8250DB003309/3 L27 a | 0/3 L26 a | 1/Evening,8250DB003309,Kerrymount Green,53.266929,-6.165895,3 L27 a | 0,3 L26 a | 1,L27 · direction 0 → L26 · direction 1,Leopardstown Valley,Kilternan,Evening,6,6,0,28.0,27.5,28.5,1.0,1.0,30.0,87.33333333333334,True,4.0,2.0,26.0,6.0,0.0
8250DB003306/3 L27 a | 0/3 L26 a | 1/Evening,8250DB003306,Sycamore Drive,53.2633563372602,-6.16855121909571,3 L27 a | 0,3 L26 a | 1,L27 · direction 0 → L26 · direction 1,Leopardstown Valley,Kilternan,Evening,6,6,0,28.0,27.5,28.5,1.0,1.0,30.0,87.33333333333334,True,4.0,2.0,26.0,6.0,0.0
8250DB004772/3 L27 a | 0/3 L26 a | 1/Evening,8250DB004772,Hainault Road,53.2616818893408,-6.17013681918195,3 L27 a | 0,3 L26 a | 1,L27 · direction 0 → L26 · direction 1,Leopardstown Valley,Kilternan,Evening,6,6,0,28.0,27.5,28.5,1.0,1.0,30.0,87.33333333333334,True,4.0,2.0,26.0,6.0,0.0
8250DB003276/3 L27 a | 0/3 L26 a | 1/Evening,8250DB003276,Glenamuck Rd North,53.25711,-6.170932,3 L27 a | 0,3 L26 a | 1,L27 · direction 0 → L26 · direction 1,Leopardstown Valley,Kilternan,Evening,6,6,0,28.0,27.5,28.5,1.0,1.0,30.0,87.33333333333334,True,4.0,2.0,26.0,6.0,0.0
8250DB007372/3 L27 a | 0/3 L26 a | 1/Evening,8250DB007372,Carrickmines Luas,53.25446,-6.172229,3 L27 a | 0,3 L26 a | 1,L27 · direction 0 → L26 · direction 1,Leopardstown Valley,Kilternan,Evening,6,6,0,28.0,27.5,28.5,1.0,1.0,30.0,87.33333333333334,True,4.0,2.0,26.0,6.0,0.0
8350DB004148/3 L2 a | 0/1 L14 a | 1/Evening,8350DB004148,O'Byrne Road,53.191784,-6.104929,3 L2 a | 0,1 L14 a | 1,L2 · direction 0 → L14 · direction 1,Bray Station,Cherrywood,Evening,6,6,0,30.0,30.0,31.5,1.0,0.6666666666666666,30.0,80.0,True,4.0,4.0,26.0,6.0,0.0
8250DB003135/1 X2 a | 0/1 L14 a | 0/Evening,8250DB003135,Hospital,53.2429290400298,-6.13055525740997,1 X2 a | 0,1 L14 a | 0,X2 · direction 0 → L14 · direction 0,Newcastle,Southern Cross,Evening,3,3,0,29.416666666666668,24.5,29.816666666666666,0.6666666666666666,0.6666666666666666,30.0,79.22222222222223,True,3.0,3.4166666666666665,26.0,2.0,1.0
8240DB002294/3 220 d a | 1/2 105 c a | 0/Morning,8240DB002294,Mill Road,53.390087,-6.370347,3 220 d a | 1,2 105 c a | 0,220 · direction 1 → 105 · direction 0,"Ballymun, DCU Helix","Ashbourne, Drogheda",Morning,3,3,0,29.0,22.333333333333332,29.8,0.6666666666666666,0.6666666666666666,30.0,78.66666666666666,True,3.0,3.0,26.0,2.0,1.0
8240DB003641/1 142 e a | 1/3 102 d a | 0/Evening,8240DB003641,Estuary Road,53.452725,-6.183586,1 142 e a | 1,3 102 d a | 0,142 · direction 1 → 102 · direction 0,Coast Road,Sutton Station,Evening,3,3,0,28.083333333333332,24.416666666666668,29.683333333333334,1.0,0.6666666666666666,29.5,77.11111111111111,True,2.0,2.0833333333333335,26.0,2.0,1.0
8240DB003642/1 142 e a | 1/3 102 d a | 0/Evening,8240DB003642,Seabury,53.455126,-6.1813,1 142 e a | 1,3 102 d a | 0,142 · direction 1 → 102 · direction 0,Coast Road,Sutton Station,Evening,3,3,0,28.066666666666666,24.400000000000002,29.666666666666668,1.0,0.6666666666666666,29.5,77.08888888888889,True,2.0,2.066666666666667,26.0,2.0,1.0
8350DB004304/3 L2 a | 0/1 L14 a | 1/Evening,8350DB004304,St Andrew's NS,53.1893031302232,-6.10265923441766,3 L2 a | 0,1 L14 a | 1,L2 · direction 0 → L14 · direction 1,Bray Station,Cherrywood,Evening,6,6,0,30.041666666666668,30.066666666666674,31.616666666666667,1.0,0.5,30.0,75.0,True,4.0,4.041666666666667,26.0,6.0,0.0
8220DB000842/1 X1 a | 0/1 44 c a | 0/Evening,8220DB000842,Stephen's Grn E,53.337252,-6.256313,1 X1 a | 0,1 44 c a | 0,X1 · direction 0 → 44 · direction 0,Kilcoole,Enniskerry,Evening,4,4,0,38.041666666666664,38.041666666666664,58.49166666666667,1.0,0.5,59.0,75.0,True,4.0,12.041666666666668,25.999999999999996,2.0,2.0
8350DB004304/1 L14 a | 1/3 L2 a | 0/Evening,8350DB004304,St Andrew's NS,53.1893031302232,-6.10265923441766,1 L14 a | 1,3 L2 a | 0,L14 · direction 1 → L2 · direction 0,Cherrywood,Bray Station,Evening,6,6,0,29.833333333333332,29.725000000000005,31.383333333333333,1.0,0.5,30.0,74.77777777777777,True,4.0,3.9583333333333335,25.875,6.0,0.0
8350DB004148/1 L14 a | 1/3 L2 a | 0/Evening,8350DB004148,O'Byrne Road,53.191784,-6.104929,1 L14 a | 1,3 L2 a | 0,L14 · direction 1 → L2 · direction 0,Cherrywood,Bray Station,Evening,6,6,0,29.75,29.75,31.5,1.0,0.8333333333333334,30.0,84.66666666666667,True,4.0,4.0,25.75,6.0,0.0
8350DB004130/3 L15 a | 1/1 L14 a | 0/Morning,8350DB004130,Castle Street,53.2072817956918,-6.11351284781394,3 L15 a | 1,1 L14 a | 0,L15 · direction 1 → L14 · direction 0,Bray Station,Southern Cross,Morning,3,3,0,28.75,27.666666666666668,30.15,1.0,0.6666666666666666,30.0,78.33333333333334,True,6.0,3.0,25.75,3.0,0.0
8250DB005047/1 X2 a | 0/1 L14 a | 0/Evening,8250DB005047,Valley Drive,53.2458119527318,-6.14016983992928,1 X2 a | 0,1 L14 a | 0,X2 · direction 0 → L14 · direction 0,Newcastle,Southern Cross,Evening,3,3,0,28.766666666666666,23.583333333333332,28.926666666666666,0.6666666666666666,0.6666666666666666,30.0,78.35555555555555,True,4.0,3.216666666666667,25.549999999999997,2.0,1.0
8240DB006055/1 142 e a | 1/3 102 d a | 0/Evening,8240DB006055,Waterside,53.452915,-6.197867,1 142 e a | 1,3 102 d a | 0,142 · direction 1 → 102 · direction 0,Coast Road,Sutton Station,Evening,4,4,0,29.0,25.5,29.5,0.75,0.75,30.0,81.16666666666666,True,4.0,3.5,25.5,3.0,1.0
8350DB004130/3 L15 a | 1/1 L14 a | 0/Evening,8350DB004130,Castle Street,53.2072817956918,-6.11351284781394,3 L15 a | 1,1 L14 a | 0,L15 · direction 1 → L14 · direction 0,Bray Station,Southern Cross,Evening,3,3,0,28.5,27.583333333333332,29.1,1.0,0.6666666666666666,30.0,78.0,True,4.0,3.25,25.25,2.0,1.0
8350DB004131/3 L15 a | 1/1 L14 a | 0/Evening,8350DB004131,Dwyer Park,53.206567,-6.111523,3 L15 a | 1,1 L14 a | 0,L15 · direction 1 → L14 · direction 0,Bray Station,Southern Cross,Evening,3,3,0,28.25,27.25,28.85,1.0,0.6666666666666666,30.0,77.66666666666666,True,4.0,3.0,25.25,2.0,1.0
8350DB007294/3 L15 a | 1/1 L14 a | 0/Evening,8350DB007294,Cornerstone Church,53.2047244538976,-6.10925373679264,3 L15 a | 1,1 L14 a | 0,L15 · direction 1 → L14 · direction 0,Bray Station,Southern Cross,Evening,3,3,0,28.5,27.416666666666668,29.3,1.0,1.0,30.0,88.0,True,5.0,3.5,25.0,3.0,0.0
8250DB003134/1 X2 a | 0/1 L14 a | 0/Evening,8250DB003134,Wyattville Road,53.2469068045075,-6.13603133529264,1 X2 a | 0,1 L14 a | 0,X2 · direction 0 → L14 · direction 0,Newcastle,Southern Cross,Evening,3,3,0,29.333333333333332,24.166666666666668,29.53333333333333,0.6666666666666666,0.6666666666666666,30.0,79.11111111111111,True,4.0,4.333333333333333,25.0,2.0,1.0
8240DB007298/3 220 d a | 1/2 105 c a | 0/Morning,8240DB007298,Connolly Hospital,53.3875691042428,-6.37029277862408,3 220 d a | 1,2 105 c a | 0,220 · direction 1 → 105 · direction 0,"Ballymun, DCU Helix","Ashbourne, Drogheda",Morning,3,3,0,28.0,21.333333333333332,28.8,0.6666666666666666,0.6666666666666666,30.0,77.33333333333334,True,4.0,3.0,25.0,2.0,1.0
8240DB003643/1 142 e a | 1/3 102 d a | 0/Evening,8240DB003643,Yellow Walls Rd,53.451238,-6.169179,1 142 e a | 1,3 102 d a | 0,142 · direction 1 → 102 · direction 0,Coast Road,Sutton Station,Evening,3,3,0,27.633333333333333,24.633333333333336,30.03333333333333,1.0,0.6666666666666666,30.0,76.84444444444443,True,2.0,2.6333333333333333,25.0,2.0,1.0
8240DB001073/1 142 e a | 1/3 102 d a | 0/Evening,8240DB001073,Chamley Park,53.450693,-6.187045,1 142 e a | 1,3 102 d a | 0,142 · direction 1 → 102 · direction 0,Coast Road,Sutton Station,Evening,3,3,0,27.5,23.833333333333332,29.1,0.6666666666666666,0.6666666666666666,30.0,76.66666666666666,True,3.0,2.5,25.0,2.0,1.0
8240DB003583/1 142 e a | 1/3 102 d a | 0/Evening,8240DB003583,St Sylvester's Sch,53.449348,-6.163163,1 142 e a | 1,3 102 d a | 0,142 · direction 1 → 102 · direction 0,Coast Road,Sutton Station,Evening,3,3,0,27.0,24.0,29.4,0.6666666666666666,0.6666666666666666,30.0,76.0,True,2.0,2.0,25.0,2.0,1.0
8250DB007639/3 111 e a | 1/1 7 c a | 1/Morning,8250DB007639,Brides Glen Luas,53.2413989701139,-6.14307322913938,3 111 e a | 1,1 7 c a | 1,111 · direction 1 → 7 · direction 1,Brides Glen Luas,Mountjoy Square,Morning,3,3,0,27.0,22.0,27.0,0.6666666666666666,0.6666666666666666,30.0,76.0,True,5.0,2.0,25.0,3.0,0.0
8220DB000496/1 6 c a | 0/1 H2 c a | 0/Morning,8220DB000496,Busáras,53.3494968761341,-6.25222357868164,1 6 c a | 0,1 H2 c a | 0,6 · direction 0 → H2 · direction 0,Howth Station,Malahide,Morning,3,3,0,27.0,26.92222222222222,27.066666666666666,1.0,0.6666666666666666,30.0,76.0,True,5.0,2.0,25.0,2.0,1.0
8220DB000515/1 6 c a | 0/1 H2 c a | 0/Morning,8220DB000515,Five Lamps,53.35439,-6.2472,1 6 c a | 0,1 H2 c a | 0,6 · direction 0 → H2 · direction 0,Howth Station,Malahide,Morning,3,3,0,27.0,26.75,27.2,1.0,0.6666666666666666,30.0,76.0,True,5.0,2.0,25.0,2.0,1.0
8220DB000516/1 6 c a | 0/1 H2 c a | 0/Morning,8220DB000516,Newcomen Bridge,53.35621,-6.244942,1 6 c a | 0,1 H2 c a | 0,6 · direction 0 → H2 · direction 0,Howth Station,Malahide,Morning,3,3,0,27.0,26.75,27.2,1.0,0.6666666666666666,30.0,76.0,True,5.0,2.0,25.0,2.0,1.0
8220DB000519/1 6 c a | 0/1 H2 c a | 0/Morning,8220DB000519,North Strand FS,53.360339,-6.239535,1 6 c a | 0,1 H2 c a | 0,6 · direction 0 → H2 · direction 0,Howth Station,Malahide,Morning,3,3,0,27.0,26.75,27.2,1.0,0.6666666666666666,30.0,76.0,True,5.0,2.0,25.0,2.0,1.0
8240DB003653/1 142 e a | 1/3 102 d a | 1/Evening,8240DB003653,Feltrim Business Pk,53.448718,-6.204474,1 142 e a | 1,3 102 d a | 1,142 · direction 1 → 102 · direction 1,Coast Road,Dublin Airport,Evening,4,4,0,27.625,24.92083333333333,29.416666666666664,0.75,0.75,30.0,79.33333333333333,True,3.0,2.716666666666667,24.90833333333333,3.0,1.0
8220DB007435/1 60 | 1/1 69 c a | 1/Morning,8220DB007435,Memorial Gdns,53.343179,-6.315381,1 60 | 1,1 69 c a | 1,60 · direction 1 → 69 · direction 1,John Rogerson Qy,"Conyngham Rd, Poolbeg St",Morning,4,4,0,31.066666666666666,39.78333333333333,75.68333333333334,0.75,0.5,59.63333333333333,75.0,True,5.0,6.283333333333333,24.78333333333333,2.0,2.0
8220DB002722/1 60 | 1/1 69 c a | 1/Morning,8220DB002722,South Circular Road,53.343437,-6.311391,1 60 | 1,1 69 c a | 1,60 · direction 1 → 69 · direction 1,John Rogerson Qy,"Conyngham Rd, Poolbeg St",Morning,4,4,0,31.25,40.0,75.9,0.75,0.5,59.75,75.0,True,5.0,6.5,24.75,2.0,2.0
8220DB000618/1 53 c a | 1/1 H2 c a | 1/Morning,8220DB000618,Newcomen Bridge,53.355807,-6.245148,1 53 c a | 1,1 H2 c a | 1,53 · direction 1 → H2 · direction 1,Talbot Street,Abbey St Lower,Morning,3,3,0,27.0,26.583333333333332,27.4,1.0,0.6666666666666666,30.0,76.0,True,5.0,2.5,24.5,2.0,1.0
8350DB004136/1 L14 a | 0/3 L2 a | 1/Morning,8350DB004136,O'Byrne Road,53.192253,-6.105013,1 L14 a | 0,3 L2 a | 1,L14 · direction 0 → L2 · direction 1,Southern Cross,Newcastle,Morning,6,6,0,26.5,18.75,27.0,0.6666666666666666,0.6666666666666666,30.0,75.33333333333333,True,5.0,2.0,24.5,4.0,2.0
8220DB000619/1 53 c a | 1/1 H2 c a | 1/Morning,8220DB000619,Five Lamps,53.354198,-6.247095,1 53 c a | 1,1 H2 c a | 1,53 · direction 1 → H2 · direction 1,Talbot Street,Abbey St Lower,Morning,3,3,0,27.366666666666667,27.111111111111114,28.060000000000002,1.0,0.6666666666666666,30.0,76.4888888888889,True,5.0,3.2333333333333334,24.133333333333333,2.0,1.0
8220DB001479/1 74 | 1/1 39 c a | 1/Evening,8220DB001479,Ormond Quay Upr,53.34599,-6.26906,1 74 | 1,1 39 c a | 1,74 · direction 1 → 39 · direction 1,Eden Quay,Burlington Road,Evening,6,6,0,28.708333333333332,20.73611111111111,30.9,0.6666666666666666,0.5,28.35,72.17777777777778,True,4.0,4.641666666666667,24.066666666666666,4.0,2.0
8250DB003255/3 L27 a | 0/3 L26 a | 1/Morning,8250DB003255,Cornelscourt SC,53.2664828488635,-6.16320030317318,3 L27 a | 0,3 L26 a | 1,L27 · direction 0 → L26 · direction 1,Leopardstown Valley,Kilternan,Morning,6,6,0,29.0,28.666666666666668,30.0,1.0,0.8333333333333334,30.0,83.66666666666666,True,5.0,5.0,24.0,5.0,1.0
8350DB004156/1 L14 a | 0/3 L1 a | 0/Evening,8350DB004156,Seymour Road,53.2049673829576,-6.10361400629372,1 L14 a | 0,3 L1 a | 0,L14 · direction 0 → L1 · direction 0,Southern Cross,Bray Station,Evening,7,7,0,28.25,27.571428571428573,29.65,1.0,0.7142857142857143,30.0,79.0952380952381,True,6.0,4.25,24.0,7.0,0.0
8250DB002036/3 L27 a | 1/1 7A c a | 0/Evening,8250DB002036,Crofton Avenue,53.2957927315715,-6.13820878983198,3 L27 a | 1,1 7A c a | 0,L27 · direction 1 → 7A · direction 0,Dun Laoghaire,Loughlinstown Pk,Evening,6,6,0,28.525,24.847222222222225,30.491666666666667,0.8333333333333334,0.6666666666666666,30.0,78.03333333333333,True,3.0,4.525,24.0,3.0,3.0
8240DB003689/3 33A d a | 1/3 33B d a | 1/Morning,8240DB003689,Swords Castle,53.458936,-6.220006,3 33A d a | 1,3 33B d a | 1,33A · direction 1 → 33B · direction 1,"Carlton Court, Dublin Airport",Swords Pavilions,Morning,4,4,0,26.0,26.5,37.4,1.0,0.75,34.0,77.16666666666667,True,1.0,2.0,24.0,3.0,1.0
8350DB004156/3 L15 a | 1/1 L14 a | 0/Evening,8350DB004156,Seymour Road,53.2049673829576,-6.10361400629372,3 L15 a | 1,1 L14 a | 0,L15 · direction 1 → L14 · direction 0,Bray Station,Southern Cross,Evening,3,3,0,27.75,26.666666666666668,28.55,1.0,0.6666666666666666,30.0,77.0,True,6.0,3.75,24.0,3.0,0.0
8260DB003958/1 52 b | 0/1 L59 b | 0/Morning,8260DB003958,Leixlip Main St,53.363601,-6.490812,1 52 b | 0,1 L59 b | 0,52 · direction 0 → L59 · direction 0,Leixlip Intel,Hazelhatch Station,Morning,3,3,0,27.75,27.416666666666668,28.55,1.0,0.6666666666666666,30.0,77.0,True,5.0,3.75,24.0,2.0,1.0
8220DB004962/1 7 c a | 1/1 7A c a | 0/Evening,8220DB004962,Mountjoy Square,53.35704,-6.258495,1 7 c a | 1,1 7A c a | 0,7 · direction 1 → 7A · direction 0,Mountjoy Square,Loughlinstown Pk,Evening,6,6,0,27.75,27.583333333333332,29.0,1.0,0.6666666666666666,30.0,77.0,True,6.0,3.75,24.0,6.0,0.0
8260DB003959/1 52 b | 0/1 L59 b | 0/Morning,8260DB003959,Our Lady's Nativity,53.365668,-6.492933,1 52 b | 0,1 L59 b | 0,52 · direction 0 → L59 · direction 0,Leixlip Intel,Hazelhatch Station,Morning,3,3,0,27.5,27.166666666666668,28.3,1.0,0.6666666666666666,30.0,76.66666666666666,True,5.0,3.5,24.0,2.0,1.0
8240DB003584/1 142 e a | 1/3 102 d a | 0/Evening,8240DB003584,Hanlon's Lane,53.449855,-6.159873,1 142 e a | 1,3 102 d a | 0,142 · direction 1 → 102 · direction 0,Coast Road,Sutton Station,Evening,3,3,0,27.25,23.583333333333332,28.85,0.6666666666666666,0.6666666666666666,29.5,76.0,True,3.0,3.25,24.0,2.0,1.0
8220IR0025/DUB-PORTLAOIS-O | 1/DUB-MAYNOOTH-O | 0/Evening,8220IR0025,Tara Street,53.347264,-6.254359,DUB-PORTLAOIS-O | 1,DUB-MAYNOOTH-O | 0,Commuter · direction 1 → rail · direction 0,Grand Canal Dock,"Longford, Maynooth",Evening,3,3,0,27.0,74.66666666666667,142.20000000000002,1.0,0.6666666666666666,30.0,76.0,True,5.0,3.0,24.0,2.0,1.0
8220DB007453/1 69 c a | 1/1 39 c a | 1/Evening,8220DB007453,Arran Quay,53.3463358924171,-6.27838250402176,1 69 c a | 1,1 39 c a | 1,69 · direction 1 → 39 · direction 1,Poolbeg St,Burlington Road,Evening,3,3,0,26.15,26.255555555555556,28.483333333333334,1.0,0.6666666666666666,28.75,74.03333333333333,True,4.0,2.15,24.0,2.0,1.0
8240DB007166/1 70 c a | 1/2 105 c a | 0/Evening,8240DB007166,Navan Rd Stn,53.377094,-6.345787,1 70 c a | 1,2 105 c a | 0,70 · direction 1 → 105 · direction 0,"Bachelors Walk, Burlington Road","Ashbourne, Drogheda",Evening,4,4,0,26.75,26.875,27.35,1.0,0.5,30.0,70.66666666666667,True,6.0,2.75,24.0,4.0,0.0
8250DB002040/3 L27 a | 0/1 7A c a | 0/Morning,8250DB002040,Dun Laoghaire SC,53.292791187827,-6.13536904926552,3 L27 a | 0,1 7A c a | 0,L27 · direction 0 → 7A · direction 0,Leopardstown Valley,Loughlinstown Pk,Morning,6,6,0,28.0,26.583333333333332,28.25,1.0,0.5,30.0,72.33333333333334,True,6.0,4.125,23.875,4.0,2.0
8230DB003886/3 L52 b a | 0/1 L54 b | 0/Evening,8230DB003886,Primrose Lane,53.35569,-6.454166,3 L52 b a | 0,1 L54 b | 0,L52 · direction 0 → L54 · direction 0,Adamstown Station,River Forest,Evening,3,3,0,25.75,28.333333333333332,33.15,1.0,0.6666666666666666,30.0,74.33333333333333,True,1.0,2.0,23.75,3.0,0.0
8260DB003960/1 52 b | 0/1 L59 b | 0/Morning,8260DB003960,Ryevale Lawns,53.366949,-6.497516,1 52 b | 0,1 L59 b | 0,52 · direction 0 → L59 · direction 0,Leixlip Intel,Hazelhatch Station,Morning,3,3,0,27.166666666666668,27.094444444444445,28.233333333333334,1.0,0.6666666666666666,30.0,76.22222222222223,True,5.0,3.5,23.666666666666668,2.0,1.0
8350DB004208/1 L14 a | 0/3 L2 a | 1/Morning,8350DB004208,Briar Wood,53.187071,-6.099076,1 L14 a | 0,3 L2 a | 1,L14 · direction 0 → L2 · direction 1,Southern Cross,Newcastle,Morning,6,6,0,26.875,19.5,27.875,0.6666666666666666,0.6666666666666666,30.0,75.83333333333334,True,5.0,3.25,23.625,4.0,2.0
8350DB004207/1 L14 a | 0/3 L2 a | 1/Morning,8350DB004207,St Andrew's NS,53.1893993141588,-6.10249036753939,1 L14 a | 0,3 L2 a | 1,L14 · direction 0 → L2 · direction 1,Southern Cross,Newcastle,Morning,6,6,0,26.625,19.25,27.625,0.6666666666666666,0.6666666666666666,30.0,75.5,True,5.0,3.0,23.625,4.0,2.0
8230DB003887/1 L54 b | 0/3 L52 b a | 0/Evening,8230DB003887,Ardeevin Avenue,53.355229,-6.458779,1 L54 b | 0,3 L52 b a | 0,L54 · direction 0 → L52 · direction 0,River Forest,Adamstown Station,Evening,6,6,0,40.75,43.333333333333336,60.125,1.0,0.5,60.0,75.0,True,3.0,17.125,23.625,3.0,3.0
8230DB003888/1 L54 b | 0/3 L52 b a | 0/Evening,8230DB003888,Old Cornmill Road,53.355154,-6.462718,1 L54 b | 0,3 L52 b a | 0,L54 · direction 0 → L52 · direction 0,River Forest,Adamstown Station,Evening,6,6,0,41.016666666666666,43.599999999999994,60.391666666666666,1.0,0.5,59.0,75.0,True,3.0,17.391666666666666,23.625,3.0,3.0
8220DB001479/1 74 | 1/1 70 c a | 1/Evening,8220DB001479,Ormond Quay Upr,53.34599,-6.26906,1 74 | 1,1 70 c a | 1,74 · direction 1 → 70 · direction 1,Eden Quay,"Bachelors Walk, Burlington Road",Evening,6,6,0,29.84166666666667,35.544444444444444,60.25833333333334,0.8333333333333334,0.5,40.0,74.78888888888889,True,4.0,6.266666666666667,23.575000000000003,3.0,3.0
8250DB003309/3 L27 a | 0/3 L26 a | 1/Morning,8250DB003309,Kerrymount Green,53.266929,-6.165895,3 L27 a | 0,3 L26 a | 1,L27 · direction 0 → L26 · direction 1,Leopardstown Valley,Kilternan,Morning,6,6,0,28.5,28.5,30.0,1.0,0.8333333333333334,30.0,83.0,True,5.0,5.0,23.5,5.0,1.0
8250DB003306/3 L27 a | 0/3 L26 a | 1/Morning,8250DB003306,Sycamore Drive,53.2633563372602,-6.16855121909571,3 L27 a | 0,3 L26 a | 1,L27 · direction 0 → L26 · direction 1,Leopardstown Valley,Kilternan,Morning,6,6,0,28.5,28.5,30.0,1.0,0.8333333333333334,30.0,83.0,True,5.0,5.0,23.5,5.0,1.0
8230DB003886/3 L52 b a | 0/1 C3 c | 0/Morning,8230DB003886,Primrose Lane,53.35569,-6.454166,3 L52 b a | 0,1 C3 c | 0,L52 · direction 0 → C3 · direction 0,Adamstown Station,Maynooth,Morning,3,3,0,26.25,20.166666666666668,28.25,0.6666666666666666,0.6666666666666666,28.5,74.0,True,4.0,2.75,23.5,2.0,1.0
8230DB003887/3 L52 b a | 0/1 C3 c | 0/Morning,8230DB003887,Ardeevin Avenue,53.355229,-6.458779,3 L52 b a | 0,1 C3 c | 0,L52 · direction 0 → C3 · direction 0,Adamstown Station,Maynooth,Morning,3,3,0,26.0,19.916666666666668,28.0,0.6666666666666666,0.6666666666666666,28.5,73.66666666666667,True,4.0,2.5,23.5,2.0,1.0
8230DB003888/3 L52 b a | 0/1 C3 c | 0/Morning,8230DB003888,Old Cornmill Road,53.355154,-6.462718,3 L52 b a | 0,1 C3 c | 0,L52 · direction 0 → C3 · direction 0,Adamstown Station,Maynooth,Morning,3,3,0,26.733333333333334,20.01111111111111,28.0,0.6666666666666666,0.6666666666666666,28.5,74.64444444444445,True,4.0,3.316666666666667,23.416666666666668,2.0,1.0
8250DB003033/3 L26 a | 0/1 7 c a | 0/Evening,8250DB003033,Blackrock Main St,53.3019932534255,-6.17827152157678,3 L26 a | 0,1 7 c a | 0,L26 · direction 0 → 7 · direction 0,Blackrock,Brides Glen,Evening,6,6,0,27.0,25.916666666666668,28.625,1.0,0.6666666666666666,30.0,76.0,True,5.0,3.625,23.375,4.0,2.0
8220DB000793/1 44 c a | 1/1 39 c a | 0/Evening,8220DB000793,Dawson Street,53.3408597860288,-6.25840386924731,1 44 c a | 1,1 39 c a | 0,44 · direction 1 → 39 · direction 0,DCU,Ongar,Evening,3,3,0,27.516666666666666,19.711111111111112,29.05,0.6666666666666666,0.6666666666666666,30.0,76.68888888888888,True,2.0,4.183333333333334,23.333333333333332,1.0,2.0
8220DB000793/1 44 c a | 1/1 38A c a | 0/Evening,8220DB000793,Dawson Street,53.3408597860288,-6.25840386924731,1 44 c a | 1,1 38A c a | 0,44 · direction 1 → 38A · direction 0,DCU,Damastown,Evening,3,3,0,26.466666666666665,24.849999999999998,27.226666666666667,1.0,1.0,29.783333333333335,85.14444444444445,True,5.0,3.15,23.316666666666666,3.0,0.0
8250DB002040/1 7A c a | 0/3 L27 a | 0/Evening,8250DB002040,Dun Laoghaire SC,53.292791187827,-6.13536904926552,1 7A c a | 0,3 L27 a | 0,7A · direction 0 → L27 · direction 0,Loughlinstown Pk,Leopardstown Valley,Evening,6,6,0,27.25,27.791666666666668,29.625,1.0,0.6666666666666666,30.0,76.33333333333334,True,6.0,4.125,23.125,5.0,1.0
8350DB004170/1 L14 a | 1/3 L1 a | 1/Evening,8350DB004170,Methodist Church,53.203483770052,-6.10697299154272,1 L14 a | 1,3 L1 a | 1,L14 · direction 1 → L1 · direction 1,Cherrywood,Newtownmountkennedy,Evening,6,6,0,26.833333333333336,26.772222222222222,27.85,1.0,0.5,30.0,70.77777777777777,True,7.0,3.833333333333333,23.000000000000004,6.0,0.0
8220B135001/2 133 e | 1/2 111 d | 0/Evening,8220B135001,Dublin Busáras,53.34981,-6.25203,2 133 e | 1,2 111 d | 0,133 · direction 1 → 111 · direction 0,Dublin,"Athboy, Delvin",Evening,3,3,0,27.0,39.833333333333336,77.8,0.6666666666666666,0.6666666666666666,60.0,76.0,True,2.0,4.0,23.0,1.0,2.0
8220DB001443/1 69 c a | 0/1 39 c a | 0/Evening,8220DB001443,Wood Quay,53.345129,-6.26954,1 69 c a | 0,1 39 c a | 0,69 · direction 0 → 39 · direction 0,Rathcoole,Ongar,Evening,3,3,0,25.5,21.666666666666668,27.1,0.6666666666666666,0.6666666666666666,30.0,74.0,True,5.0,2.5,23.0,3.0,0.0
8350DB004156/3 L15 a | 1/3 L1 a | 0/Evening,8350DB004156,Seymour Road,53.2049673829576,-6.10361400629372,3 L15 a | 1,3 L1 a | 0,L15 · direction 1 → L1 · direction 0,Bray Station,Bray Station,Evening,3,3,0,25.0,24.333333333333332,26.6,1.0,0.6666666666666666,30.0,73.33333333333334,True,5.0,2.0,23.0,2.0,1.0
8220DB000281/1 7B c a | 1/1 7A c a | 1/Morning,8220DB000281,O'Connell St Upper,53.351343,-6.261116,1 7B c a | 1,1 7A c a | 1,7B · direction 1 → 7A · direction 1,Mountjoy Square,Mountjoy Square,Morning,5,5,0,26.0,29.25,41.95,1.0,0.6,30.0,72.66666666666667,True,2.0,3.0,23.0,3.0,2.0
8230DB003887/3 L52 b a | 0/1 L54 b | 0/Evening,8230DB003887,Ardeevin Avenue,53.355229,-6.458779,3 L52 b a | 0,1 L54 b | 0,L52 · direction 0 → L54 · direction 0,Adamstown Station,River Forest,Evening,3,3,0,25.5,28.083333333333332,32.9,1.0,1.0,30.0,84.0,True,2.0,2.75,22.75,3.0,0.0
8230DB002213/1 52 b | 0/3 W4 a | 0/Evening,8230DB002213,Liffey Valley SC,53.355778,-6.392073,1 52 b | 0,3 W4 a | 0,52 · direction 0 → W4 · direction 0,Leixlip Intel,The Square,Evening,3,3,0,25.0,22.666666666666668,25.2,1.0,1.0,28.0,82.0,True,5.0,2.25,22.75,3.0,0.0
8250DB002035/3 L27 a | 1/1 7A c a | 0/Evening,8250DB002035,Crofton Road,53.295772349365,-6.14266542172264,3 L27 a | 1,1 7A c a | 0,L27 · direction 1 → 7A · direction 0,Dun Laoghaire,Loughlinstown Pk,Evening,6,6,0,27.5,23.916666666666668,29.75,0.8333333333333334,0.5,30.0,71.66666666666666,True,6.0,4.75,22.75,4.0,2.0
8220DB000320/1 7B c a | 1/1 11 c a | 1/Morning,8220DB000320,Westmoreland Street,53.3456456323889,-6.25930523253448,1 7B c a | 1,1 11 c a | 1,7B · direction 1 → 11 · direction 1,Mountjoy Square,"Parnell Square, Phoenix Pk",Morning,5,5,0,25.233333333333334,19.89,25.433333333333334,0.8,0.6,21.125,65.72777777777777,True,2.0,2.566666666666667,22.666666666666668,3.0,2.0
8230DB003886/1 L54 b | 0/3 L52 b a | 0/Evening,8230DB003886,Primrose Lane,53.35569,-6.454166,1 L54 b | 0,3 L52 b a | 0,L54 · direction 0 → L52 · direction 0,River Forest,Adamstown Station,Evening,6,6,0,40.5,43.083333333333336,59.875,1.0,0.5,60.0,75.0,True,4.0,17.875,22.625,3.0,3.0
8230DB003888/3 L52 b a | 0/1 L54 b | 0/Evening,8230DB003888,Old Cornmill Road,53.355154,-6.462718,3 L52 b a | 0,1 L54 b | 0,L52 · direction 0 → L54 · direction 0,Adamstown Station,River Forest,Evening,3,3,0,25.066666666666666,27.76111111111111,32.6,1.0,1.0,30.0,83.42222222222222,True,2.0,2.4833333333333334,22.583333333333332,3.0,0.0
8250DB002036/1 7A c a | 0/3 L27 a | 1/Evening,8250DB002036,Crofton Avenue,53.2957927315715,-6.13820878983198,1 7A c a | 0,3 L27 a | 1,7A · direction 0 → L27 · direction 1,Loughlinstown Pk,Dun Laoghaire,Evening,6,6,0,26.008333333333333,19.422222222222228,29.475,0.6666666666666666,0.5,30.0,69.67777777777778,True,2.0,3.4749999999999996,22.53333333333333,3.0,3.0
8250DB004772/3 L27 a | 0/3 L26 a | 1/Morning,8250DB004772,Hainault Road,53.2616818893408,-6.17013681918195,3 L27 a | 0,3 L26 a | 1,L27 · direction 0 → L26 · direction 1,Leopardstown Valley,Kilternan,Morning,6,6,0,28.0,23.5,28.5,0.8333333333333334,0.5,30.0,72.33333333333334,True,6.0,5.5,22.5,4.0,2.0
8350DB004303/3 L2 a | 0/1 L14 a | 1/Morning,8350DB004303,Briar Wood,53.187324269972,-6.09975367133252,3 L2 a | 0,1 L14 a | 1,L2 · direction 0 → L14 · direction 1,Bray Station,Cherrywood,Morning,5,5,0,27.25,17.65,28.3,0.6,0.4,30.0,68.33333333333334,True,6.0,5.0,22.25,3.0,2.0
8240DB003585/1 142 e a | 1/3 102 d a | 0/Evening,8240DB003585,Malahide Stn,53.450633,-6.154991,1 142 e a | 1,3 102 d a | 0,142 · direction 1 → 102 · direction 0,Coast Road,Sutton Station,Evening,3,3,0,26.75,23.083333333333332,28.35,0.6666666666666666,0.6666666666666666,29.5,75.33333333333334,True,4.0,4.75,22.0,2.0,1.0
8240DB003705/1 41X c a | 1/3 102 d a | 1/Morning,8240DB003705,Brookdale,53.452813,-6.244159,1 41X c a | 1,3 102 d a | 1,41X · direction 1 → 102 · direction 1,UCD,Dublin Airport,Morning,3,3,0,25.666666666666668,25.755555555555556,33.666666666666664,1.0,0.6666666666666666,30.0,74.22222222222223,True,3.0,3.6666666666666665,22.0,2.0,1.0
8240DB006015/1 41X c a | 1/3 102 d a | 1/Morning,8240DB006015,Cherry Park,53.448336,-6.238577,1 41X c a | 1,3 102 d a | 1,41X · direction 1 → 102 · direction 1,UCD,Dublin Airport,Morning,3,3,0,24.583333333333332,24.794444444444448,32.583333333333336,1.0,0.6666666666666666,29.5,72.44444444444444,True,3.0,2.5833333333333335,22.0,2.0,1.0
8350DB004156/3 L1 a | 0/1 L14 a | 0/Evening,8350DB004156,Seymour Road,53.2049673829576,-6.10361400629372,3 L1 a | 0,1 L14 a | 0,L1 · direction 0 → L14 · direction 0,Bray Station,Southern Cross,Evening,7,7,0,26.5,18.678571428571427,31.75,0.5714285714285714,0.42857142857142855,30.0,68.19047619047618,True,2.0,4.5,22.0,3.0,4.0
8230DB002214/1 52 b | 0/3 W4 a | 0/Evening,8230DB002214,Clayton Hotel,53.35609,-6.399933,1 52 b | 0,3 W4 a | 0,52 · direction 0 → W4 · direction 0,Leixlip Intel,The Square,Evening,3,3,0,24.75,22.333333333333332,24.95,1.0,0.6666666666666666,28.0,71.66666666666667,True,6.0,3.0,21.75,3.0,0.0
8220DB000220/3 104 d a | 0/1 33 c a | 0/Evening,8220DB000220,Shantalla Br,53.38794,-6.244981,3 104 d a | 0,1 33 c a | 0,104 · direction 0 → 33 · direction 0,DCU Helix,"Balbriggan, Skerries",Evening,3,3,0,24.5,23.333333333333332,29.3,0.6666666666666666,0.6666666666666666,42.25,72.66666666666666,True,6.0,3.0,21.5,3.0,0.0
8350DB004304/3 L2 a | 0/1 L14 a | 1/Morning,8350DB004304,St Andrew's NS,53.1893031302232,-6.10265923441766,3 L2 a | 0,1 L14 a | 1,L2 · direction 0 → L14 · direction 1,Bray Station,Cherrywood,Morning,5,5,0,27.216666666666665,17.576666666666664,27.606666666666666,0.6,0.4,30.0,68.28888888888889,True,8.0,5.866666666666666,21.349999999999998,3.0,2.0
8220DB007569/1 27A c a | 1/1 H3 c a | 1/Morning,8220DB007569,Talbot St West,53.350451,-6.25597,1 27A c a | 1,1 H3 c a | 1,27A · direction 1 → H3 · direction 1,Eden Quay,Abbey St Lower,Morning,5,5,0,27.2,22.973333333333336,28.2,0.8,0.4,30.0,68.26666666666667,True,4.0,5.95,21.25,3.0,2.0
8240DB003599/1 H2 c a | 0/3 102 d a | 1/Evening,8240DB003599,Portmarnock Village,53.421646,-6.136475,1 H2 c a | 0,3 102 d a | 1,H2 · direction 0 → 102 · direction 1,Malahide,Dublin Airport,Evening,5,5,0,26.5,21.95,26.75,0.8,0.4,30.0,67.33333333333333,True,6.0,5.25,21.25,3.0,2.0
8220DB000080/2 111 d | 1/1 38 c a | 1/Morning,8220DB000080,Phibsborough Church,53.360863,-6.276054,2 111 d | 1,1 38 c a | 1,111 · direction 1 → 38 · direction 1,"Dublin, U C D Belfield","Burlington Road, Parnell Sq",Morning,5,5,0,24.5,20.8,27.5,0.8,0.6,30.0,70.66666666666666,True,2.0,3.75,20.75,3.0,2.0
8350DB004148/3 L2 a | 0/1 L14 a | 1/Morning,8350DB004148,O'Byrne Road,53.191784,-6.104929,3 L2 a | 0,1 L14 a | 1,L2 · direction 0 → L14 · direction 1,Bray Station,Cherrywood,Morning,5,5,0,27.25,17.75,27.55,0.6,0.4,30.0,68.33333333333334,True,9.0,6.75,20.5,3.0,2.0
8220DB000620/1 27A c a | 1/1 H3 c a | 1/Morning,8220DB000620,Talbot St East,53.350961,-6.25278,1 27A c a | 1,1 H3 c a | 1,27A · direction 1 → H3 · direction 1,Eden Quay,Abbey St Lower,Morning,5,5,0,26.4,22.18333333333333,27.4,0.8,0.4,30.0,67.2,True,5.0,6.15,20.25,3.0,2.0
8220DB000015/1 33 c a | 0/2 109X d | 0/Evening,8220DB000015,Dorset Street Lwr,53.360267,-6.260978,1 33 c a | 0,2 109X d | 0,33 · direction 0 → 109X · direction 0,"Balbriggan, Skerries",Cavan,Evening,7,7,0,27.0,30.928571428571427,54.65,0.7142857142857143,0.42857142857142855,60.0,68.85714285714286,True,8.0,7.0,20.0,4.0,3.0
8220DB001476/1 69 c a | 1/1 C1 c | 1/Evening,8220DB001476,Sarsfield Quay,53.347074,-6.284676,1 69 c a | 1,1 C1 c | 1,69 · direction 1 → C1 · direction 1,Poolbeg St,Sandymount,Evening,3,3,0,24.75,21.583333333333332,28.95,0.6666666666666666,0.6666666666666666,22.375,67.91666666666667,True,5.0,4.75,20.0,2.0,1.0
8240DB000943/3 102 d a | 1/1 H2 c a | 0/Evening,8240DB000943,Portmarnock Br,53.418248,-6.142176,3 102 d a | 1,1 H2 c a | 0,102 · direction 1 → H2 · direction 0,Dublin Airport,Malahide,Evening,7,7,0,25.75,18.464285714285715,31.15,0.5714285714285714,0.42857142857142855,30.0,67.19047619047618,True,2.0,5.75,20.0,2.0,5.0
8220DB000619/1 27A c a | 1/1 H3 c a | 1/Morning,8220DB000619,Five Lamps,53.354198,-6.247095,1 27A c a | 1,1 H3 c a | 1,27A · direction 1 → H3 · direction 1,Eden Quay,Abbey St Lower,Morning,5,5,0,26.083333333333332,21.99,27.333333333333332,0.8,0.4,30.0,66.77777777777777,True,5.0,6.083333333333333,20.0,3.0,2.0
8350DB004156/3 L15 a | 1/3 45A d a | 0/Morning,8350DB004156,Seymour Road,53.2049673829576,-6.10361400629372,3 L15 a | 1,3 45A d a | 0,L15 · direction 1 → 45A · direction 0,Bray Station,Dun Laoghaire,Morning,3,3,0,24.0,24.0,38.4,0.6666666666666666,0.6666666666666666,20.0,65.33333333333333,True,5.0,4.0,20.0,2.0,1.0
8240DB001813/3 220 d a | 0/1 38A c a | 0/Evening,8240DB001813,Blanchardstown Vlge,53.38568,-6.374108,3 220 d a | 0,1 38A c a | 0,220 · direction 0 → 38A · direction 0,Mulhuddart,Damastown,Evening,3,3,0,22.283333333333335,27.438888888888886,36.163333333333334,1.0,0.6666666666666666,30.0,69.71111111111111,True,2.0,2.4,19.883333333333336,2.0,1.0
8350DB004303/1 L14 a | 1/3 L2 a | 0/Morning,8350DB004303,Briar Wood,53.187324269972,-6.09975367133252,1 L14 a | 1,3 L2 a | 0,L14 · direction 1 → L2 · direction 0,Cherrywood,Bray Station,Morning,6,6,0,26.625,20.916666666666668,32.75,0.6666666666666666,0.5,30.0,70.5,True,5.0,6.875,19.75,3.0,3.0
8230DB002242/1 52 b | 1/1 C2 c | 1/Evening,8230DB002242,The Oval,53.3539273217399,-6.36700981772817,1 52 b | 1,1 C2 c | 1,52 · direction 1 → C2 · direction 1,Ringsend Road,Sandymount,Evening,3,3,0,23.0,19.5,24.6,0.6666666666666666,0.6666666666666666,23.5,66.33333333333334,True,3.0,3.25,19.75,2.0,1.0
8220DB007435/1 52 b | 1/1 C2 c | 1/Evening,8220DB007435,Memorial Gdns,53.343179,-6.315381,1 52 b | 1,1 C2 c | 1,52 · direction 1 → C2 · direction 1,Ringsend Road,Sandymount,Evening,3,3,0,23.0,19.333333333333332,24.4,0.6666666666666666,0.6666666666666666,23.375,66.25,True,3.0,3.25,19.75,2.0,1.0
8220DB002722/1 52 b | 1/1 C2 c | 1/Evening,8220DB002722,South Circular Road,53.343437,-6.311391,1 52 b | 1,1 C2 c | 1,52 · direction 1 → C2 · direction 1,Ringsend Road,Sandymount,Evening,3,3,0,23.0,19.333333333333332,24.4,0.6666666666666666,0.6666666666666666,23.25,66.16666666666667,True,3.0,3.25,19.75,2.0,1.0
8230DB002241/1 52 b | 1/1 C2 c | 1/Evening,8230DB002241,Palmerstown R148,53.354929,-6.371268,1 52 b | 1,1 C2 c | 1,52 · direction 1 → C2 · direction 1,Ringsend Road,Sandymount,Evening,3,3,0,22.75,19.416666666666668,24.55,0.6666666666666666,0.6666666666666666,23.625,66.08333333333333,True,3.0,3.0,19.75,2.0,1.0
8230DB007119/1 L53 c | 0/1 C1 c | 1/Evening,8230DB007119,Castlegate Drive,53.337813,-6.459708,1 L53 c | 0,1 C1 c | 1,L53 · direction 0 → C1 · direction 1,Liffey Valley SC,Sandymount,Evening,7,7,0,24.1,21.97142857142857,30.31666666666667,0.8571428571428571,0.42857142857142855,24.75,61.49047619047619,True,3.0,4.35,19.75,4.0,3.0
8220DB000784/1 39 c a | 0/1 38A c a | 0/Evening,8220DB000784,Fitzwilliam Street,53.336457,-6.248657,1 39 c a | 0,1 38A c a | 0,39 · direction 0 → 38A · direction 0,Ongar,Damastown,Evening,8,8,0,22.758333333333333,17.81458333333333,27.93,0.625,0.625,30.0,69.09444444444445,True,5.0,3.125,19.633333333333333,5.0,3.0
8220DB000783/1 39 c a | 0/1 38A c a | 0/Evening,8220DB000783,Baggot St Lower,53.335308,-6.246978,1 39 c a | 0,1 38A c a | 0,39 · direction 0 → 38A · direction 0,Ongar,Damastown,Evening,8,8,0,22.75,17.8125,28.0,0.625,0.625,30.0,69.08333333333333,True,5.0,3.125,19.625,5.0,3.0
8240DB001814/3 220 d a | 0/1 38A c a | 0/Evening,8240DB001814,Ramor Park,53.3875618067808,-6.37899788575985,3 220 d a | 0,1 38A c a | 0,220 · direction 0 → 38A · direction 0,Mulhuddart,Damastown,Evening,3,3,0,23.383333333333333,27.833333333333332,36.06333333333333,1.0,1.0,30.0,81.17777777777778,True,3.0,3.8833333333333333,19.5,2.0,1.0
8220DB000785/1 39 c a | 0/1 38A c a | 0/Evening,8220DB000785,Pembroke St Lwr,53.337106,-6.251859,1 39 c a | 0,1 38A c a | 0,39 · direction 0 → 38A · direction 0,Ongar,Damastown,Evening,8,8,0,22.75,17.8125,28.0,0.625,0.625,30.0,69.08333333333333,True,5.0,3.25,19.5,5.0,3.0
8220DB001665/1 38A c a | 0/1 70 c a | 0/Morning,8220DB001665,Kempton,53.370658,-6.327702,1 38A c a | 0,1 70 c a | 0,38A · direction 0 → 70 · direction 0,Damastown,Dunboyne,Morning,3,3,0,22.25,16.416666666666668,24.25,0.6666666666666666,0.6666666666666666,28.75,68.83333333333334,True,5.0,2.75,19.5,2.0,1.0
8240DB007167/1 38A c a | 0/1 70 c a | 0/Morning,8240DB007167,Navan Rd Stn,53.375866,-6.344783,1 38A c a | 0,1 70 c a | 0,38A · direction 0 → 70 · direction 0,Damastown,Dunboyne,Morning,3,3,0,22.0,16.083333333333332,23.8,0.6666666666666666,0.6666666666666666,28.5,68.33333333333333,True,5.0,2.5,19.5,2.0,1.0
8220DB000614/1 27A c a | 1/1 H3 c a | 1/Morning,8220DB000614,Fairview,53.363284,-6.234544,1 27A c a | 1,1 H3 c a | 1,27A · direction 1 → H3 · direction 1,Eden Quay,Abbey St Lower,Morning,5,5,0,25.75,21.5,27.25,0.8,0.4,30.0,66.33333333333333,True,5.0,6.25,19.5,3.0,2.0
8310DB003338/2 109 d | 1/2 105 c a | 1/Evening,8310DB003338,Clonee Village,53.410601,-6.442067,2 109 d | 1,2 105 c a | 1,109 · direction 1 → 105 · direction 1,"Dublin, U C D Belfield",Parkway Station,Evening,5,5,0,25.0,27.3,32.4,1.0,0.4,30.0,65.33333333333334,True,4.0,5.5,19.5,3.0,2.0
8240B1342501/2 109A c b | 0/2 103 c a | 0/Morning,8240B1342501,Ward Cross,53.4438249062376,-6.34096736533977,2 109A c b | 0,2 103 c a | 0,109A · direction 0 → 103 · direction 0,Kells,Ratoath,Morning,3,3,0,21.5,20.666666666666668,22.3,1.0,0.6666666666666666,20.0,62.0,True,1.0,2.0,19.5,3.0,0.0
8240B1009301/2 109A c b | 0/2 103 c a | 0/Morning,8240B1009301,Coolquay,53.4587810772361,-6.35073013356082,2 109A c b | 0,2 103 c a | 0,109A · direction 0 → 103 · direction 0,Kells,Ratoath,Morning,3,3,0,21.5,20.666666666666668,22.3,1.0,0.6666666666666666,20.0,62.0,True,1.0,2.0,19.5,3.0,0.0
8230DB003368/1 L53 c | 0/1 C1 c | 1/Evening,8230DB003368,Finnstown Abbey,53.3445579030412,-6.44958211522962,1 L53 c | 0,1 C1 c | 1,L53 · direction 0 → C1 · direction 1,Liffey Valley SC,Sandymount,Evening,6,6,0,23.625,24.125,29.25,1.0,0.6666666666666666,24.25,67.66666666666667,True,4.0,4.25,19.375,4.0,2.0
8220DB000399/1 56A c a | 0/1 C4 c | 0/Morning,8220DB000399,Pearse Street,53.343867,-6.248309,1 56A c a | 0,1 C4 c | 0,56A · direction 0 → C4 · direction 0,The Square,Maynooth,Morning,3,3,0,22.966666666666665,19.344444444444445,23.286666666666665,0.6666666666666666,0.6666666666666666,29.25,70.12222222222222,True,4.0,3.6166666666666667,19.349999999999998,2.0,1.0
8220DB000786/1 39 c a | 0/1 38A c a | 0/Evening,8220DB000786,Leeson Street Lwr,53.33513,-6.25612,1 39 c a | 0,1 38A c a | 0,39 · direction 0 → 38A · direction 0,Ongar,Damastown,Evening,8,8,0,22.733333333333334,17.75,28.113333333333333,0.625,0.625,29.933333333333334,69.01666666666667,True,5.0,3.433333333333333,19.3,5.0,3.0
8220DB001666/1 38A c a | 0/1 70 c a | 0/Morning,8220DB001666,Ashtown Roundabout,53.371597,-6.330596,1 38A c a | 0,1 70 c a | 0,38A · direction 0 → 70 · direction 0,Damastown,Dunboyne,Morning,3,3,0,22.0,16.166666666666668,24.0,0.6666666666666666,0.6666666666666666,28.75,68.5,True,5.0,2.75,19.25,2.0,1.0
8220DB001807/1 38A c a | 0/1 70 c a | 0/Morning,8220DB001807,Old Racecourse,53.374415,-6.339263,1 38A c a | 0,1 70 c a | 0,38A · direction 0 → 70 · direction 0,Damastown,Dunboyne,Morning,3,3,0,22.0,16.166666666666668,24.0,0.6666666666666666,0.6666666666666666,28.5,68.33333333333333,True,5.0,2.75,19.25,2.0,1.0
8220DB000616/1 27A c a | 1/1 H3 c a | 1/Morning,8220DB000616,North Strand FS,53.359845,-6.239555,1 27A c a | 1,1 H3 c a | 1,27A · direction 1 → H3 · direction 1,Eden Quay,Abbey St Lower,Morning,5,5,0,25.75,21.25,26.5,0.8,0.4,30.0,66.33333333333333,True,6.0,6.5,19.25,3.0,2.0
8220DB000618/1 27A c a | 1/1 H3 c a | 1/Morning,8220DB000618,Newcomen Bridge,53.355807,-6.245148,1 27A c a | 1,1 H3 c a | 1,27A · direction 1 → H3 · direction 1,Eden Quay,Abbey St Lower,Morning,5,5,0,25.75,21.45,26.75,0.8,0.4,30.0,66.33333333333333,True,6.0,6.5,19.25,3.0,2.0
8220DB000398/1 56A c a | 0/1 C4 c | 0/Morning,8220DB000398,Erne Street,53.3432949350358,-6.24547844686789,1 56A c a | 0,1 C4 c | 0,56A · direction 0 → C4 · direction 0,The Square,Maynooth,Morning,3,3,0,22.766666666666666,19.083333333333332,22.94,0.6666666666666666,0.6666666666666666,29.383333333333333,69.94444444444444,True,4.0,3.683333333333333,19.083333333333332,2.0,1.0
8220DB007856/1 52 b | 1/1 23 a | 1/Morning,8220DB007856,Inns Quay,53.345623,-6.273184,1 52 b | 1,1 23 a | 1,52 · direction 1 → 23 · direction 1,Ringsend Road,Merrion Square,Morning,3,3,0,22.0,20.416666666666668,22.2,1.0,1.0,20.0,72.66666666666666,True,2.0,3.0,19.0,2.0,1.0
8230DB004623/1 C1 c | 1/1 L53 c | 0/Evening,8230DB004623,Balgaddy Road,53.3404183668915,-6.43063001958678,1 C1 c | 1,1 L53 c | 0,C1 · direction 1 → L53 · direction 0,Sandymount,Liffey Valley SC,Evening,7,7,0,24.0,23.214285714285715,33.1,0.8571428571428571,0.5714285714285714,30.0,69.14285714285714,True,4.0,5.0,19.0,4.0,3.0
8230DB002239/03C 120 e a | 1/3 W4 a | 1/Morning,8230DB002239,Liffey Valley SC,53.356169,-6.391727,03C 120 e a | 1,3 W4 a | 1,120 · direction 1 → W4 · direction 1,Dublin,Blanchardstown,Morning,5,5,0,24.0,18.8,28.8,0.6,0.6,25.0,66.66666666666667,True,4.0,5.0,19.0,3.0,2.0
8220DB007883/1 52 b | 1/1 23 a | 1/Morning,8220DB007883,Ormond Quay Upr,53.346058,-6.268496,1 52 b | 1,1 23 a | 1,52 · direction 1 → 23 · direction 1,Ringsend Road,Merrion Square,Morning,3,3,0,22.666666666666668,21.066666666666666,22.746666666666666,1.0,0.6666666666666666,20.0,63.55555555555556,True,2.0,3.6666666666666665,19.0,2.0,1.0
8220DB000795/1 38B c a | 0/1 11 c a | 1/Morning,8220DB000795,Berkeley Road,53.35874,-6.269724,1 38B c a | 0,1 11 c a | 1,38B · direction 0 → 11 · direction 1,Damastown,Phoenix Pk,Morning,3,3,0,21.0,21.0,21.0,1.0,0.6666666666666666,20.0,61.33333333333333,True,1.0,2.0,19.0,2.0,1.0
8240IR0020/BRAY-HOWTH-I | 0/DUB-DRO/DUN-O | 1/Evening,8240IR0020,Malahide,53.450686,-6.156293,BRAY-HOWTH-I | 0,DUB-DRO/DUN-O | 1,DART · direction 0 → rail · direction 1,Malahide,"Bray (Daly), Dublin Connolly, Dublin Pearse, Dun Laoghaire (Mallin), Grand Canal Dock",Evening,9,9,0,22.0,28.555555555555557,42.800000000000004,0.8888888888888888,0.5555555555555556,21.0,60.0,True,2.0,3.0,19.0,6.0,3.0
8220DB000817/2 111 d | 1/1 38 c a | 1/Morning,8220DB000817,Mater Hospital,53.359646,-6.269612,2 111 d | 1,1 38 c a | 1,111 · direction 1 → 38 · direction 1,"Dublin, U C D Belfield","Burlington Road, Parnell Sq",Morning,5,5,0,23.866666666666667,20.366666666666667,27.46666666666667,0.8,0.4,30.0,63.82222222222222,True,3.0,4.916666666666667,18.95,3.0,2.0
8240DB004387/1 H2 c a | 0/3 102 d a | 1/Evening,8240DB004387,Malahide Village,53.450865,-6.152572,1 H2 c a | 0,3 102 d a | 1,H2 · direction 0 → 102 · direction 1,Malahide,Dublin Airport,Evening,6,6,0,24.0,25.666666666666668,29.375,1.0,0.5,30.0,67.0,True,9.0,5.125,18.875,6.0,0.0
8220DB000793/1 39 c a | 0/1 38A c a | 0/Evening,8220DB000793,Dawson Street,53.3408597860288,-6.25840386924731,1 39 c a | 0,1 38A c a | 0,39 · direction 0 → 38A · direction 0,Ongar,Damastown,Evening,8,8,0,22.508333333333333,17.65416666666667,28.296666666666667,0.625,0.625,29.783333333333335,68.61666666666666,True,5.0,3.725,18.78333333333333,5.0,3.0
8220DB004413/1 52 b | 1/1 C2 c | 1/Evening,8220DB004413,Heuston Station,53.34621,-6.29246,1 52 b | 1,1 C2 c | 1,52 · direction 1 → C2 · direction 1,Ringsend Road,Sandymount,Evening,3,3,0,22.75,19.0,24.15,0.6666666666666666,0.6666666666666666,22.875,65.58333333333333,True,4.0,4.0,18.75,2.0,1.0
8230DB007143/1 L53 c | 0/1 C1 c | 1/Evening,8230DB007143,Castlegate Way,53.34014,-6.45296,1 L53 c | 0,1 C1 c | 1,L53 · direction 0 → C1 · direction 1,Liffey Valley SC,Sandymount,Evening,7,7,0,23.75,21.607142857142858,29.95,0.8571428571428571,0.5714285714285714,24.75,65.30952380952381,True,4.0,5.0,18.75,4.0,3.0
8220DB002637/1 60 | 0/1 C3 c | 0/Evening,8220DB002637,Heuston Station,53.345846,-6.294308,1 60 | 0,1 C3 c | 0,60 · direction 0 → C3 · direction 0,Red Cow Luas,Maynooth,Evening,4,4,0,22.0,20.4375,25.650000000000002,0.75,0.5,28.875,63.58333333333333,True,2.0,3.25,18.75,3.0,1.0
8230DB007127/1 L53 c | 0/1 C1 c | 1/Evening,8230DB007127,Castlegate Walk,53.3382071139868,-6.45679527574226,1 L53 c | 0,1 C1 c | 1,L53 · direction 0 → C1 · direction 1,Liffey Valley SC,Sandymount,Evening,7,7,0,23.983333333333334,21.85238095238095,30.2,0.8571428571428571,0.42857142857142855,24.75,61.334920634920636,True,4.0,5.233333333333333,18.75,4.0,3.0
8250DB003033/1 7A c a | 0/3 L26 a | 0/Morning,8250DB003033,Blackrock Main St,53.3019932534255,-6.17827152157678,1 7A c a | 0,3 L26 a | 0,7A · direction 0 → L26 · direction 0,Loughlinstown Pk,Blackrock,Morning,5,5,0,25.25,24.45,28.05,1.0,0.4,30.0,65.66666666666666,True,9.0,6.75,18.5,3.0,2.0
8230DB007796/1 L53 c | 0/1 C1 c | 1/Evening,8230DB007796,Somerton,53.3429665550147,-6.45231312649054,1 L53 c | 0,1 C1 c | 1,L53 · direction 0 → C1 · direction 1,Liffey Valley SC,Sandymount,Evening,7,7,0,23.5,21.36190476190476,29.64,0.8571428571428571,0.5714285714285714,24.516666666666666,64.82063492063492,True,4.0,5.0,18.5,4.0,3.0
8240DB003679/1 41C c a | 0/1 43 c a | 0/Morning,8240DB003679,Swords Castle,53.459082,-6.220136,1 41C c a | 0,1 43 c a | 0,41C · direction 0 → 43 · direction 0,Swords Manor,Swords Bus.Pk,Morning,5,5,0,21.0,18.7,24.35,0.8,0.4,26.0,57.333333333333336,True,1.0,2.5,18.5,3.0,2.0
8240DB005053/1 24 a | 1/1 19 a | 1/Evening,8240DB005053,Toberbunny,53.419642,-6.234648,1 24 a | 1,1 19 a | 1,24 · direction 1 → 19 · direction 1,Merrion Square,Merrion Square,Evening,9,9,0,20.75,15.13888888888889,22.75,0.6666666666666666,0.5555555555555556,20.0,57.66666666666666,True,1.0,2.5,18.25,5.0,4.0
8230DB007120/1 L53 c | 0/1 C1 c | 1/Evening,8230DB007120,Stratton Grove,53.337556851648,-6.46351609880674,1 L53 c | 0,1 C1 c | 1,L53 · direction 0 → C1 · direction 1,Liffey Valley SC,Sandymount,Evening,6,6,0,24.233333333333334,21.78888888888889,30.15,0.8333333333333334,0.5,24.833333333333332,63.86666666666666,True,4.0,6.066666666666666,18.166666666666668,3.0,3.0
8240DB003669/1 16D c a | 0/1 19 a | 1/Morning,8240DB003669,Aircraft Hangars,53.428466,-6.23508,1 16D c a | 0,1 19 a | 1,16D · direction 0 → 19 · direction 1,Ballinteer,Merrion Square,Morning,6,6,0,20.941666666666666,21.186111111111114,21.991666666666667,1.0,0.6666666666666666,20.0,61.255555555555546,True,2.0,2.783333333333333,18.15833333333333,6.0,0.0
8240DB001631/1 16D c a | 0/1 24 a | 1/Morning,8240DB001631,ALSAA Sports Club,53.422406,-6.230696,1 16D c a | 0,1 24 a | 1,16D · direction 0 → 24 · direction 1,Ballinteer,Merrion Square,Morning,6,6,0,20.8,20.78611111111111,20.891666666666666,1.0,1.0,20.0,71.06666666666666,True,2.0,2.8,18.0,6.0,0.0
8240DB003669/1 16D c a | 0/1 24 a | 1/Morning,8240DB003669,Aircraft Hangars,53.428466,-6.23508,1 16D c a | 0,1 24 a | 1,16D · direction 0 → 24 · direction 1,Ballinteer,Merrion Square,Morning,6,6,0,20.566666666666666,20.561111111111114,20.616666666666667,1.0,1.0,20.0,70.75555555555556,True,2.0,2.566666666666667,18.0,6.0,0.0
8220DB000400/1 120 c a | 0/1 19 a | 0/Evening,8220DB000400,Shaw Street,53.344849,-6.25339,1 120 c a | 0,1 19 a | 0,120 · direction 0 → 19 · direction 0,Ashtown Stn,Airport,Evening,3,3,0,20.083333333333332,20.0,20.083333333333332,1.0,1.0,20.0,70.1111111111111,True,2.0,2.0833333333333335,18.0,3.0,0.0
8220DB000398/1 P29 c | 0/1 C4 c | 0/Evening,8220DB000398,Erne Street,53.3432949350358,-6.24547844686789,1 P29 c | 0,1 C4 c | 0,P29 · direction 0 → C4 · direction 0,Adamstown Station,Maynooth,Evening,4,4,0,20.816666666666666,20.71666666666667,27.67666666666667,0.75,0.75,29.383333333333333,69.84444444444445,True,2.0,2.816666666666667,18.0,3.0,1.0
8220DB007859/1 P29 c | 0/1 C4 c | 0/Evening,8220DB007859,Shaw Street,53.34495,-6.2539,1 P29 c | 0,1 C4 c | 0,P29 · direction 0 → C4 · direction 0,Adamstown Station,Maynooth,Evening,4,4,0,20.25,20.125,27.075000000000003,0.75,0.75,29.25,69.0,True,2.0,2.25,18.0,3.0,1.0
8220DB000400/1 77A c a | 0/1 24 a | 0/Morning,8220DB000400,Shaw Street,53.344849,-6.25339,1 77A c a | 0,1 24 a | 0,77A · direction 0 → 24 · direction 0,Citywest,Dublin Airport,Morning,9,9,0,20.75,20.916666666666668,21.35,1.0,0.8888888888888888,20.0,67.66666666666666,True,2.0,2.75,18.0,9.0,0.0
8220DB002809/1 X27 d | 1/1 82 a | 0/Morning,8220DB002809,Pearse Stn,53.34306,-6.24984,1 X27 d | 1,1 82 a | 0,X27 · direction 1 → 82 · direction 0,UCD Belfield,Kiltipper Way,Morning,4,4,0,21.133333333333333,20.6125,21.766666666666666,1.0,0.75,20.0,64.0111111111111,True,2.0,3.1333333333333333,18.0,3.0,1.0
8220DB002810/1 X27 d | 1/1 82 a | 0/Morning,8220DB002810,Clare Street,53.340795,-6.250897,1 X27 d | 1,1 82 a | 0,X27 · direction 1 → 82 · direction 0,UCD Belfield,Kiltipper Way,Morning,4,4,0,20.666666666666668,20.104166666666668,21.166666666666668,1.0,0.75,20.0,63.388888888888886,True,2.0,2.6666666666666665,18.0,3.0,1.0
8240DB005053/1 16D c a | 0/1 24 a | 1/Morning,8240DB005053,Toberbunny,53.419642,-6.234648,1 16D c a | 0,1 24 a | 1,16D · direction 0 → 24 · direction 1,Ballinteer,Merrion Square,Morning,6,6,0,20.583333333333336,20.575,20.708333333333336,1.0,1.0,20.0,70.77777777777779,True,2.0,2.6166666666666667,17.96666666666667,6.0,0.0
8220DB000398/1 56A c a | 0/1 77A c a | 0/Evening,8220DB000398,Erne Street,53.3432949350358,-6.24547844686789,1 56A c a | 0,1 77A c a | 0,56A · direction 0 → 77A · direction 0,The Square,Citywest,Evening,3,3,0,20.183333333333334,16.933333333333334,20.209999999999997,0.6666666666666666,0.6666666666666666,20.0,60.24444444444444,True,2.0,2.216666666666667,17.96666666666667,2.0,1.0
8240DB003627/1 142 e a | 1/1 42 c a | 0/Evening,8240DB003627,Seamount Rd,53.441955,-6.151228,1 142 e a | 1,1 42 c a | 0,142 · direction 1 → 42 · direction 0,Coast Road,Portmarnock,Evening,3,3,0,20.65,15.672222222222222,20.676666666666666,0.6666666666666666,0.6666666666666666,28.4,66.46666666666667,True,2.0,2.683333333333333,17.966666666666665,2.0,1.0
8240DB003626/1 142 e a | 1/1 42 c a | 0/Evening,8240DB003626,Hill Drive,53.444246,-6.152287,1 142 e a | 1,1 42 c a | 0,142 · direction 1 → 42 · direction 0,Coast Road,Portmarnock,Evening,3,3,0,20.5,15.527777777777777,20.566666666666666,0.6666666666666666,0.6666666666666666,28.333333333333332,66.22222222222223,True,2.0,2.5833333333333335,17.916666666666668,2.0,1.0
8230DB004619/1 C1 c | 1/1 L53 c | 0/Evening,8230DB004619,Foxborough Pl,53.339895,-6.426339,1 C1 c | 1,1 L53 c | 0,C1 · direction 1 → L53 · direction 0,Sandymount,Liffey Valley SC,Evening,7,7,0,23.633333333333333,23.04523809523809,32.93,0.8571428571428571,0.5714285714285714,30.0,68.65396825396826,True,5.0,5.716666666666667,17.916666666666664,4.0,3.0
8240DB005053/1 16D c a | 0/1 19 a | 1/Morning,8240DB005053,Toberbunny,53.419642,-6.234648,1 16D c a | 0,1 19 a | 1,16D · direction 0 → 19 · direction 1,Ballinteer,Merrion Square,Morning,6,6,0,21.116666666666667,21.366666666666664,22.425,1.0,0.6666666666666666,20.0,61.48888888888888,True,2.0,3.208333333333333,17.908333333333335,5.0,1.0
8220DB000396/1 56A c a | 0/1 77A c a | 0/Evening,8220DB000396,Grnd Canal Quay,53.34247,-6.23968,1 56A c a | 0,1 77A c a | 0,56A · direction 0 → 77A · direction 0,The Square,Citywest,Evening,3,3,0,20.0,16.766666666666666,20.119999999999997,0.6666666666666666,0.6666666666666666,20.0,60.0,True,2.0,2.15,17.85,2.0,1.0
8240DB008243/1 24 a | 1/1 19 a | 1/Evening,8240DB008243,Ballymun Kickhams,53.417428,-6.264607,1 24 a | 1,1 19 a | 1,24 · direction 1 → 19 · direction 1,Merrion Square,Merrion Square,Evening,9,9,0,20.883333333333333,15.044444444444444,22.313333333333336,0.6666666666666666,0.4444444444444444,20.0,54.511111111111106,True,2.0,3.0833333333333335,17.8,6.0,3.0
8220DB001174/1 41C c a | 0/2 101 d a | 0/Morning,8220DB001174,Mountjoy Sq West,53.356187,-6.258545,1 41C c a | 0,2 101 d a | 0,41C · direction 0 → 101 · direction 0,Swords Manor,Drogheda,Morning,8,8,0,20.25,20.4375,23.924999999999997,0.875,0.875,30.0,73.25,True,2.0,2.5,17.75,7.0,1.0
8220DB000397/1 56A c a | 0/1 C4 c | 0/Morning,8220DB000397,Pearse Sq,53.342786,-6.242015,1 56A c a | 0,1 C4 c | 0,56A · direction 0 → C4 · direction 0,The Square,Maynooth,Morning,3,3,0,22.5,18.75,22.5,0.6666666666666666,0.6666666666666666,29.25,69.5,True,5.0,4.75,17.75,2.0,1.0
8220DB000312/1 P29 c | 0/1 C4 c | 0/Evening,8220DB000312,Wellington Quay,53.3454764728264,-6.2662061554843,1 P29 c | 0,1 C4 c | 0,P29 · direction 0 → C4 · direction 0,Adamstown Station,Maynooth,Evening,4,4,0,20.375,20.4375,27.5,0.75,0.75,28.5,68.66666666666667,True,2.0,2.625,17.75,3.0,1.0
8350DB004151/3 45A d a | 0/1 L12 a | 1/Evening,8350DB004151,Bray Main Street,53.201869,-6.110547,3 45A d a | 0,1 L12 a | 1,45A · direction 0 → L12 · direction 1,Dun Laoghaire,Bray Station,Evening,9,9,0,20.0,19.666666666666668,20.25,1.0,0.8888888888888888,20.0,66.66666666666666,True,2.0,2.25,17.75,7.0,2.0
8240DB003628/1 142 e a | 1/1 42 c a | 0/Evening,8240DB003628,Malahide Com School,53.437536,-6.151961,1 142 e a | 1,1 42 c a | 0,142 · direction 1 → 42 · direction 0,Coast Road,Portmarnock,Evening,3,3,0,20.75,15.916666666666666,20.95,0.6666666666666666,0.6666666666666666,28.5,66.66666666666666,True,2.0,3.0,17.75,2.0,1.0
8240DB003625/1 142 e a | 1/1 42 c a | 0/Evening,8240DB003625,St Andrew's Church,53.447572,-6.152911,1 142 e a | 1,1 42 c a | 0,142 · direction 1 → 42 · direction 0,Coast Road,Portmarnock,Evening,3,3,0,20.25,15.333333333333334,20.45,0.6666666666666666,0.6666666666666666,28.25,65.83333333333333,True,2.0,2.5,17.75,2.0,1.0
8240DB003583/1 142 e a | 1/1 42 c a | 0/Evening,8240DB003583,St Sylvester's Sch,53.449348,-6.163163,1 142 e a | 1,1 42 c a | 0,142 · direction 1 → 42 · direction 0,Coast Road,Portmarnock,Evening,3,3,0,20.0,15.083333333333334,20.2,0.6666666666666666,0.6666666666666666,27.75,65.16666666666666,True,2.0,2.25,17.75,2.0,1.0
8240DB003885/1 24 a | 1/1 19 a | 1/Morning,8240DB003885,Airport Business Pk,53.425969,-6.229119,1 24 a | 1,1 19 a | 1,24 · direction 1 → 19 · direction 1,Merrion Square,Merrion Square,Morning,9,9,0,20.5,14.75,21.1,0.6666666666666666,0.6666666666666666,20.0,60.66666666666667,True,2.0,2.75,17.75,5.0,4.0
8240DB003669/1 24 a | 1/1 19 a | 1/Morning,8240DB003669,Aircraft Hangars,53.428466,-6.23508,1 24 a | 1,1 19 a | 1,24 · direction 1 → 19 · direction 1,Merrion Square,Merrion Square,Morning,9,9,0,20.25,14.5,20.85,0.6666666666666666,0.6666666666666666,20.0,60.33333333333333,True,2.0,2.5,17.75,5.0,4.0
8220DB000397/1 56A c a | 0/1 77A c a | 0/Evening,8220DB000397,Pearse Sq,53.342786,-6.242015,1 56A c a | 0,1 77A c a | 0,56A · direction 0 → 77A · direction 0,The Square,Citywest,Evening,3,3,0,20.0,16.833333333333332,20.2,0.6666666666666666,0.6666666666666666,20.0,60.0,True,2.0,2.25,17.75,2.0,1.0
8240DB001631/1 24 a | 1/1 19 a | 1/Evening,8240DB001631,ALSAA Sports Club,53.422406,-6.230696,1 24 a | 1,1 19 a | 1,24 · direction 1 → 19 · direction 1,Merrion Square,Merrion Square,Evening,9,9,0,20.633333333333333,17.074074074074073,22.633333333333333,0.7777777777777778,0.5555555555555556,20.0,57.511111111111106,True,2.0,2.8833333333333333,17.75,7.0,2.0
8240DB003885/1 24 a | 1/1 19 a | 1/Evening,8240DB003885,Airport Business Pk,53.425969,-6.229119,1 24 a | 1,1 19 a | 1,24 · direction 1 → 19 · direction 1,Merrion Square,Merrion Square,Evening,9,9,0,20.5,16.944444444444443,22.5,0.7777777777777778,0.5555555555555556,20.0,57.33333333333333,True,2.0,2.75,17.75,7.0,2.0
8240DB003669/1 24 a | 1/1 19 a | 1/Evening,8240DB003669,Aircraft Hangars,53.428466,-6.23508,1 24 a | 1,1 19 a | 1,24 · direction 1 → 19 · direction 1,Merrion Square,Merrion Square,Evening,9,9,0,20.25,16.86111111111111,22.5,0.7777777777777778,0.5555555555555556,20.0,57.0,True,2.0,2.5,17.75,7.0,2.0
8220DB000399/1 56A c a | 0/1 77A c a | 0/Evening,8220DB000399,Pearse Street,53.343867,-6.248309,1 56A c a | 0,1 77A c a | 0,56A · direction 0 → 77A · direction 0,The Square,Citywest,Evening,3,3,0,20.133333333333333,17.016666666666666,20.346666666666664,0.6666666666666666,0.6666666666666666,20.0,60.17777777777778,True,2.0,2.4,17.733333333333334,2.0,1.0
8230DB007119/1 C1 c | 1/1 L53 c | 0/Evening,8230DB007119,Castlegate Drive,53.337813,-6.459708,1 C1 c | 1,1 L53 c | 0,C1 · direction 1 → L53 · direction 0,Sandymount,Liffey Valley SC,Evening,8,8,0,23.666666666666664,21.49375,32.525,0.75,0.5,30.0,66.55555555555556,True,4.0,5.991666666666667,17.674999999999997,4.0,4.0
8240DB001631/1 24 a | 1/1 19 a | 1/Morning,8240DB001631,ALSAA Sports Club,53.422406,-6.230696,1 24 a | 1,1 19 a | 1,24 · direction 1 → 19 · direction 1,Merrion Square,Merrion Square,Morning,9,9,0,20.383333333333333,14.75,21.1,0.6666666666666666,0.6666666666666666,20.0,60.511111111111106,True,2.0,2.75,17.633333333333333,5.0,4.0
8220DB007857/1 P29 c | 0/1 C4 c | 0/Evening,8220DB007857,Merchant's Quay,53.34508,-6.27451,1 P29 c | 0,1 C4 c | 0,P29 · direction 0 → C4 · direction 0,Adamstown Station,Maynooth,Evening,4,4,0,20.15833333333333,20.254166666666663,27.320000000000004,0.75,0.75,28.5,68.37777777777777,True,2.0,2.55,17.60833333333333,3.0,1.0
8240DB008243/1 24 a | 1/1 19 a | 1/Morning,8240DB008243,Ballymun Kickhams,53.417428,-6.264607,1 24 a | 1,1 19 a | 1,24 · direction 1 → 19 · direction 1,Merrion Square,Merrion Square,Morning,9,9,0,20.283333333333335,16.711111111111112,21.083333333333336,0.7777777777777778,0.7777777777777778,20.0,63.71111111111111,True,2.0,2.7333333333333334,17.55,5.0,4.0
8220DB000396/1 56A c a | 0/1 C4 c | 0/Morning,8220DB000396,Grnd Canal Quay,53.34247,-6.23968,1 56A c a | 0,1 C4 c | 0,56A · direction 0 → C4 · direction 0,The Square,Maynooth,Morning,3,3,0,22.133333333333333,18.36111111111111,22.133333333333333,0.6666666666666666,0.6666666666666666,29.0,68.84444444444443,True,5.0,4.633333333333334,17.5,2.0,1.0
8220DB007855/1 P29 c | 0/1 C4 c | 0/Evening,8220DB007855,Usher's Quay,53.345988,-6.279809,1 P29 c | 0,1 C4 c | 0,P29 · direction 0 → C4 · direction 0,Adamstown Station,Maynooth,Evening,4,4,0,20.0,20.125,27.25,0.75,0.75,28.5,68.16666666666666,True,2.0,2.5,17.5,3.0,1.0
8220DB001476/1 52 b | 1/1 C2 c | 1/Evening,8220DB001476,Sarsfield Quay,53.347074,-6.284676,1 52 b | 1,1 C2 c | 1,52 · direction 1 → C2 · direction 1,Ringsend Road,Sandymount,Evening,3,3,0,22.25,18.666666666666668,24.05,0.6666666666666666,0.6666666666666666,22.625,64.75,True,5.0,4.75,17.5,2.0,1.0
8220DB002637/1 C4 c | 0/1 C2 c | 0/Morning,8220DB002637,Heuston Station,53.345846,-6.294308,1 C4 c | 0,1 C2 c | 0,C4 · direction 0 → C2 · direction 0,Maynooth,Adamstown Station,Morning,6,6,0,21.5,21.0,27.5,0.8333333333333334,0.6666666666666666,23.0,64.0,True,5.0,4.0,17.5,4.0,2.0
8220DB002721/1 C4 c | 0/1 C2 c | 0/Morning,8220DB002721,South Circular Road,53.3432718551658,-6.31051108491761,1 C4 c | 0,1 C2 c | 0,C4 · direction 0 → C2 · direction 0,Maynooth,Adamstown Station,Morning,6,6,0,21.625,21.166666666666668,27.75,0.8333333333333334,0.6666666666666666,22.375,63.75,True,5.0,4.125,17.5,4.0,2.0
8220DB007012/1 C4 c | 0/1 C2 c | 0/Morning,8220DB007012,Memorial Gardens,53.342954,-6.315375,1 C4 c | 0,1 C2 c | 0,C4 · direction 0 → C2 · direction 0,Maynooth,Adamstown Station,Morning,6,6,0,21.616666666666667,21.16111111111111,27.75,0.8333333333333334,0.6666666666666666,22.375,63.738888888888894,True,5.0,4.116666666666667,17.5,4.0,2.0
8350DB004156/3 L15 a | 1/1 L12 a | 1/Evening,8350DB004156,Seymour Road,53.2049673829576,-6.10361400629372,3 L15 a | 1,1 L12 a | 1,L15 · direction 1 → L12 · direction 1,Bray Station,Bray Station,Evening,3,3,0,20.25,20.083333333333332,20.85,1.0,0.6666666666666666,20.0,60.33333333333333,True,1.0,2.75,17.5,2.0,1.0
8240DB005053/1 24 a | 1/1 19 a | 1/Morning,8240DB005053,Toberbunny,53.419642,-6.234648,1 24 a | 1,1 19 a | 1,24 · direction 1 → 19 · direction 1,Merrion Square,Merrion Square,Morning,9,9,0,20.25,14.75,21.1,0.6666666666666666,0.6666666666666666,20.0,60.33333333333333,True,2.0,2.75,17.5,5.0,4.0
8230DB002575/1 65B c a | 0/1 77A c a | 0/Morning,8230DB002575,Corbally Vale,53.277158,-6.418823,1 65B c a | 0,1 77A c a | 0,65B · direction 0 → 77A · direction 0,Citywest,Citywest,Morning,3,3,0,19.65,25.372222222222224,33.71666666666667,1.0,1.0,20.0,69.53333333333333,True,3.0,2.2333333333333334,17.416666666666664,3.0,0.0
8230DB007187/1 52 b | 0/1 L54 b | 0/Evening,8230DB007187,Kew Park,53.3575628311399,-6.46763403856297,1 52 b | 0,1 L54 b | 0,52 · direction 0 → L54 · direction 0,Leixlip Intel,River Forest,Evening,3,3,0,20.466666666666665,23.438888888888886,29.853333333333335,1.0,0.6666666666666666,30.0,67.28888888888889,True,5.0,3.1666666666666665,17.299999999999997,2.0,1.0
8230DB004929/1 65B c a | 0/1 77A c a | 0/Morning,8230DB004929,Verschoyle Avenue,53.280806,-6.421418,1 65B c a | 0,1 77A c a | 0,65B · direction 0 → 77A · direction 0,Citywest,Citywest,Morning,3,3,0,19.416666666666668,24.561111111111114,32.79,1.0,1.0,20.0,69.22222222222221,True,4.0,2.1333333333333333,17.283333333333335,3.0,0.0
8220DB002637/1 P29 c | 0/1 C4 c | 0/Evening,8220DB002637,Heuston Station,53.345846,-6.294308,1 P29 c | 0,1 C4 c | 0,P29 · direction 0 → C4 · direction 0,Adamstown Station,Maynooth,Evening,4,4,0,19.875,20.0625,27.325000000000003,0.75,0.75,28.5,68.0,True,2.0,2.625,17.25,3.0,1.0
8230DB007186/1 52 b | 0/1 L54 b | 0/Evening,8230DB007186,Lucan Spa Hotel,53.356795,-6.465258,1 52 b | 0,1 L54 b | 0,52 · direction 0 → L54 · direction 0,Leixlip Intel,River Forest,Evening,3,3,0,20.5,23.5,29.9,1.0,0.6666666666666666,30.0,67.33333333333334,True,5.0,3.25,17.25,2.0,1.0
8350DB004156/1 L12 a | 1/3 45A d a | 0/Evening,8350DB004156,Seymour Road,53.2049673829576,-6.10361400629372,1 L12 a | 1,3 45A d a | 0,L12 · direction 1 → 45A · direction 0,Bray Station,Dun Laoghaire,Evening,9,9,0,20.0,17.97222222222222,20.35,0.8888888888888888,0.8888888888888888,20.0,66.66666666666666,True,2.0,2.75,17.25,7.0,2.0
8220DB000340/1 44 c a | 0/1 C3 c | 1/Evening,8220DB000340,Townsend Street,53.345975,-6.256017,1 44 c a | 0,1 C3 c | 1,44 · direction 0 → C3 · direction 1,Enniskerry,Ringsend Road,Evening,3,3,0,20.25,14.666666666666666,20.85,0.6666666666666666,0.6666666666666666,26.5,64.66666666666666,True,2.0,3.0,17.25,2.0,1.0
8220DB000045/1 44 c a | 0/1 19 a | 1/Evening,8220DB000045,Drumcondra Village,53.369936,-6.254107,1 44 c a | 0,1 19 a | 1,44 · direction 0 → 19 · direction 1,"Enniskerry, O'Connell Street","Merrion Square, Parnell Square",Evening,3,3,0,20.75,20.75,21.55,1.0,0.6666666666666666,20.0,61.0,True,3.0,3.5,17.25,3.0,0.0
8220DB000046/1 44 c a | 0/1 19 a | 1/Evening,8220DB000046,Botanic Ave,53.367131,-6.255259,1 44 c a | 0,1 19 a | 1,44 · direction 0 → 19 · direction 1,"Enniskerry, O'Connell Street","Merrion Square, Parnell Square",Evening,3,3,0,20.75,20.75,21.643333333333334,1.0,0.6666666666666666,20.0,61.0,True,3.0,3.5,17.25,3.0,0.0
8220DB000048/1 44 c a | 0/1 19 a | 1/Evening,8220DB000048,Drumcondra Stn,53.362257,-6.258808,1 44 c a | 0,1 19 a | 1,44 · direction 0 → 19 · direction 1,"Enniskerry, O'Connell Street","Merrion Square, Parnell Square",Evening,3,3,0,20.65,20.683333333333334,21.65,1.0,0.6666666666666666,20.0,60.86666666666666,True,3.0,3.4,17.25,3.0,0.0
8220DB000049/1 44 c a | 0/1 19 a | 1/Evening,8220DB000049,Dorset Street Lwr,53.360004,-6.260853,1 44 c a | 0,1 19 a | 1,44 · direction 0 → 19 · direction 1,"Enniskerry, O'Connell Street","Merrion Square, Parnell Square",Evening,3,3,0,20.5,20.583333333333332,21.5,1.0,0.6666666666666666,20.0,60.66666666666667,True,3.0,3.25,17.25,3.0,0.0
8220DB007603/1 44 c a | 0/1 19 a | 1/Evening,8220DB007603,St Patrick's Campus,53.371577,-6.253183,1 44 c a | 0,1 19 a | 1,44 · direction 0 → 19 · direction 1,"Enniskerry, O'Connell Street","Merrion Square, Parnell Square",Evening,3,3,0,20.366666666666667,20.444444444444443,21.233333333333334,1.0,0.6666666666666666,20.0,60.48888888888888,True,3.0,3.1166666666666667,17.25,3.0,0.0
8220DB000044/1 44 c a | 0/1 19 a | 1/Evening,8220DB000044,Home Farm Rd East,53.373017,-6.252132,1 44 c a | 0,1 19 a | 1,44 · direction 0 → 19 · direction 1,"Enniskerry, O'Connell Street","Merrion Square, Parnell Square",Evening,3,3,0,20.05,20.183333333333334,20.97,1.0,0.6666666666666666,20.0,60.06666666666666,True,3.0,2.8,17.25,3.0,0.0
8220DB000400/1 56A c a | 0/1 77A c a | 0/Evening,8220DB000400,Shaw Street,53.344849,-6.25339,1 56A c a | 0,1 77A c a | 0,56A · direction 0 → 77A · direction 0,The Square,Citywest,Evening,3,3,0,20.0,17.166666666666668,20.6,0.6666666666666666,0.6666666666666666,20.0,60.0,True,2.0,2.75,17.25,2.0,1.0
8220DB000113/3 220 d a | 1/1 19 a | 1/Morning,8220DB000113,Trinity Comp School,53.3922679629262,-6.26370325464247,3 220 d a | 1,1 19 a | 1,220 · direction 1 → 19 · direction 1,DCU Helix,Merrion Square,Morning,3,3,0,20.533333333333335,18.61111111111111,22.933333333333334,0.6666666666666666,0.6666666666666666,20.0,60.71111111111111,True,3.0,3.4,17.133333333333336,2.0,1.0
8220DB007591/1 6 c a | 1/1 H2 c a | 0/Morning,8220DB007591,Abbey St Lower,53.34889,-6.25683,1 6 c a | 1,1 H2 c a | 0,6 · direction 1 → H2 · direction 0,Abbey St Lower,Malahide,Morning,4,4,0,25.125,22.5,28.0,0.75,0.5,30.0,68.5,True,10.0,8.0,17.125,3.0,1.0
8240DB005075/3 197 | 0/1 41 c a | 0/Evening,8240DB005075,Saint Columbas Rise,53.459663,-6.22359,3 197 | 0,1 41 c a | 0,197 · direction 0 → 41 · direction 0,Ashbourne,Swords Manor,Evening,3,3,0,20.983333333333334,20.15,21.45,1.0,0.6666666666666666,20.0,61.3111111111111,True,6.0,3.9,17.083333333333336,3.0,0.0
8220DB002811/1 X27 d | 1/1 82 a | 0/Morning,8220DB002811,Merrion Street,53.33936,-6.252308,1 X27 d | 1,1 82 a | 0,X27 · direction 1 → 82 · direction 0,UCD Belfield,Kiltipper Way,Morning,4,4,0,20.325,19.7,20.7,1.0,1.0,20.0,70.43333333333334,True,3.0,3.325,17.0,3.0,1.0
8240DB008243/1 19 a | 1/1 24 a | 1/Morning,8240DB008243,Ballymun Kickhams,53.417428,-6.264607,1 19 a | 1,1 24 a | 1,19 · direction 1 → 24 · direction 1,Merrion Square,Merrion Square,Morning,9,9,0,19.966666666666665,19.41111111111111,20.866666666666667,1.0,1.0,20.0,69.95555555555555,True,3.0,2.966666666666667,17.0,7.0,2.0
8220DB000495/1 120 c a | 0/1 19 a | 0/Evening,8220DB000495,Pearse Stn,53.343591,-6.249747,1 120 c a | 0,1 19 a | 0,120 · direction 0 → 19 · direction 0,Ashtown Stn,Airport,Evening,3,3,0,19.366666666666667,19.283333333333335,19.366666666666667,1.0,1.0,20.0,69.15555555555555,True,3.0,2.3666666666666667,17.0,3.0,0.0
8220DB000400/1 24 a | 0/1 77A c a | 0/Morning,8220DB000400,Shaw Street,53.344849,-6.25339,1 24 a | 0,1 77A c a | 0,24 · direction 0 → 77A · direction 0,Dublin Airport,Citywest,Morning,9,9,0,19.25,19.25,19.45,1.0,1.0,20.0,69.0,True,3.0,2.25,17.0,8.0,1.0
8220DB000397/1 P29 c | 0/1 C4 c | 0/Evening,8220DB000397,Pearse Sq,53.342786,-6.242015,1 P29 c | 0,1 C4 c | 0,P29 · direction 0 → C4 · direction 0,Adamstown Station,Maynooth,Evening,4,4,0,20.25,20.25,27.25,0.75,0.75,29.25,69.0,True,3.0,3.25,17.0,3.0,1.0
8220DB000396/1 P29 c | 0/1 C4 c | 0/Evening,8220DB000396,Grnd Canal Quay,53.34247,-6.23968,1 P29 c | 0,1 C4 c | 0,P29 · direction 0 → C4 · direction 0,Adamstown Station,Maynooth,Evening,4,4,0,19.916666666666668,20.141666666666666,27.23166666666667,0.75,0.75,29.0,68.38888888888889,True,3.0,2.9166666666666665,17.0,3.0,1.0
8220DB007012/1 P29 c | 0/1 C4 c | 0/Evening,8220DB007012,Memorial Gardens,53.342954,-6.315375,1 P29 c | 0,1 C4 c | 0,P29 · direction 0 → C4 · direction 0,Adamstown Station,Maynooth,Evening,4,4,0,19.75,20.116666666666667,27.493333333333336,0.75,0.75,28.5,67.83333333333333,True,2.0,2.75,17.0,3.0,1.0
8250DB002043/1 L25 | 1/3 L27 a | 0/Morning,8250DB002043,Vesey Place,53.292474,-6.142658,1 L25 | 1,3 L27 a | 0,L25 · direction 1 → L27 · direction 0,Dundrum,Leopardstown Valley,Morning,13,13,0,25.0,22.615384615384617,29.75,0.6153846153846154,0.46153846153846156,30.0,67.17948717948718,True,7.0,8.0,17.0,7.0,6.0
8350DB002997/1 L12 a | 1/3 45A d a | 0/Evening,8350DB002997,Florence Road,53.203123,-6.109758,1 L12 a | 1,3 45A d a | 0,L12 · direction 1 → 45A · direction 0,Bray Station,Dun Laoghaire,Evening,9,9,0,19.85,17.9962962962963,20.246666666666666,0.8888888888888888,0.8888888888888888,20.0,66.46666666666667,True,2.0,2.85,17.0,5.0,4.0
8350DB004151/1 L12 a | 1/3 45A d a | 0/Evening,8350DB004151,Bray Main Street,53.201869,-6.110547,1 L12 a | 1,3 45A d a | 0,L12 · direction 1 → 45A · direction 0,Bray Station,Dun Laoghaire,Evening,9,9,0,19.75,17.72222222222222,20.05,0.8888888888888888,0.8888888888888888,20.0,66.33333333333333,True,3.0,2.75,17.0,8.0,1.0
8350DB004156/3 L1 a | 0/1 L14 a | 0/Morning,8350DB004156,Seymour Road,53.2049673829576,-6.10361400629372,3 L1 a | 0,1 L14 a | 0,L1 · direction 0 → L14 · direction 0,Bray Station,Southern Cross,Morning,6,6,0,23.25,21.083333333333332,30.125,0.8333333333333334,0.5,30.0,66.0,True,4.0,6.25,17.0,3.0,3.0
8230DB002215/1 P29 c | 0/3 W4 a | 0/Evening,8230DB002215,St Loman's Hospital,53.358206,-6.408973,1 P29 c | 0,3 W4 a | 0,P29 · direction 0 → W4 · direction 0,Adamstown Station,The Square,Evening,4,4,0,23.5,20.75,28.4,0.75,0.5,29.0,65.66666666666666,True,3.0,6.5,17.0,2.0,2.0
8230DB002214/1 P29 c | 0/3 W4 a | 0/Evening,8230DB002214,Clayton Hotel,53.35609,-6.399933,1 P29 c | 0,3 W4 a | 0,P29 · direction 0 → W4 · direction 0,Adamstown Station,The Square,Evening,4,4,0,23.75,20.75,27.95,0.75,0.5,28.0,65.33333333333333,True,3.0,6.75,17.0,2.0,2.0
8230DB002213/1 P29 c | 0/3 W4 a | 0/Evening,8230DB002213,Liffey Valley SC,53.355778,-6.392073,1 P29 c | 0,3 W4 a | 0,P29 · direction 0 → W4 · direction 0,Adamstown Station,The Square,Evening,4,4,0,23.633333333333333,20.633333333333333,27.806666666666665,0.75,0.5,28.0,65.17777777777778,True,3.0,6.633333333333333,17.0,2.0,2.0
8230DB004599/1 P29 c | 0/3 W4 a | 0/Evening,8230DB004599,Hermitage Road,53.3577587404062,-6.42333743295062,1 P29 c | 0,3 W4 a | 0,P29 · direction 0 → W4 · direction 0,Adamstown Station,The Square,Evening,4,4,0,23.625,20.625,27.675,0.75,0.5,28.0,65.16666666666667,True,3.0,6.625,17.0,2.0,2.0
8220DB007859/1 52 b | 0/1 C1 c | 0/Morning,8220DB007859,Shaw Street,53.34495,-6.2539,1 52 b | 0,1 C1 c | 0,52 · direction 0 → C1 · direction 0,Leixlip Intel,Adamstown Station,Morning,3,3,0,21.0,21.25,23.0,1.0,0.6666666666666666,21.875,62.58333333333333,True,3.0,4.0,17.0,2.0,1.0
8220DB000399/1 52 b | 0/1 C1 c | 0/Morning,8220DB000399,Pearse Street,53.343867,-6.248309,1 52 b | 0,1 C1 c | 0,52 · direction 0 → C1 · direction 0,Leixlip Intel,Adamstown Station,Morning,3,3,0,21.0,21.166666666666668,22.6,1.0,0.6666666666666666,21.75,62.5,True,3.0,4.0,17.0,2.0,1.0
8220DB000398/1 52 b | 0/1 C1 c | 0/Morning,8220DB000398,Erne Street,53.3432949350358,-6.24547844686789,1 52 b | 0,1 C1 c | 0,52 · direction 0 → C1 · direction 0,Leixlip Intel,Adamstown Station,Morning,3,3,0,20.766666666666666,20.866666666666664,22.193333333333335,1.0,0.6666666666666666,21.408333333333335,61.96111111111111,True,3.0,3.7666666666666666,17.0,2.0,1.0
8230DB003368/1 C1 c | 1/1 L53 c | 0/Evening,8230DB003368,Finnstown Abbey,53.3445579030412,-6.44958211522962,1 C1 c | 1,1 L53 c | 0,C1 · direction 1 → L53 · direction 0,Sandymount,Liffey Valley SC,Evening,7,7,0,21.75,21.142857142857142,33.95,0.7142857142857143,0.42857142857142855,30.0,61.857142857142854,True,3.0,4.75,17.0,4.0,3.0
8230DB007796/1 C1 c | 1/1 L53 c | 0/Evening,8230DB007796,Somerton,53.3429665550147,-6.45231312649054,1 C1 c | 1,1 L53 c | 0,C1 · direction 1 → L53 · direction 0,Sandymount,Liffey Valley SC,Evening,7,7,0,21.5,21.092857142857138,33.85333333333334,0.7142857142857143,0.42857142857142855,30.0,61.523809523809526,True,3.0,4.5,17.0,4.0,3.0
8220DB000397/1 52 b | 0/1 C1 c | 0/Morning,8220DB000397,Pearse Sq,53.342786,-6.242015,1 52 b | 0,1 C1 c | 0,52 · direction 0 → C1 · direction 0,Leixlip Intel,Adamstown Station,Morning,3,3,0,20.5,20.5,21.7,1.0,0.6666666666666666,21.0,61.333333333333336,True,3.0,3.5,17.0,2.0,1.0
8230DB007143/1 C1 c | 1/1 L53 c | 0/Evening,8230DB007143,Castlegate Way,53.34014,-6.45296,1 C1 c | 1,1 L53 c | 0,C1 · direction 1 → L53 · direction 0,Sandymount,Liffey Valley SC,Evening,7,7,0,21.25,21.035714285714285,33.75,0.7142857142857143,0.42857142857142855,30.0,61.19047619047619,True,3.0,4.25,17.0,4.0,3.0
8220DB001444/1 60 | 0/1 23 a | 0/Morning,8220DB001444,Merchant's Quay,53.34504,-6.27417,1 60 | 0,1 23 a | 0,60 · direction 0 → 23 · direction 0,Red Cow Luas,Charlestown,Morning,3,3,0,20.75,18.144444444444446,20.803333333333335,0.6666666666666666,0.6666666666666666,20.0,61.0,True,3.0,3.75,17.0,2.0,1.0
8220DB002809/1 120 c a | 1/1 82 a | 0/Morning,8220DB002809,Pearse Stn,53.34306,-6.24984,1 120 c a | 1,1 82 a | 0,120 · direction 1 → 82 · direction 0,Ballsbridge,Kiltipper Way,Morning,3,3,0,20.55,15.549999999999999,20.55,0.6666666666666666,0.6666666666666666,20.0,60.733333333333334,True,3.0,3.55,17.0,2.0,1.0
8220DB001443/1 60 | 0/1 23 a | 0/Morning,8220DB001443,Wood Quay,53.345129,-6.26954,1 60 | 0,1 23 a | 0,60 · direction 0 → 23 · direction 0,Red Cow Luas,Charlestown,Morning,3,3,0,20.0,17.5,20.2,0.6666666666666666,0.6666666666666666,20.0,60.0,True,3.0,3.0,17.0,2.0,1.0
8240DB003669/1 24 a | 1/1 16D c a | 0/Morning,8240DB003669,Aircraft Hangars,53.428466,-6.23508,1 24 a | 1,1 16D c a | 0,24 · direction 1 → 16D · direction 0,Merrion Square,Ballinteer,Morning,9,5,4,19.433333333333334,19.426666666666666,19.473333333333333,0.5555555555555556,0.5555555555555556,20.0,55.91111111111111,True,3.0,2.433333333333333,17.0,6.0,0.0
8240DB005053/1 24 a | 1/1 16D c a | 0/Morning,8240DB005053,Toberbunny,53.419642,-6.234648,1 24 a | 1,1 16D c a | 0,24 · direction 1 → 16D · direction 0,Merrion Square,Ballinteer,Morning,9,5,4,19.383333333333333,19.346666666666668,19.493333333333332,0.5555555555555556,0.5555555555555556,20.0,55.844444444444434,True,3.0,2.3833333333333333,17.0,6.0,0.0
8240DB001631/1 24 a | 1/1 16D c a | 0/Morning,8240DB001631,ALSAA Sports Club,53.422406,-6.230696,1 24 a | 1,1 16D c a | 0,24 · direction 1 → 16D · direction 0,Merrion Square,Ballinteer,Morning,9,5,4,19.2,19.166666666666664,19.279999999999998,0.5555555555555556,0.5555555555555556,20.0,55.599999999999994,True,3.0,2.2,17.0,6.0,0.0
8350DB002997/3 45A d a | 0/1 L12 a | 1/Evening,8350DB002997,Florence Road,53.203123,-6.109758,3 45A d a | 0,1 L12 a | 1,45A · direction 0 → L12 · direction 1,Dun Laoghaire,Bray Station,Evening,9,9,0,19.766666666666666,19.246296296296293,19.936666666666667,1.0,0.8888888888888888,20.0,66.35555555555555,True,3.0,2.8833333333333333,16.883333333333333,8.0,1.0
8230DB004927/1 65B c a | 0/1 77A c a | 0/Morning,8230DB004927,Hazelgrove,53.274836,-6.394348,1 65B c a | 0,1 77A c a | 0,65B · direction 0 → 77A · direction 0,Citywest,Citywest,Morning,3,3,0,18.816666666666666,24.016666666666666,31.936666666666667,1.0,1.0,20.0,68.42222222222222,True,4.0,2.0166666666666666,16.8,3.0,0.0
8220DB001070/1 15A c a | 1/1 82 a | 1/Evening,8220DB001070,Rathmines,53.32498,-6.265356,1 15A c a | 1,1 82 a | 1,15A · direction 1 → 82 · direction 1,Merrion Square,Sean Moore Rd,Evening,10,10,0,20.46666666666667,15.496666666666664,21.825,0.6,0.4,20.0,52.62222222222222,True,2.0,3.6916666666666664,16.775000000000002,6.0,4.0
8240DB003669/1 19 a | 1/1 24 a | 1/Evening,8240DB003669,Aircraft Hangars,53.428466,-6.23508,1 19 a | 1,1 24 a | 1,19 · direction 1 → 24 · direction 1,Merrion Square,Merrion Square,Evening,9,9,0,19.5,18.88888888888889,19.75,1.0,1.0,20.0,69.33333333333333,True,3.0,2.75,16.75,5.0,4.0
8350DB004170/3 L15 a | 0/1 L12 a | 0/Morning,8350DB004170,Methodist Church,53.203483770052,-6.10697299154272,3 L15 a | 0,1 L12 a | 0,L15 · direction 0 → L12 · direction 0,Enniskerry,Ballywaltrim,Morning,3,3,0,19.25,19.083333333333332,19.45,1.0,1.0,20.0,69.0,True,3.0,2.5,16.75,2.0,1.0
8240DB003585/1 142 e a | 1/1 42 c a | 0/Evening,8240DB003585,Malahide Stn,53.450633,-6.154991,1 142 e a | 1,1 42 c a | 0,142 · direction 1 → 42 · direction 0,Coast Road,Portmarnock,Evening,3,3,0,19.966666666666665,15.049999999999997,20.166666666666664,0.6666666666666666,0.6666666666666666,27.966666666666665,65.26666666666667,True,3.0,3.216666666666667,16.75,2.0,1.0
8240DB003584/1 142 e a | 1/1 42 c a | 0/Evening,8240DB003584,Hanlon's Lane,53.449855,-6.159873,1 142 e a | 1,1 42 c a | 0,142 · direction 1 → 42 · direction 0,Coast Road,Portmarnock,Evening,3,3,0,19.75,14.833333333333334,19.95,0.6666666666666666,0.6666666666666666,27.75,64.83333333333333,True,3.0,3.0,16.75,2.0,1.0
8220DB007855/1 60 | 0/1 C2 c | 0/Morning,8220DB007855,Usher's Quay,53.345988,-6.279809,1 60 | 0,1 C2 c | 0,60 · direction 0 → C2 · direction 0,Red Cow Luas,Adamstown Station,Morning,3,3,0,21.65,20.933333333333334,29.57,0.6666666666666666,0.6666666666666666,23.0,64.19999999999999,True,4.0,4.9,16.75,2.0,1.0
8230DB004928/1 65B c a | 0/1 77A c a | 0/Morning,8230DB004928,Knockmore Ave,53.275993,-6.394859,1 65B c a | 0,1 77A c a | 0,65B · direction 0 → 77A · direction 0,Citywest,Citywest,Morning,3,3,0,18.85,24.13888888888889,32.13,1.0,1.0,20.0,68.46666666666667,True,4.0,2.1166666666666667,16.733333333333334,3.0,0.0
8220DB001934/1 56A c a | 0/1 151 c a | 0/Morning,8220DB001934,Dame Street,53.344118,-6.265525,1 56A c a | 0,1 151 c a | 0,56A · direction 0 → 151 · direction 0,The Square,Foxborough,Morning,3,3,0,20.233333333333334,15.261111111111111,21.3,0.6666666666666666,0.6666666666666666,20.0,60.31111111111112,True,4.0,3.5166666666666666,16.71666666666667,2.0,1.0
8230DB007460/1 65B c a | 0/1 77A c a | 0/Morning,8230DB007460,Citywest SC,53.282632,-6.421531,1 65B c a | 0,1 77A c a | 0,65B · direction 0 → 77A · direction 0,Citywest,Citywest,Morning,3,3,0,19.316666666666666,24.205555555555552,32.38333333333333,1.0,1.0,20.0,69.08888888888889,True,5.0,2.65,16.666666666666668,3.0,0.0
8240DB005053/1 19 a | 1/1 24 a | 1/Morning,8240DB005053,Toberbunny,53.419642,-6.234648,1 19 a | 1,1 24 a | 1,19 · direction 1 → 24 · direction 1,Merrion Square,Merrion Square,Morning,8,8,0,19.5,19.09375,20.15,1.0,1.0,20.0,69.33333333333333,True,3.0,2.875,16.625,6.0,2.0
8230DB004401/1 P29 c | 0/1 C4 c | 0/Evening,8230DB004401,Palmerstown R148,53.354756,-6.37171,1 P29 c | 0,1 C4 c | 0,P29 · direction 0 → C4 · direction 0,Adamstown Station,Maynooth,Evening,4,4,0,19.533333333333335,20.158333333333335,27.708333333333336,0.75,0.5,28.5,60.04444444444445,True,2.0,2.908333333333333,16.625,3.0,1.0
8230DB002574/1 65B c a | 0/1 77A c a | 0/Morning,8230DB002574,De Selby Estate,53.2745607514054,-6.41073197519198,1 65B c a | 0,1 77A c a | 0,65B · direction 0 → 77A · direction 0,Citywest,Citywest,Morning,3,3,0,19.1,24.7,33.02,1.0,1.0,20.0,68.8,True,4.0,2.5,16.6,3.0,0.0
8230DB002573/1 65B c a | 0/1 77A c a | 0/Morning,8230DB002573,Kiltalown Cottages,53.2742753736041,-6.40685901933231,1 65B c a | 0,1 77A c a | 0,65B · direction 0 → 77A · direction 0,Citywest,Citywest,Morning,3,3,0,19.066666666666666,24.666666666666668,32.96,1.0,1.0,20.0,68.75555555555555,True,4.0,2.5,16.566666666666666,3.0,0.0
8240DB000577/1 H3 c a | 1/1 6 c a | 0/Morning,8240DB000577,Howth Harbour,53.388163,-6.07016,1 H3 c a | 1,1 6 c a | 0,H3 · direction 1 → 6 · direction 0,Abbey St Lower,Howth Station,Morning,7,7,0,28.25,31.678571428571427,52.550000000000004,0.8571428571428571,0.42857142857142855,60.0,70.52380952380952,True,5.0,11.75,16.5,3.0,4.0
8240DB000576/1 H3 c a | 1/1 6 c a | 0/Morning,8240DB000576,Howth Abbey,53.3877600721763,-6.06635958016767,1 H3 c a | 1,1 6 c a | 0,H3 · direction 1 → 6 · direction 0,Abbey St Lower,Howth Station,Morning,7,7,0,28.0,31.5,52.300000000000004,0.8571428571428571,0.42857142857142855,60.0,70.19047619047619,True,5.0,11.5,16.5,3.0,4.0
8240DB003669/1 19 a | 1/1 24 a | 1/Morning,8240DB003669,Aircraft Hangars,53.428466,-6.23508,1 19 a | 1,1 24 a | 1,19 · direction 1 → 24 · direction 1,Merrion Square,Merrion Square,Morning,9,9,0,19.5,19.11111111111111,20.05,1.0,1.0,20.0,69.33333333333333,True,3.0,3.0,16.5,6.0,3.0
8240DB003885/1 19 a | 1/1 24 a | 1/Morning,8240DB003885,Airport Business Pk,53.425969,-6.229119,1 19 a | 1,1 24 a | 1,19 · direction 1 → 24 · direction 1,Merrion Square,Merrion Square,Morning,9,9,0,19.25,18.88888888888889,19.85,1.0,1.0,20.0,69.0,True,3.0,2.75,16.5,6.0,3.0
8240DB003885/1 19 a | 1/1 24 a | 1/Evening,8240DB003885,Airport Business Pk,53.425969,-6.229119,1 19 a | 1,1 24 a | 1,19 · direction 1 → 24 · direction 1,Merrion Square,Merrion Square,Evening,9,9,0,19.25,18.75,19.5,1.0,1.0,20.0,69.0,True,3.0,2.75,16.5,5.0,4.0
8230DB002352/1 65B c a | 0/1 77A c a | 0/Morning,8230DB002352,Jobstown House,53.27738,-6.39785,1 65B c a | 0,1 77A c a | 0,65B · direction 0 → 77A · direction 0,Citywest,Citywest,Morning,3,3,0,19.0,24.583333333333332,32.8,1.0,1.0,20.0,68.66666666666666,True,4.0,2.5,16.5,3.0,0.0
8240DB005053/1 19 a | 1/1 24 a | 1/Evening,8240DB005053,Toberbunny,53.419642,-6.234648,1 19 a | 1,1 24 a | 1,19 · direction 1 → 24 · direction 1,Merrion Square,Merrion Square,Evening,9,9,0,19.0,18.38888888888889,19.0,1.0,1.0,20.0,68.66666666666666,True,3.0,2.5,16.5,5.0,4.0
8310DB003328/2 105 c a | 0/2 109 d | 0/Evening,8310DB003328,Clonee Village,53.410481,-6.442477,2 105 c a | 0,2 109 d | 0,105 · direction 0 → 109 · direction 0,"Ashbourne, Drogheda","Dunshaughlin, Kells, Virginia",Evening,6,6,0,21.75,21.333333333333332,30.75,0.6666666666666666,0.5,31.75,64.0,True,4.0,5.25,16.5,4.0,2.0
8230DB007386/1 L53 c | 1/1 L54 b | 0/Morning,8230DB007386,Foxborough Park,53.340052,-6.427415,1 L53 c | 1,1 L54 b | 0,L53 · direction 1 → L54 · direction 0,Adamstown Station,River Forest,Morning,7,7,0,23.25,22.464285714285715,27.25,0.8571428571428571,0.42857142857142855,30.0,63.857142857142854,True,5.0,6.75,16.5,4.0,3.0
8250DB003224/1 7B c a | 1/1 7 c a | 1/Morning,8250DB003224,Ashlawn,53.251946,-6.132365,1 7B c a | 1,1 7 c a | 1,7B · direction 1 → 7 · direction 1,Mountjoy Square,Mountjoy Square,Morning,4,4,0,21.5,20.6875,27.925,0.75,0.5,30.0,63.66666666666667,True,6.0,5.0,16.5,3.0,1.0
8220DB002905/1 X31 c | 0/1 82 a | 1/Evening,8220DB002905,Merrion Sq West,53.340029,-6.25198,1 X31 c | 0,1 82 a | 1,X31 · direction 0 → 82 · direction 1,River Forest,Sean Moore Rd,Evening,3,3,0,19.583333333333332,16.416666666666668,19.98333333333333,0.6666666666666666,0.6666666666666666,20.0,59.44444444444444,True,3.0,3.0833333333333335,16.5,2.0,1.0
8220DB001071/1 15A c a | 1/1 82 a | 1/Evening,8220DB001071,Cathal Brugha Brrks,53.32729,-6.26485,1 15A c a | 1,1 82 a | 1,15A · direction 1 → 82 · direction 1,Merrion Square,Sean Moore Rd,Evening,10,10,0,20.25,15.15,21.35,0.6,0.4,20.0,52.33333333333333,True,2.0,3.75,16.5,5.0,5.0
8240DB001631/1 19 a | 1/1 24 a | 1/Evening,8240DB001631,ALSAA Sports Club,53.422406,-6.230696,1 19 a | 1,1 24 a | 1,19 · direction 1 → 24 · direction 1,Merrion Square,Merrion Square,Evening,9,9,0,19.116666666666667,18.564814814814817,19.25,1.0,1.0,20.0,68.82222222222222,True,3.0,2.6333333333333333,16.483333333333334,5.0,4.0
8240DB003643/1 142 e a | 1/1 42 c a | 0/Evening,8240DB003643,Yellow Walls Rd,53.451238,-6.169179,1 142 e a | 1,1 42 c a | 0,142 · direction 1 → 42 · direction 0,Coast Road,Portmarnock,Evening,3,3,0,19.95,15.12222222222222,20.363333333333333,0.6666666666666666,0.6666666666666666,27.25,64.76666666666667,True,3.0,3.466666666666667,16.483333333333334,2.0,1.0
8220DB004528/1 15A c a | 1/1 82 a | 1/Evening,8220DB004528,Grove Park,53.328896,-6.264537,1 15A c a | 1,1 82 a | 1,15A · direction 1 → 82 · direction 1,Merrion Square,Sean Moore Rd,Evening,10,10,0,20.3,15.2,21.529999999999998,0.6,0.4,20.0,52.39999999999999,True,2.0,3.85,16.45,5.0,5.0
8240DB001631/1 19 a | 1/1 24 a | 1/Morning,8240DB001631,ALSAA Sports Club,53.422406,-6.230696,1 19 a | 1,1 24 a | 1,19 · direction 1 → 24 · direction 1,Merrion Square,Merrion Square,Morning,9,9,0,19.25,18.88888888888889,19.96666666666667,1.0,1.0,20.0,69.0,True,3.0,2.8666666666666667,16.383333333333333,6.0,3.0
8220DB004522/1 56A c a | 0/1 151 c a | 0/Morning,8220DB004522,College Green,53.344262,-6.260608,1 56A c a | 0,1 151 c a | 0,56A · direction 0 → 151 · direction 0,The Square,Foxborough,Morning,3,3,0,19.85,15.016666666666666,21.116666666666667,0.6666666666666666,0.6666666666666666,20.0,59.8,True,4.0,3.5166666666666666,16.333333333333336,2.0,1.0
8220DB000618/1 27A c a | 1/1 42 c a | 1/Evening,8220DB000618,Newcomen Bridge,53.355807,-6.245148,1 27A c a | 1,1 42 c a | 1,27A · direction 1 → 42 · direction 1,Eden Quay,Talbot Street,Evening,5,5,0,20.5,22.1,30.75,0.8,0.8,30.0,71.33333333333334,True,5.0,4.25,16.25,4.0,1.0
8220DB000397/1 52 b | 0/1 77A c a | 0/Morning,8220DB000397,Pearse Sq,53.342786,-6.242015,1 52 b | 0,1 77A c a | 0,52 · direction 0 → 77A · direction 0,Leixlip Intel,Citywest,Morning,3,3,0,19.0,18.583333333333332,19.6,1.0,1.0,20.0,68.66666666666666,True,3.0,2.75,16.25,2.0,1.0
8220DB000017/1 41C c a | 0/2 101 d a | 0/Morning,8220DB000017,Drumcondra Stn,53.363078,-6.258399,1 41C c a | 0,2 101 d a | 0,41C · direction 0 → 101 · direction 0,Swords Manor,Drogheda,Morning,8,8,0,19.0,19.78125,23.625,0.875,0.75,29.0,67.16666666666666,True,3.0,2.75,16.25,7.0,1.0
8220DB000312/1 C3 c | 0/1 C1 c | 0/Morning,8220DB000312,Wellington Quay,53.3454764728264,-6.2662061554843,1 C3 c | 0,1 C1 c | 0,C3 · direction 0 → C1 · direction 0,Maynooth,Adamstown Station,Morning,6,6,0,19.625,20.166666666666668,29.0,0.8333333333333334,0.8333333333333334,22.5,66.16666666666667,True,5.0,3.375,16.25,5.0,1.0
8260DB003959/1 L58 b | 0/1 C3 c | 0/Evening,8260DB003959,Our Lady's Nativity,53.365668,-6.492933,1 L58 b | 0,1 C3 c | 0,L58 · direction 0 → C3 · direction 0,Hazelhatch Station,Maynooth,Evening,4,4,0,21.875,17.9375,22.6,0.75,0.5,28.625,63.25,True,5.0,5.625,16.25,3.0,1.0
8260DB003958/1 L58 b | 0/1 C3 c | 0/Evening,8260DB003958,Leixlip Main St,53.363601,-6.490812,1 L58 b | 0,1 C3 c | 0,L58 · direction 0 → C3 · direction 0,Hazelhatch Station,Maynooth,Evening,4,4,0,21.625,17.75,22.35,0.75,0.5,28.625,62.916666666666664,True,5.0,5.375,16.25,3.0,1.0
8240DB007167/1 39 c a | 0/1 38A c a | 0/Evening,8240DB007167,Navan Rd Stn,53.375866,-6.344783,1 39 c a | 0,1 38A c a | 0,39 · direction 0 → 38A · direction 0,Ongar,Damastown,Evening,8,8,0,20.875,20.03125,31.3,0.625,0.5,30.0,62.83333333333333,True,4.0,4.625,16.25,5.0,3.0
8220DB001807/1 39 c a | 0/1 38A c a | 0/Evening,8220DB001807,Old Racecourse,53.374415,-6.339263,1 39 c a | 0,1 38A c a | 0,39 · direction 0 → 38A · direction 0,Ongar,Damastown,Evening,8,8,0,20.875,20.09375,31.3,0.625,0.5,30.0,62.83333333333333,True,4.0,4.625,16.25,5.0,3.0
8350DB004156/3 45A d a | 0/1 L12 a | 1/Evening,8350DB004156,Seymour Road,53.2049673829576,-6.10361400629372,3 45A d a | 0,1 L12 a | 1,45A · direction 0 → L12 · direction 1,Dun Laoghaire,Bray Station,Evening,10,10,0,19.25,18.625,20.0,0.9,0.7,20.0,60.0,True,3.0,3.0,16.25,8.0,2.0
8220DB007392/1 C4 c | 0/1 C2 c | 0/Morning,8220DB007392,Aston Quay,53.346439,-6.261122,1 C4 c | 0,1 C2 c | 0,C4 · direction 0 → C2 · direction 0,Maynooth,Adamstown Station,Morning,7,7,0,21.75,20.214285714285715,27.75,0.8571428571428571,0.42857142857142855,23.375,57.44047619047619,True,7.0,5.5,16.25,5.0,2.0
8220DB007857/1 C3 c | 0/1 C1 c | 0/Morning,8220DB007857,Merchant's Quay,53.34508,-6.27451,1 C3 c | 0,1 C1 c | 0,C3 · direction 0 → C1 · direction 0,Maynooth,Adamstown Station,Morning,6,6,0,19.191666666666666,19.783333333333335,28.716666666666665,0.8333333333333334,0.8333333333333334,22.216666666666665,65.4,True,5.0,2.9583333333333335,16.233333333333334,5.0,1.0
8240DB001630/1 24 a | 0/1 19 a | 0/Morning,8240DB001630,ALSAA Sports Club,53.421866,-6.231892,1 24 a | 0,1 19 a | 0,24 · direction 0 → 19 · direction 0,Dublin Airport,Airport,Morning,8,8,0,19.433333333333334,20.237499999999997,28.39333333333333,0.875,0.75,20.0,61.74444444444444,True,5.0,3.225,16.208333333333332,7.0,1.0
8220DB001069/1 15A c a | 1/1 82 a | 1/Evening,8220DB001069,Swan Shop Cntr,53.323285,-6.26562,1 15A c a | 1,1 82 a | 1,15A · direction 1 → 82 · direction 1,Merrion Square,Sean Moore Rd,Evening,10,10,0,20.43333333333333,15.523333333333332,21.9,0.6,0.4,20.0,52.57777777777777,True,2.0,4.233333333333333,16.199999999999996,5.0,5.0
8220DB001444/1 69 c a | 0/1 24 a | 0/Evening,8220DB001444,Merchant's Quay,53.34504,-6.27417,1 69 c a | 0,1 24 a | 0,69 · direction 0 → 24 · direction 0,Rathcoole,Dublin Airport,Evening,3,3,0,19.25,18.038888888888888,19.423333333333332,1.0,0.6666666666666666,20.0,59.0,True,6.0,3.0833333333333335,16.166666666666668,3.0,0.0
8220DB001170/1 15A c a | 1/1 82 a | 1/Evening,8220DB001170,Rathmines Garda,53.321689,-6.266525,1 15A c a | 1,1 82 a | 1,15A · direction 1 → 82 · direction 1,Merrion Square,Sean Moore Rd,Evening,10,10,0,20.25,15.4,21.825,0.6,0.4,20.0,52.33333333333333,True,2.0,4.125,16.125,5.0,5.0
8220DB007732/1 C3 c | 0/1 C1 c | 0/Morning,8220DB007732,Tara Street,53.347221,-6.255171,1 C3 c | 0,1 C1 c | 0,C3 · direction 0 → C1 · direction 0,Maynooth,Adamstown Station,Morning,6,6,0,18.8,19.133333333333336,27.691666666666666,0.8333333333333334,0.6666666666666666,21.3,59.26666666666667,True,5.0,2.7333333333333334,16.066666666666666,4.0,2.0
8230DB002562/1 65B c a | 0/1 77A c a | 0/Morning,8230DB002562,Donomore Ave,53.273185,-6.387932,1 65B c a | 0,1 77A c a | 0,65B · direction 0 → 77A · direction 0,Citywest,Citywest,Morning,3,3,0,18.7,23.611111111111114,31.300000000000004,1.0,1.0,20.0,68.26666666666667,True,5.0,2.683333333333333,16.016666666666666,3.0,0.0
8220DB000616/1 27A c a | 1/1 42 c a | 1/Evening,8220DB000616,North Strand FS,53.359845,-6.239555,1 27A c a | 1,1 42 c a | 1,27A · direction 1 → 42 · direction 1,Eden Quay,Talbot Street,Evening,5,5,0,20.5,22.2,30.75,0.8,0.8,30.0,71.33333333333334,True,5.0,4.5,16.0,4.0,1.0
8350DB004170/3 L15 a | 0/1 L12 a | 0/Evening,8350DB004170,Methodist Church,53.203483770052,-6.10697299154272,3 L15 a | 0,1 L12 a | 0,L15 · direction 0 → L12 · direction 0,Enniskerry,Ballywaltrim,Evening,3,3,0,18.75,18.833333333333332,19.15,1.0,1.0,20.0,68.33333333333333,True,4.0,2.75,16.0,3.0,0.0
8220DB000493/1 120 c a | 0/1 19 a | 0/Evening,8220DB000493,Holles Street,53.3398534163774,-6.24737682273898,1 120 c a | 0,1 19 a | 0,120 · direction 0 → 19 · direction 0,Ashtown Stn,Airport,Evening,3,3,0,18.75,18.75,18.75,1.0,1.0,20.0,68.33333333333333,True,4.0,2.75,16.0,3.0,0.0
8220DB000494/1 120 c a | 0/1 19 a | 0/Evening,8220DB000494,Clare Street,53.341436,-6.251682,1 120 c a | 0,1 19 a | 0,120 · direction 0 → 19 · direction 0,Ashtown Stn,Airport,Evening,3,3,0,18.5,18.416666666666668,18.5,1.0,1.0,20.0,68.0,True,4.0,2.5,16.0,3.0,0.0
8250DB002040/1 L25 | 1/3 L27 a | 0/Morning,8250DB002040,Dun Laoghaire SC,53.292791187827,-6.13536904926552,1 L25 | 1,3 L27 a | 0,L25 · direction 1 → L27 · direction 0,Dundrum,Leopardstown Valley,Morning,13,13,0,24.633333333333333,22.98205128205128,30.35,1.0,0.46153846153846156,30.0,66.6905982905983,True,8.0,8.633333333333333,16.0,7.0,6.0
8220DB000494/1 23 a | 0/1 82 a | 1/Evening,8220DB000494,Clare Street,53.341436,-6.251682,1 23 a | 0,1 82 a | 1,23 · direction 0 → 82 · direction 1,Charlestown,Sean Moore Rd,Evening,9,9,0,19.483333333333334,18.603703703703705,20.483333333333334,1.0,0.8888888888888888,20.0,65.97777777777777,True,3.0,3.4833333333333334,16.0,6.0,3.0
8220DB000340/1 44 c a | 0/1 C4 c | 1/Evening,8220DB000340,Townsend Street,53.345975,-6.256017,1 44 c a | 0,1 C4 c | 1,44 · direction 0 → C4 · direction 1,Enniskerry,Ringsend Road,Evening,3,3,0,19.75,19.416666666666668,20.55,1.0,0.6666666666666666,28.625,65.41666666666666,True,2.0,3.75,16.0,2.0,1.0
8230DB002216/1 P29 c | 0/3 W4 a | 0/Evening,8230DB002216,Ballyowen Lane,53.3588652801404,-6.4159498243828,1 P29 c | 0,3 W4 a | 0,P29 · direction 0 → W4 · direction 0,Adamstown Station,The Square,Evening,4,4,0,23.375,20.375,27.598333333333333,0.75,0.5,28.0,64.83333333333334,True,4.0,7.375,16.0,2.0,2.0
8230DB004599/1 52 b | 0/1 C1 c | 0/Morning,8230DB004599,Hermitage Road,53.3577587404062,-6.42333743295062,1 52 b | 0,1 C1 c | 0,52 · direction 0 → C1 · direction 0,Leixlip Intel,Adamstown Station,Morning,3,3,0,21.0,21.222222222222225,23.6,1.0,0.6666666666666666,21.5,62.333333333333336,True,4.0,5.0,16.0,2.0,1.0
8230DB002215/1 52 b | 0/1 C1 c | 0/Morning,8230DB002215,St Loman's Hospital,53.358206,-6.408973,1 52 b | 0,1 C1 c | 0,52 · direction 0 → C1 · direction 0,Leixlip Intel,Adamstown Station,Morning,3,3,0,21.0,21.25,23.6,1.0,0.6666666666666666,21.375,62.25,True,4.0,5.0,16.0,2.0,1.0
8230DB002213/1 52 b | 0/1 C1 c | 0/Morning,8230DB002213,Liffey Valley SC,53.355778,-6.392073,1 52 b | 0,1 C1 c | 0,52 · direction 0 → C1 · direction 0,Leixlip Intel,Adamstown Station,Morning,3,3,0,21.0,21.166666666666668,23.6,1.0,0.6666666666666666,21.25,62.16666666666667,True,4.0,5.0,16.0,2.0,1.0
8230DB002214/1 52 b | 0/1 C1 c | 0/Morning,8230DB002214,Clayton Hotel,53.35609,-6.399933,1 52 b | 0,1 C1 c | 0,52 · direction 0 → C1 · direction 0,Leixlip Intel,Adamstown Station,Morning,3,3,0,21.0,21.166666666666668,23.6,1.0,0.6666666666666666,21.25,62.16666666666667,True,4.0,5.0,16.0,2.0,1.0
8220DB000320/1 11 c a | 1/1 19 a | 0/Morning,8220DB000320,Westmoreland Street,53.3456456323889,-6.25930523253448,1 11 c a | 1,1 19 a | 0,11 · direction 1 → 19 · direction 0,"Parnell Square, Phoenix Pk",Airport,Morning,8,8,0,19.108333333333334,15.693750000000001,19.8,0.75,0.75,20.0,61.3111111111111,True,4.0,3.1083333333333334,16.0,6.0,2.0
8240B1045601/2 109 d | 1/2 105 c a | 1/Evening,8240B1045601,Blanchardstown N3,53.39732,-6.38979,2 109 d | 1,2 105 c a | 1,109 · direction 1 → 105 · direction 1,"Dublin, U C D Belfield",Parkway Station,Evening,5,5,0,20.5,23.5,29.0,1.0,0.4,30.0,59.333333333333336,True,7.0,4.5,16.0,3.0,2.0
8220DB000047/1 44 c a | 0/1 19 a | 1/Evening,8220DB000047,Archbishop's House,53.363916,-6.257298,1 44 c a | 0,1 19 a | 1,44 · direction 0 → 19 · direction 1,"Enniskerry, O'Connell Street","Merrion Square, Parnell Square",Evening,3,3,0,19.5,14.083333333333334,20.5,0.6666666666666666,0.6666666666666666,20.0,59.33333333333333,True,3.0,3.5,16.0,2.0,1.0
8350DB004156/3 L15 a | 1/3 45A d a | 0/Evening,8350DB004156,Seymour Road,53.2049673829576,-6.10361400629372,3 L15 a | 1,3 45A d a | 0,L15 · direction 1 → 45A · direction 0,Bray Station,Dun Laoghaire,Evening,3,3,0,19.0,14.0,20.6,0.6666666666666666,0.6666666666666666,20.0,58.66666666666666,True,1.0,3.0,16.0,1.0,2.0
8240DB007382/1 38 c a | 0/1 38B c a | 0/Morning,8240DB007382,Damastown Close,53.408832,-6.408769,1 38 c a | 0,1 38B c a | 0,38 · direction 0 → 38B · direction 0,Damastown,Damastown,Morning,7,4,3,20.1,22.225,26.050000000000004,0.5714285714285714,0.42857142857142855,20.0,52.99047619047619,True,4.0,4.1,16.0,3.0,1.0
8220DB001287/1 16D c a | 0/1 16 c a | 0/Morning,8220DB001287,Harrington Street,53.332478,-6.266118,1 16D c a | 0,1 16 c a | 0,16D · direction 0 → 16 · direction 0,Ballinteer,Ballinteer,Morning,5,5,0,20.25,14.75,21.9,0.6,0.4,12.0,47.0,True,2.0,4.25,16.0,2.0,3.0
8220DB007732/1 P29 c | 0/1 C4 c | 0/Evening,8220DB007732,Tara Street,53.347221,-6.255171,1 P29 c | 0,1 C4 c | 0,P29 · direction 0 → C4 · direction 0,Adamstown Station,Maynooth,Evening,4,4,0,19.275,18.895833333333332,26.016666666666666,0.75,0.75,29.483333333333334,67.85555555555555,True,4.0,3.2750000000000004,15.999999999999998,3.0,1.0
8220DB000619/1 27A c a | 1/1 42 c a | 1/Evening,8220DB000619,Five Lamps,53.354198,-6.247095,1 27A c a | 1,1 42 c a | 1,27A · direction 1 → 42 · direction 1,Eden Quay,Talbot Street,Evening,5,5,0,20.366666666666667,22.073333333333334,30.75,0.8,0.8,30.0,71.15555555555555,True,5.0,4.4,15.966666666666667,4.0,1.0
8240DB003642/1 142 e a | 1/1 42 c a | 0/Evening,8240DB003642,Seabury,53.455126,-6.1813,1 142 e a | 1,1 42 c a | 0,142 · direction 1 → 42 · direction 0,Coast Road,Portmarnock,Evening,3,3,0,19.816666666666666,15.161111111111111,20.643333333333334,0.6666666666666666,0.6666666666666666,26.216666666666665,63.900000000000006,True,3.0,3.85,15.966666666666667,2.0,1.0
8240DB003669/1 19 a | 1/1 16D c a | 0/Morning,8240DB003669,Aircraft Hangars,53.428466,-6.23508,1 19 a | 1,1 16D c a | 0,19 · direction 1 → 16D · direction 0,Merrion Square,Ballinteer,Morning,9,5,4,19.183333333333334,19.276666666666664,19.623333333333335,0.5555555555555556,0.5555555555555556,20.0,55.57777777777778,True,4.0,3.216666666666667,15.966666666666667,6.0,0.0
8240DB001631/1 19 a | 1/1 16D c a | 0/Morning,8240DB001631,ALSAA Sports Club,53.422406,-6.230696,1 19 a | 1,1 16D c a | 0,19 · direction 1 → 16D · direction 0,Merrion Square,Ballinteer,Morning,9,5,4,18.816666666666666,18.91,19.446666666666665,0.5555555555555556,0.5555555555555556,20.0,55.08888888888889,True,4.0,2.8833333333333337,15.933333333333334,6.0,0.0
8220DB001288/1 16D c a | 0/1 16 c a | 0/Morning,8220DB001288,Victoria Street,53.332323,-6.269638,1 16D c a | 0,1 16 c a | 0,16D · direction 0 → 16 · direction 0,Ballinteer,Ballinteer,Morning,5,5,0,20.166666666666668,14.696666666666667,21.766666666666666,0.6,0.4,12.0,46.88888888888889,True,2.0,4.25,15.916666666666668,2.0,3.0
8220DB000786/1 38 c a | 0/1 7B c a | 1/Morning,8220DB000786,Leeson Street Lwr,53.33513,-6.25612,1 38 c a | 0,1 7B c a | 1,38 · direction 0 → 7B · direction 1,Damastown,Mountjoy Square,Morning,7,7,0,23.516666666666666,20.42142857142857,36.03333333333334,0.5714285714285714,0.42857142857142855,25.0,60.87936507936507,True,4.0,7.6,15.916666666666666,3.0,4.0
8240DB005053/1 19 a | 1/1 16D c a | 0/Morning,8240DB005053,Toberbunny,53.419642,-6.234648,1 19 a | 1,1 16D c a | 0,19 · direction 1 → 16D · direction 0,Merrion Square,Ballinteer,Morning,8,5,3,19.133333333333333,19.196666666666665,19.793333333333333,0.625,0.625,20.0,57.59444444444445,True,4.0,3.225,15.908333333333333,6.0,0.0
8220DB001285/1 16D c a | 0/1 16 c a | 0/Morning,8220DB001285,Camden Street Lwr,53.334378,-6.265125,1 16D c a | 0,1 16 c a | 0,16D · direction 0 → 16 · direction 0,Ballinteer,Ballinteer,Morning,5,5,0,20.6,15.353333333333333,22.810000000000002,0.6,0.4,12.0,47.46666666666667,True,2.0,4.7,15.900000000000002,2.0,3.0
8230DB002564/1 65B c a | 0/1 77A c a | 0/Morning,8230DB002564,Killinarden Hts,53.273766,-6.391644,1 65B c a | 0,1 77A c a | 0,65B · direction 0 → 77A · direction 0,Citywest,Citywest,Morning,3,3,0,18.766666666666666,23.833333333333332,31.64666666666667,1.0,1.0,20.0,68.35555555555555,True,5.0,2.8666666666666667,15.899999999999999,3.0,0.0
8220DB007392/1 C3 c | 0/1 C1 c | 0/Morning,8220DB007392,Aston Quay,53.346439,-6.261122,1 C3 c | 0,1 C1 c | 0,C3 · direction 0 → C1 · direction 0,Maynooth,Adamstown Station,Morning,6,6,0,19.25,20.25,29.625,0.8333333333333334,0.8333333333333334,22.375,65.58333333333334,True,5.0,3.375,15.875,5.0,1.0
8240DB001827/1 38 c a | 0/1 38B c a | 0/Morning,8240DB001827,Parslickstown Ave,53.407042,-6.398563,1 38 c a | 0,1 38B c a | 0,38 · direction 0 → 38B · direction 0,Damastown,Damastown,Morning,7,4,3,18.5,21.125,25.85,0.5714285714285714,0.42857142857142855,20.0,50.85714285714286,True,4.0,2.625,15.875,3.0,1.0
8220DB001289/1 16D c a | 0/1 16 c a | 0/Morning,8220DB001289,Spencer St South,53.332129,-6.273039,1 16D c a | 0,1 16 c a | 0,16D · direction 0 → 16 · direction 0,Ballinteer,Ballinteer,Morning,5,5,0,20.1,14.660000000000002,21.66,0.6,0.4,12.0,46.8,True,2.0,4.25,15.850000000000001,2.0,3.0
8240DB003641/1 142 e a | 1/1 42 c a | 0/Evening,8240DB003641,Estuary Road,53.452725,-6.183586,1 142 e a | 1,1 42 c a | 0,142 · direction 1 → 42 · direction 0,Coast Road,Portmarnock,Evening,3,3,0,19.783333333333335,15.177777777777777,20.73,0.6666666666666666,0.6666666666666666,25.916666666666668,63.65555555555556,True,3.0,3.966666666666667,15.816666666666668,2.0,1.0
8220DB000494/1 15A c a | 0/1 23 a | 0/Morning,8220DB000494,Clare Street,53.341436,-6.251682,1 15A c a | 0,1 23 a | 0,15A · direction 0 → 23 · direction 0,Limekiln Ave,Charlestown,Morning,11,11,0,18.033333333333335,14.243939393939394,18.283333333333335,0.5454545454545454,0.5454545454545454,20.0,53.74141414141414,True,4.0,2.283333333333333,15.750000000000002,6.0,5.0
8220DB000614/1 27A c a | 1/1 42 c a | 1/Evening,8220DB000614,Fairview,53.363284,-6.234544,1 27A c a | 1,1 42 c a | 1,27A · direction 1 → 42 · direction 1,Eden Quay,Talbot Street,Evening,5,5,0,20.5,22.0,30.5,0.8,0.8,30.0,71.33333333333334,True,5.0,4.75,15.75,4.0,1.0
8220DB000190/2 NX c a | 1/1 23 a | 1/Morning,8220DB000190,Broadstone,53.3551257304144,-6.27337107400574,2 NX c a | 1,1 23 a | 1,NX · direction 1 → 23 · direction 1,"Dublin, Wilton Terrace",Merrion Square,Morning,9,9,0,18.75,17.75,22.55,0.8888888888888888,0.6666666666666666,20.0,58.33333333333333,True,3.0,3.0,15.75,6.0,3.0
8240DB003679/3 197 | 0/1 41 c a | 0/Evening,8240DB003679,Swords Castle,53.459082,-6.220136,3 197 | 0,1 41 c a | 0,197 · direction 0 → 41 · direction 0,Ashbourne,Swords Manor,Evening,3,3,0,18.0,14.833333333333334,22.4,0.6666666666666666,0.6666666666666666,20.0,57.33333333333333,True,4.0,2.25,15.75,2.0,1.0
8220DB001072/1 15A c a | 1/1 82 a | 1/Evening,8220DB001072,Richmond St South,53.331027,-6.264585,1 15A c a | 1,1 82 a | 1,15A · direction 1 → 82 · direction 1,Merrion Square,Sean Moore Rd,Evening,11,11,0,20.0,15.659090909090908,21.75,0.6363636363636364,0.45454545454545453,20.0,53.636363636363626,True,3.0,4.25,15.75,7.0,4.0
8220DB001290/1 16D c a | 0/1 16 c a | 0/Morning,8220DB001290,Clanbrassil Upr,53.330731,-6.275167,1 16D c a | 0,1 16 c a | 0,16D · direction 0 → 16 · direction 0,Ballinteer,Ballinteer,Morning,5,5,0,20.0,14.6,21.5,0.6,0.4,12.0,46.666666666666664,True,2.0,4.25,15.75,2.0,3.0
8220DB000396/1 52 b | 0/1 77A c a | 0/Morning,8220DB000396,Grnd Canal Quay,53.34247,-6.23968,1 52 b | 0,1 77A c a | 0,52 · direction 0 → 77A · direction 0,Leixlip Intel,Citywest,Morning,4,4,0,19.558333333333334,19.5,21.216666666666665,1.0,0.75,20.0,61.91111111111111,True,3.0,3.8499999999999996,15.708333333333334,3.0,1.0
8240DB001816/1 38A c a | 0/1 38 c a | 0/Evening,8240DB001816,Waterville Row,53.39309,-6.378382,1 38A c a | 0,1 38 c a | 0,38A · direction 0 → 38 · direction 0,Damastown,Damastown,Evening,8,8,0,19.15,18.683333333333334,27.976666666666667,0.75,0.5,29.75,60.36666666666667,True,4.0,3.45,15.7,5.0,3.0
8220DB004407/1 60 | 0/1 C2 c | 0/Morning,8220DB004407,Victoria Quay,53.346488,-6.285165,1 60 | 0,1 C2 c | 0,60 · direction 0 → C2 · direction 0,Red Cow Luas,Adamstown Station,Morning,3,3,0,21.233333333333334,20.477777777777778,29.046666666666667,0.6666666666666666,0.6666666666666666,22.866666666666667,63.555555555555564,True,5.0,5.583333333333333,15.650000000000002,2.0,1.0
8240DB008243/1 19 a | 1/1 24 a | 1/Evening,8240DB008243,Ballymun Kickhams,53.417428,-6.264607,1 19 a | 1,1 24 a | 1,19 · direction 1 → 24 · direction 1,Merrion Square,Merrion Square,Evening,9,9,0,18.766666666666666,18.42222222222222,19.176666666666666,1.0,1.0,20.0,68.35555555555555,True,4.0,3.1166666666666667,15.649999999999999,6.0,3.0
8240DB001819/1 38A c a | 0/1 38 c a | 0/Evening,8240DB001819,Corduff,53.399633,-6.374403,1 38A c a | 0,1 38 c a | 0,38A · direction 0 → 38 · direction 0,Damastown,Damastown,Evening,8,8,0,19.25,18.78125,28.325,0.75,0.5,30.0,60.66666666666667,True,4.0,3.625,15.625,5.0,3.0
8240DB001818/1 38A c a | 0/1 38 c a | 0/Evening,8240DB001818,Aquatic Centre,53.397563,-6.372257,1 38A c a | 0,1 38 c a | 0,38A · direction 0 → 38 · direction 0,Damastown,Damastown,Evening,8,8,0,19.175,18.7625,28.325,0.75,0.5,30.0,60.56666666666666,True,4.0,3.55,15.625,5.0,3.0
8240DB001817/1 38A c a | 0/1 38 c a | 0/Evening,8240DB001817,Corduff Crescent,53.396053,-6.374856,1 38A c a | 0,1 38 c a | 0,38A · direction 0 → 38 · direction 0,Damastown,Damastown,Evening,8,8,0,19.125,18.75,28.325,0.75,0.5,30.0,60.5,True,4.0,3.5,15.625,5.0,3.0
8220DB000495/1 15A c a | 0/1 23 a | 0/Morning,8220DB000495,Pearse Stn,53.343591,-6.249747,1 15A c a | 0,1 23 a | 0,15A · direction 0 → 23 · direction 0,Limekiln Ave,Charlestown,Morning,11,11,0,18.433333333333334,14.786363636363637,18.816666666666666,0.5454545454545454,0.5454545454545454,20.0,54.27474747474747,True,4.0,2.816666666666667,15.616666666666667,6.0,5.0
8240DB003678/1 33 c a | 0/1 41C c a | 0/Morning,8240DB003678,Swords Village,53.455323,-6.222431,1 33 c a | 0,1 41C c a | 0,33 · direction 0 → 41C · direction 0,"Balbriggan, Skerries",Swords Manor,Morning,3,3,0,19.183333333333334,24.561111111111114,42.43666666666667,0.6666666666666666,0.6666666666666666,20.0,58.91111111111111,True,3.0,3.5833333333333335,15.6,2.0,1.0
8240DB001822/1 38A c a | 0/1 38 c a | 0/Evening,8240DB001822,St Patrick's Church,53.399653,-6.377832,1 38A c a | 0,1 38 c a | 0,38A · direction 0 → 38 · direction 0,Damastown,Damastown,Evening,8,8,0,19.18333333333333,18.699999999999996,28.291666666666664,0.75,0.5,29.75,60.41111111111111,True,4.0,3.625,15.55833333333333,5.0,3.0
8240B101281/2 105 c a | 0/2 109 d | 0/Evening,8240B101281,Blanchardstown N3,53.39576,-6.39119,2 105 c a | 0,2 109 d | 0,105 · direction 0 → 109 · direction 0,"Ashbourne, Drogheda","Dunshaughlin, Kells, Virginia",Evening,6,6,0,21.25,20.583333333333332,29.5,0.6666666666666666,0.6666666666666666,31.75,68.33333333333334,True,5.0,5.75,15.5,4.0,2.0
8220DB002637/1 60 | 0/1 C2 c | 0/Morning,8220DB002637,Heuston Station,53.345846,-6.294308,1 60 | 0,1 C2 c | 0,60 · direction 0 → C2 · direction 0,Red Cow Luas,Adamstown Station,Morning,3,3,0,20.5,19.666666666666668,28.1,0.6666666666666666,0.6666666666666666,23.0,62.66666666666667,True,5.0,5.0,15.5,2.0,1.0
8220DB001072/1 65B c a | 1/1 15A c a | 1/Morning,8220DB001072,Richmond St South,53.331027,-6.264585,1 65B c a | 1,1 15A c a | 1,65B · direction 1 → 15A · direction 1,Poolbeg St,Merrion Square,Morning,4,4,0,18.0,19.375,24.1,1.0,0.75,20.0,59.83333333333333,True,2.0,2.5,15.5,3.0,1.0
8220DB001071/1 82 a | 1/1 15A c a | 1/Evening,8220DB001071,Cathal Brugha Brrks,53.32729,-6.26485,1 82 a | 1,1 15A c a | 1,82 · direction 1 → 15A · direction 1,Sean Moore Rd,Merrion Square,Evening,9,9,0,19.5,17.72222222222222,22.400000000000002,0.6666666666666666,0.6666666666666666,20.0,59.33333333333333,True,4.0,4.0,15.5,6.0,3.0
8220DB000494/1 82 a | 1/1 23 a | 0/Evening,8220DB000494,Clare Street,53.341436,-6.251682,1 82 a | 1,1 23 a | 0,82 · direction 1 → 23 · direction 0,Sean Moore Rd,Charlestown,Evening,9,9,0,19.016666666666666,14.29814814814815,20.516666666666666,0.6666666666666666,0.6666666666666666,20.0,58.68888888888888,True,3.0,3.5166666666666666,15.5,6.0,3.0
8220DB000494/1 X31 c | 0/1 23 a | 0/Evening,8220DB000494,Clare Street,53.341436,-6.251682,1 X31 c | 0,1 23 a | 0,X31 · direction 0 → 23 · direction 0,River Forest,Charlestown,Evening,3,3,0,18.75,15.75,19.15,0.6666666666666666,0.6666666666666666,20.0,58.33333333333333,True,4.0,3.25,15.5,2.0,1.0
8220DB007856/1 52 b | 1/1 23 a | 1/Evening,8220DB007856,Inns Quay,53.345623,-6.273184,1 52 b | 1,1 23 a | 1,52 · direction 1 → 23 · direction 1,Ringsend Road,Merrion Square,Evening,3,3,0,18.75,19.75,23.55,1.0,0.6666666666666666,20.0,58.33333333333333,True,6.0,3.25,15.5,3.0,0.0
8220DB000494/1 X31 c | 0/1 82 a | 1/Evening,8220DB000494,Clare Street,53.341436,-6.251682,1 X31 c | 0,1 82 a | 1,X31 · direction 0 → 82 · direction 1,River Forest,Sean Moore Rd,Evening,3,3,0,18.733333333333334,15.566666666666668,19.133333333333333,0.6666666666666666,0.6666666666666666,20.0,58.3111111111111,True,4.0,3.2333333333333334,15.5,2.0,1.0
8220DB000315/1 C4 c | 1/1 C3 c | 1/Morning,8220DB000315,Bachelors Walk,53.347028,-6.261667,1 C4 c | 1,1 C3 c | 1,C4 · direction 1 → C3 · direction 1,Ringsend Road,Ringsend Road,Morning,7,7,0,20.75,19.392857142857142,32.7,0.5714285714285714,0.42857142857142855,26.5,58.19047619047618,True,2.0,5.25,15.5,3.0,4.0
8220DB000786/1 X2 a | 1/1 11 c a | 1/Morning,8220DB000786,Leeson Street Lwr,53.33513,-6.25612,1 X2 a | 1,1 11 c a | 1,X2 · direction 1 → 11 · direction 1,Hawkins Street,"Parnell Square, Phoenix Pk",Morning,4,4,0,19.625,21.625,34.075,0.75,0.5,21.0,55.16666666666667,True,7.0,4.125,15.5,4.0,0.0
8220DB000906/1 X2 a | 1/1 11 c a | 1/Morning,8220DB000906,Leeson Street Upr,53.3288107659722,-6.24763437727541,1 X2 a | 1,1 11 c a | 1,X2 · direction 1 → 11 · direction 1,Hawkins Street,"Parnell Square, Phoenix Pk",Morning,4,4,0,19.708333333333332,21.333333333333336,33.00833333333334,0.75,0.5,20.625,55.02777777777778,True,7.0,4.208333333333333,15.5,4.0,0.0
8220DB000400/1 15A c a | 0/1 23 a | 0/Morning,8220DB000400,Shaw Street,53.344849,-6.25339,1 15A c a | 0,1 23 a | 0,15A · direction 0 → 23 · direction 0,Limekiln Ave,Charlestown,Morning,11,11,0,18.75,15.227272727272727,19.25,0.6363636363636364,0.5454545454545454,20.0,54.69696969696969,True,4.0,3.25,15.5,6.0,5.0
8220DB001353/1 65B c a | 1/1 15A c a | 1/Morning,8220DB001353,Wexford Street,53.33601,-6.265419,1 65B c a | 1,1 15A c a | 1,65B · direction 1 → 15A · direction 1,Poolbeg St,Merrion Square,Morning,4,4,0,18.433333333333334,19.883333333333333,24.593333333333334,1.0,0.5,20.0,52.91111111111111,True,2.0,2.9333333333333336,15.5,3.0,1.0
8240DB001813/1 39 c a | 0/1 38A c a | 0/Evening,8240DB001813,Blanchardstown Vlge,53.38568,-6.374108,1 39 c a | 0,1 38A c a | 0,39 · direction 0 → 38A · direction 0,Ongar,Damastown,Evening,8,8,0,19.65,19.31458333333333,32.598333333333336,0.625,0.5,30.0,61.199999999999996,True,4.0,4.15,15.499999999999998,5.0,3.0
8220DB000909/1 X2 a | 1/1 11 c a | 1/Morning,8220DB000909,Adelaide Road,53.333148,-6.254078,1 X2 a | 1,1 11 c a | 1,X2 · direction 1 → 11 · direction 1,Hawkins Street,"Parnell Square, Phoenix Pk",Morning,4,4,0,19.65,21.545833333333334,33.778333333333336,0.75,0.5,20.891666666666666,55.12777777777777,True,7.0,4.15,15.499999999999998,4.0,0.0
8240DB001814/1 39 c a | 0/1 38A c a | 0/Evening,8240DB001814,Ramor Park,53.3875618067808,-6.37899788575985,1 39 c a | 0,1 38A c a | 0,39 · direction 0 → 38A · direction 0,Ongar,Damastown,Evening,8,8,0,19.725,19.352083333333333,32.681666666666665,0.625,0.5,30.0,61.300000000000004,True,4.0,4.283333333333333,15.441666666666668,5.0,3.0
8220DB004528/1 82 a | 1/1 15A c a | 1/Evening,8220DB004528,Grove Park,53.328896,-6.264537,1 82 a | 1,1 15A c a | 1,82 · direction 1 → 15A · direction 1,Sean Moore Rd,Merrion Square,Evening,9,9,0,19.4,17.688888888888886,22.400000000000002,0.6666666666666666,0.6666666666666666,20.0,59.19999999999999,True,4.0,4.0,15.399999999999999,6.0,3.0
8240DB004994/1 38A c a | 0/1 38 c a | 0/Evening,8240DB004994,Warrenstown Green,53.400938,-6.38646,1 38A c a | 0,1 38 c a | 0,38A · direction 0 → 38 · direction 0,Damastown,Damastown,Evening,8,8,0,18.991666666666667,18.464583333333334,28.191666666666666,0.75,0.5,30.0,60.32222222222222,True,4.0,3.6083333333333334,15.383333333333333,5.0,3.0
8240DB004995/1 38A c a | 0/1 38 c a | 0/Evening,8240DB004995,Castlecurragh Heath,53.402517,-6.388942,1 38A c a | 0,1 38 c a | 0,38A · direction 0 → 38 · direction 0,Damastown,Damastown,Evening,8,8,0,18.933333333333334,18.391666666666666,28.15833333333333,0.75,0.5,30.0,60.24444444444444,True,5.0,3.5583333333333336,15.375,6.0,2.0
8240DB004996/1 38A c a | 0/1 38 c a | 0/Evening,8240DB004996,Castlecurragh Vale,53.403839,-6.390953,1 38A c a | 0,1 38 c a | 0,38A · direction 0 → 38 · direction 0,Damastown,Damastown,Evening,8,8,0,18.883333333333333,18.329166666666666,28.141666666666666,0.75,0.5,30.0,60.17777777777778,True,5.0,3.5083333333333337,15.375,6.0,2.0
8240DB001827/1 38A c a | 0/1 38 c a | 0/Evening,8240DB001827,Parslickstown Ave,53.407042,-6.398563,1 38A c a | 0,1 38 c a | 0,38A · direction 0 → 38 · direction 0,Damastown,Damastown,Evening,8,8,0,18.75,18.15625,28.075,0.75,0.5,30.0,60.0,True,5.0,3.375,15.375,6.0,2.0
8220DB004528/1 65B c a | 1/1 15A c a | 1/Morning,8220DB004528,Grove Park,53.328896,-6.264537,1 65B c a | 1,1 15A c a | 1,65B · direction 1 → 15A · direction 1,Poolbeg St,Merrion Square,Morning,4,4,0,17.85,19.15,23.89,1.0,0.75,20.0,59.63333333333334,True,2.0,2.4916666666666667,15.358333333333334,3.0,1.0
8220DB001069/1 82 a | 1/1 15A c a | 1/Evening,8220DB001069,Swan Shop Cntr,53.323285,-6.26562,1 82 a | 1,1 15A c a | 1,82 · direction 1 → 15A · direction 1,Sean Moore Rd,Merrion Square,Evening,9,9,0,19.1,17.296296296296298,21.88666666666667,0.6666666666666666,0.6666666666666666,20.0,58.8,True,4.0,3.85,15.250000000000002,6.0,3.0
8220DB001070/1 82 a | 1/1 15A c a | 1/Evening,8220DB001070,Rathmines,53.32498,-6.265356,1 82 a | 1,1 15A c a | 1,82 · direction 1 → 15A · direction 1,Sean Moore Rd,Merrion Square,Evening,9,9,0,19.1,17.325925925925926,21.873333333333335,0.6666666666666666,0.6666666666666666,20.0,58.8,True,4.0,3.85,15.250000000000002,6.0,3.0
8220DB000398/1 52 b | 0/1 77A c a | 0/Morning,8220DB000398,Erne Street,53.3432949350358,-6.24547844686789,1 52 b | 0,1 77A c a | 0,52 · direction 0 → 77A · direction 0,Leixlip Intel,Citywest,Morning,3,3,0,18.883333333333333,18.51111111111111,19.483333333333334,1.0,1.0,20.0,68.5111111111111,True,4.0,3.6333333333333333,15.25,2.0,1.0
8220DB000399/1 52 b | 0/1 77A c a | 0/Morning,8220DB000399,Pearse Street,53.343867,-6.248309,1 52 b | 0,1 77A c a | 0,52 · direction 0 → 77A · direction 0,Leixlip Intel,Citywest,Morning,3,3,0,18.8,18.461111111111112,19.400000000000002,1.0,1.0,20.0,68.4,True,4.0,3.55,15.25,2.0,1.0
8220DB001071/1 65B c a | 1/1 15A c a | 1/Morning,8220DB001071,Cathal Brugha Brrks,53.32729,-6.26485,1 65B c a | 1,1 15A c a | 1,65B · direction 1 → 15A · direction 1,Poolbeg St,Merrion Square,Morning,4,4,0,17.75,19.0,23.75,1.0,0.75,20.0,59.5,True,2.0,2.5,15.25,3.0,1.0
8220DB001072/1 82 a | 1/1 15A c a | 1/Evening,8220DB001072,Richmond St South,53.331027,-6.264585,1 82 a | 1,1 15A c a | 1,82 · direction 1 → 15A · direction 1,Sean Moore Rd,Merrion Square,Evening,9,9,0,19.25,17.63888888888889,22.400000000000002,0.6666666666666666,0.6666666666666666,20.0,59.0,True,4.0,4.0,15.25,6.0,3.0
8240DB003689/1 33 c a | 1/1 41 c a | 1/Evening,8240DB003689,Swords Castle,53.458936,-6.220006,1 33 c a | 1,1 41 c a | 1,33 · direction 1 → 41 · direction 1,Abbey St,Abbey St,Evening,3,3,0,17.75,16.0,17.95,0.6666666666666666,0.6666666666666666,20.0,57.0,True,4.0,2.5,15.25,2.0,1.0
8240DB007382/1 38B c a | 0/1 38 c a | 0/Morning,8240DB007382,Damastown Close,53.408832,-6.408769,1 38B c a | 0,1 38 c a | 0,38B · direction 0 → 38 · direction 0,Damastown,Damastown,Morning,5,5,0,19.9,18.419999999999998,26.77,0.6,0.4,30.0,58.53333333333333,True,3.0,4.7,15.2,3.0,2.0
8220DB000494/1 15B c a | 0/1 24 a | 0/Evening,8220DB000494,Clare Street,53.341436,-6.251682,1 15B c a | 0,1 24 a | 0,15B · direction 0 → 24 · direction 0,Stocking Ave,Dublin Airport,Evening,12,12,0,18.09166666666667,13.973611111111111,18.849999999999998,0.5833333333333334,0.5833333333333334,20.0,54.95555555555555,True,4.0,2.9,15.191666666666668,7.0,5.0
8240DB003678/3 33A d a | 0/1 33 c a | 0/Evening,8240DB003678,Swords Village,53.455323,-6.222431,3 33A d a | 0,1 33 c a | 0,33A · direction 0 → 33 · direction 0,"Balbriggan, Skerries","Balbriggan, Skerries",Evening,5,5,0,23.116666666666667,25.936666666666667,37.86333333333334,1.0,0.4,42.0,62.82222222222222,True,7.0,7.933333333333334,15.183333333333334,3.0,2.0
8240DB001813/1 38A c a | 0/1 38 c a | 0/Evening,8240DB001813,Blanchardstown Vlge,53.38568,-6.374108,1 38A c a | 0,1 38 c a | 0,38A · direction 0 → 38 · direction 0,Damastown,Damastown,Evening,8,8,0,19.233333333333334,18.53125,27.088333333333335,0.75,0.5,29.75,60.47777777777778,True,5.0,4.1,15.133333333333335,6.0,2.0
8240DB001814/1 38A c a | 0/1 38 c a | 0/Evening,8240DB001814,Ramor Park,53.3875618067808,-6.37899788575985,1 38A c a | 0,1 38 c a | 0,38A · direction 0 → 38 · direction 0,Damastown,Damastown,Evening,8,8,0,19.2,18.575,27.37333333333333,0.75,0.5,29.75,60.43333333333334,True,5.0,4.066666666666666,15.133333333333333,6.0,2.0
8220DB000495/1 15B c a | 0/1 24 a | 0/Evening,8220DB000495,Pearse Stn,53.343591,-6.249747,1 15B c a | 0,1 24 a | 0,15B · direction 0 → 24 · direction 0,Stocking Ave,Dublin Airport,Evening,12,12,0,18.791666666666664,15.366666666666667,20.628333333333334,0.5833333333333334,0.5833333333333334,20.0,55.888888888888886,True,3.0,3.7333333333333334,15.05833333333333,7.0,5.0
8220DB001661/1 38B c a | 0/1 37 c a | 0/Morning,8220DB001661,St Mary's Convent,53.366444,-6.313096,1 38B c a | 0,1 37 c a | 0,38B · direction 0 → 37 · direction 0,Damastown,Blanchardstown SC,Morning,3,3,0,17.783333333333335,19.855555555555558,22.756666666666668,1.0,1.0,20.0,67.04444444444445,True,5.0,2.783333333333333,15.000000000000002,3.0,0.0
8230DB002559/1 65B c a | 0/1 77A c a | 0/Morning,8230DB002559,Cushlawn Park,53.276381,-6.378995,1 65B c a | 0,1 77A c a | 0,65B · direction 0 → 77A · direction 0,Citywest,Citywest,Morning,3,3,0,18.533333333333335,17.977777777777778,30.146666666666665,0.6666666666666666,0.6666666666666666,20.0,58.04444444444445,True,5.0,3.533333333333333,15.000000000000002,2.0,1.0
8230DB002560/1 65B c a | 0/1 77A c a | 0/Morning,8230DB002560,Donomore Cres,53.273902,-6.379838,1 65B c a | 0,1 77A c a | 0,65B · direction 0 → 77A · direction 0,Citywest,Citywest,Morning,3,3,0,18.533333333333335,18.105555555555558,30.480000000000004,0.6666666666666666,0.6666666666666666,20.0,58.04444444444445,True,5.0,3.533333333333333,15.000000000000002,2.0,1.0
8240DB000560/1 H3 c a | 0/1 6 c a | 1/Morning,8240DB000560,Main Street Howth,53.38596,-6.065103,1 H3 c a | 0,1 6 c a | 1,H3 · direction 0 → 6 · direction 1,Howth Summit,Abbey St Lower,Morning,5,5,0,27.5,25.7,41.85,0.6,0.4,60.0,68.66666666666666,True,5.0,12.5,15.0,2.0,3.0
8220DB001660/1 38B c a | 0/1 37 c a | 0/Morning,8220DB001660,Nephin Road,53.365187,-6.309374,1 38B c a | 0,1 37 c a | 0,38B · direction 0 → 37 · direction 0,Damastown,Blanchardstown SC,Morning,3,3,0,17.816666666666666,19.650000000000002,22.21666666666667,1.0,1.0,20.0,67.08888888888889,True,5.0,2.816666666666667,15.0,3.0,0.0
8220DB001666/1 38B c a | 0/1 37 c a | 0/Morning,8220DB001666,Ashtown Roundabout,53.371597,-6.330596,1 38B c a | 0,1 37 c a | 0,38B · direction 0 → 37 · direction 0,Damastown,Blanchardstown SC,Morning,3,3,0,17.75,20.083333333333332,23.35,1.0,1.0,20.0,67.0,True,5.0,2.75,15.0,3.0,0.0
8220DB001662/1 38B c a | 0/1 37 c a | 0/Morning,8220DB001662,Baggot Road,53.367603,-6.317543,1 38B c a | 0,1 37 c a | 0,38B · direction 0 → 37 · direction 0,Damastown,Blanchardstown SC,Morning,3,3,0,17.75,20.083333333333332,23.35,1.0,1.0,20.0,67.0,True,5.0,2.75,15.0,3.0,0.0
8220DB001664/1 38B c a | 0/1 37 c a | 0/Morning,8220DB001664,Ashtown Grove,53.369408,-6.323859,1 38B c a | 0,1 37 c a | 0,38B · direction 0 → 37 · direction 0,Damastown,Blanchardstown SC,Morning,3,3,0,17.75,20.083333333333332,23.35,1.0,1.0,20.0,67.0,True,5.0,2.75,15.0,3.0,0.0
8220DB001665/1 38B c a | 0/1 37 c a | 0/Morning,8220DB001665,Kempton,53.370658,-6.327702,1 38B c a | 0,1 37 c a | 0,38B · direction 0 → 37 · direction 0,Damastown,Blanchardstown SC,Morning,3,3,0,17.75,20.083333333333332,23.35,1.0,1.0,20.0,67.0,True,5.0,2.75,15.0,3.0,0.0
8220DB007855/1 C3 c | 0/1 C1 c | 0/Morning,8220DB007855,Usher's Quay,53.345988,-6.279809,1 C3 c | 0,1 C1 c | 0,C3 · direction 0 → C1 · direction 0,Maynooth,Adamstown Station,Morning,7,7,0,17.25,19.178571428571427,28.45,0.8571428571428571,0.8571428571428571,22.0,63.38095238095237,True,5.0,2.25,15.0,6.0,1.0
8220DB000493/1 19 a | 0/2 NX c a | 0/Evening,8220DB000493,Holles Street,53.3398534163774,-6.24737682273898,1 19 a | 0,2 NX c a | 0,19 · direction 0 → NX · direction 0,Airport,Navan Park & Ride,Evening,9,9,0,17.5,16.63888888888889,19.05,0.8888888888888888,0.8888888888888888,20.0,63.33333333333333,True,5.0,2.5,15.0,8.0,1.0
8230DB007239/1 C3 c | 0/1 C1 c | 0/Morning,8230DB007239,The Oval,53.354061,-6.368928,1 C3 c | 0,1 C1 c | 0,C3 · direction 0 → C1 · direction 0,Maynooth,Adamstown Station,Morning,7,7,0,17.25,19.071428571428573,28.1,0.8571428571428571,0.8571428571428571,21.125,62.797619047619044,True,5.0,2.25,15.0,6.0,1.0
8240DB001835/3 238 d a | 0/1 38 c a | 1/Morning,8240DB001835,Corduff,53.400012,-6.375201,3 238 d a | 0,1 38 c a | 1,238 · direction 0 → 38 · direction 1,"Blanchardstown, Mulhuddart","Burlington Road, Parnell Sq",Morning,3,3,0,17.0,16.333333333333332,18.8,0.6666666666666666,0.6666666666666666,30.0,62.666666666666664,True,5.0,2.0,15.0,2.0,1.0
8220DB000785/1 38A c a | 0/1 37 c a | 0/Morning,8220DB000785,Pembroke St Lwr,53.337106,-6.251859,1 38A c a | 0,1 37 c a | 0,38A · direction 0 → 37 · direction 0,Damastown,Blanchardstown SC,Morning,5,5,0,17.5,15.5,17.65,0.8,0.8,20.0,60.66666666666667,True,5.0,2.5,15.0,4.0,1.0
8220DB000616/1 6 c a | 1/1 43 c a | 1/Evening,8220DB000616,North Strand FS,53.359845,-6.239555,1 6 c a | 1,1 43 c a | 1,6 · direction 1 → 43 · direction 1,Abbey St Lower,Talbot Street,Evening,3,3,0,17.75,19.083333333333332,21.75,1.0,0.6666666666666666,25.0,60.33333333333334,True,5.0,2.75,15.0,2.0,1.0
8350DB004178/1 L12 a | 1/3 45A d a | 0/Evening,8350DB004178,Ballywaltrim Hts,53.1880862794482,-6.12743503167706,1 L12 a | 1,3 45A d a | 0,L12 · direction 1 → 45A · direction 0,Bray Station,Dun Laoghaire,Evening,9,9,0,17.75,17.342592592592595,17.75,1.0,0.7777777777777778,20.0,60.33333333333333,True,5.0,2.75,15.0,7.0,2.0
8220DB000017/1 19 a | 0/2 101 d a | 0/Morning,8220DB000017,Drumcondra Stn,53.363078,-6.258399,1 19 a | 0,2 101 d a | 0,19 · direction 0 → 101 · direction 0,"Airport, St Pappin's Road",Drogheda,Morning,9,9,0,18.25,15.527777777777779,21.150000000000002,0.6666666666666666,0.5555555555555556,29.0,60.33333333333333,True,4.0,3.25,15.0,5.0,4.0
8220DB000277/2 103X c a | 1/1 41 c a | 1/Morning,8220DB000277,O'Connell St Upper,53.350822325818,-6.26050631978692,2 103X c a | 1,1 41 c a | 1,103X · direction 1 → 41 · direction 1,"St. Stephen's Green, U C D Belfield",Abbey St,Morning,3,3,0,20.25,16.25,23.45,0.6666666666666666,0.6666666666666666,20.0,60.33333333333333,True,8.0,5.25,15.0,3.0,0.0
8220DB000783/1 38A c a | 0/1 37 c a | 0/Morning,8220DB000783,Baggot St Lower,53.335308,-6.246978,1 38A c a | 0,1 37 c a | 0,38A · direction 0 → 37 · direction 0,Damastown,Blanchardstown SC,Morning,5,5,0,17.25,15.3,17.4,0.8,0.8,20.0,60.33333333333333,True,5.0,2.25,15.0,4.0,1.0
8220DB000618/1 6 c a | 1/1 43 c a | 1/Evening,8220DB000618,Newcomen Bridge,53.355807,-6.245148,1 6 c a | 1,1 43 c a | 1,6 · direction 1 → 43 · direction 1,Abbey St Lower,Talbot Street,Evening,3,3,0,17.5,18.75,21.3,1.0,0.6666666666666666,25.0,60.0,True,5.0,2.5,15.0,2.0,1.0
8230DB002561/1 65B c a | 0/1 77A c a | 0/Morning,8230DB002561,Elder Heath,53.27276,-6.38444,1 65B c a | 0,1 77A c a | 0,65B · direction 0 → 77A · direction 0,Citywest,Citywest,Morning,4,4,0,18.066666666666666,18.129166666666663,29.413333333333334,0.75,0.75,20.0,59.92222222222222,True,5.0,3.0666666666666664,15.0,3.0,1.0
8220DB007883/1 52 b | 1/1 23 a | 1/Evening,8220DB007883,Ormond Quay Upr,53.346058,-6.268496,1 52 b | 1,1 23 a | 1,52 · direction 1 → 23 · direction 1,Ringsend Road,Merrion Square,Evening,3,3,0,19.883333333333333,19.76111111111111,22.363333333333333,1.0,0.6666666666666666,20.0,59.84444444444445,True,5.0,4.883333333333334,15.0,2.0,1.0
8220DB000619/1 6 c a | 1/1 43 c a | 1/Evening,8220DB000619,Five Lamps,53.354198,-6.247095,1 6 c a | 1,1 43 c a | 1,6 · direction 1 → 43 · direction 1,Abbey St Lower,Talbot Street,Evening,3,3,0,17.233333333333334,18.583333333333332,21.153333333333332,1.0,0.6666666666666666,25.0,59.644444444444446,True,5.0,2.2333333333333334,15.0,2.0,1.0
8240DB003695/1 33 c a | 1/1 41 c a | 1/Evening,8240DB003695,Airside,53.447056,-6.228016,1 33 c a | 1,1 41 c a | 1,33 · direction 1 → 41 · direction 1,Abbey St,Abbey St,Evening,3,3,0,19.0,17.416666666666668,19.6,0.6666666666666666,0.6666666666666666,20.0,58.66666666666666,True,3.0,4.0,15.0,2.0,1.0
8220DB001170/1 82 a | 1/1 15A c a | 1/Evening,8220DB001170,Rathmines Garda,53.321689,-6.266525,1 82 a | 1,1 15A c a | 1,82 · direction 1 → 15A · direction 1,Sean Moore Rd,Merrion Square,Evening,9,9,0,19.0,17.38888888888889,22.1,0.6666666666666666,0.6666666666666666,20.0,58.66666666666666,True,5.0,4.0,15.0,7.0,2.0
8220DB000080/2 111 d | 1/1 38B c a | 1/Morning,8220DB000080,Phibsborough Church,53.360863,-6.276054,2 111 d | 1,1 38B c a | 1,111 · direction 1 → 38B · direction 1,"Dublin, U C D Belfield","Burlington Road, O'Connell Street",Morning,5,5,0,19.5,20.7,33.75,0.8,0.6,20.0,57.33333333333333,True,5.0,4.5,15.0,3.0,2.0
8220DB000400/1 44 c a | 1/1 23 a | 0/Morning,8220DB000400,Shaw Street,53.344849,-6.25339,1 44 c a | 1,1 23 a | 0,44 · direction 1 → 23 · direction 0,DCU,Charlestown,Morning,3,3,0,17.75,14.166666666666666,17.75,0.6666666666666666,0.6666666666666666,20.0,57.0,True,5.0,2.75,15.0,2.0,1.0
8350DB004177/1 L12 a | 1/3 45A d a | 0/Evening,8350DB004177,Cemetery,53.1860998442088,-6.12915269137753,1 L12 a | 1,3 45A d a | 0,L12 · direction 1 → 45A · direction 0,Bray Station,Dun Laoghaire,Evening,9,9,0,17.5,17.083333333333332,17.5,1.0,0.6666666666666666,20.0,56.66666666666667,True,5.0,2.5,15.0,6.0,3.0
8220DB000817/2 111 d | 1/1 38B c a | 1/Morning,8220DB000817,Mater Hospital,53.359646,-6.269612,2 111 d | 1,1 38B c a | 1,111 · direction 1 → 38B · direction 1,"Dublin, U C D Belfield","Burlington Road, O'Connell Street",Morning,5,5,0,18.866666666666667,20.226666666666667,33.71666666666667,0.8,0.6,20.0,56.488888888888894,True,5.0,3.8666666666666667,15.0,3.0,2.0
8240DB004747/3 238 d a | 1/1 37 c a | 1/Morning,8240DB004747,Blanchardstown SC,53.3943327828823,-6.39185248232824,3 238 d a | 1,1 37 c a | 1,238 · direction 1 → 37 · direction 1,"Blanchardstown, Carlton Hotel","Bachelor's Walk, Wilton Terrace",Morning,3,3,0,17.0,13.666666666666666,17.0,0.6666666666666666,0.6666666666666666,20.0,56.0,True,5.0,2.0,15.0,3.0,0.0
8220DB000784/1 38A c a | 0/1 37 c a | 0/Morning,8220DB000784,Fitzwilliam Street,53.336457,-6.248657,1 38A c a | 0,1 37 c a | 0,38A · direction 0 → 37 · direction 0,Damastown,Blanchardstown SC,Morning,5,5,0,17.333333333333332,15.366666666666665,17.48333333333333,0.8,0.8,20.0,60.44444444444444,True,5.0,2.3333333333333335,14.999999999999998,4.0,1.0
8220DB004407/1 C3 c | 0/1 C1 c | 0/Morning,8220DB004407,Victoria Quay,53.346488,-6.285165,1 C3 c | 0,1 C1 c | 0,C3 · direction 0 → C1 · direction 0,Maynooth,Adamstown Station,Morning,7,7,0,17.166666666666668,19.16904761904762,28.45,0.8571428571428571,0.8571428571428571,21.866666666666667,63.18095238095239,True,5.0,2.183333333333333,14.983333333333334,6.0,1.0
8220DB000786/1 38A c a | 0/1 37 c a | 0/Morning,8220DB000786,Leeson Street Lwr,53.33513,-6.25612,1 38A c a | 0,1 37 c a | 0,38A · direction 0 → 37 · direction 0,Damastown,Blanchardstown SC,Morning,5,5,0,17.4,15.35,17.65,0.8,0.8,20.0,60.53333333333333,True,5.0,2.5,14.899999999999999,4.0,1.0
8240DB000559/1 H3 c a | 0/1 6 c a | 1/Morning,8240DB000559,Abbey Street Howth,53.388351,-6.065085,1 H3 c a | 0,1 6 c a | 1,H3 · direction 0 → 6 · direction 1,Howth Summit,Abbey St Lower,Morning,5,5,0,27.383333333333333,25.53666666666667,41.61666666666667,0.6,0.4,60.0,68.51111111111112,True,5.0,12.5,14.883333333333333,2.0,3.0
8220DB000395/1 C1 c | 0/1 77A c a | 0/Morning,8220DB000395,Ringsend Road,53.34194,-6.235277,1 C1 c | 0,1 77A c a | 0,C1 · direction 0 → 77A · direction 0,Adamstown Station,Citywest,Morning,8,8,0,18.0,16.4375,18.775,0.75,0.75,20.0,59.83333333333333,True,4.0,3.125,14.875,5.0,3.0
8220DB001476/1 C4 c | 1/3 N2 a | 1/Morning,8220DB001476,Sarsfield Quay,53.347074,-6.284676,1 C4 c | 1,3 N2 a | 1,C4 · direction 1 → N2 · direction 1,Ringsend Road,Clontarf Station,Morning,8,8,0,17.625,15.15625,21.0,0.625,0.5,20.0,51.83333333333333,True,1.0,2.75,14.875,4.0,4.0
8220DB007012/1 X28 d | 0/1 C3 c | 0/Evening,8220DB007012,Memorial Gardens,53.342954,-6.315375,1 X28 d | 0,1 C3 c | 0,X28 · direction 0 → C3 · direction 0,Salesian College,Maynooth,Evening,4,4,0,20.191666666666666,22.129166666666666,27.14166666666667,1.0,0.5,28.891666666666666,61.18333333333333,True,7.0,5.324999999999999,14.866666666666667,3.0,1.0
8240DB000562/1 H3 c a | 0/1 6 c a | 1/Morning,8240DB000562,Thormanby Lawns,53.381882,-6.059155,1 H3 c a | 0,1 6 c a | 1,H3 · direction 0 → 6 · direction 1,Howth Summit,Abbey St Lower,Morning,5,5,0,27.35,25.79,42.03,0.6,0.4,60.0,68.46666666666667,True,5.0,12.5,14.850000000000001,2.0,3.0
8220DB000396/1 C1 c | 0/1 77A c a | 0/Morning,8220DB000396,Grnd Canal Quay,53.34247,-6.23968,1 C1 c | 0,1 77A c a | 0,C1 · direction 0 → 77A · direction 0,Adamstown Station,Citywest,Morning,8,8,0,18.275,16.664583333333333,19.03333333333333,0.75,0.75,20.0,60.2,True,5.0,3.433333333333333,14.841666666666665,6.0,2.0
8220DB000398/1 C1 c | 0/1 77A c a | 0/Morning,8220DB000398,Erne Street,53.3432949350358,-6.24547844686789,1 C1 c | 0,1 77A c a | 0,C1 · direction 0 → 77A · direction 0,Adamstown Station,Citywest,Morning,8,8,0,17.925,16.235416666666666,18.983333333333334,0.75,0.75,20.0,59.733333333333334,True,5.0,3.1166666666666667,14.808333333333334,6.0,2.0
8220DB007883/1 24 a | 1/1 C3 c | 1/Evening,8220DB007883,Ormond Quay Upr,53.346058,-6.268496,1 24 a | 1,1 C3 c | 1,24 · direction 1 → C3 · direction 1,Merrion Square,Ringsend Road,Evening,10,10,0,19.366666666666667,18.631666666666668,22.481666666666666,0.8,0.5,28.466666666666665,59.8,True,4.0,4.6083333333333325,14.758333333333335,8.0,2.0
8240DB000558/1 H3 c a | 0/1 6 c a | 1/Morning,8240DB000558,Howth Harbour,53.388419,-6.070434,1 H3 c a | 0,1 6 c a | 1,H3 · direction 0 → 6 · direction 1,Howth Summit,Abbey St Lower,Morning,5,5,0,27.25,25.35,41.35,0.6,0.4,60.0,68.33333333333334,True,5.0,12.5,14.75,2.0,3.0
8240DB000557/1 H3 c a | 0/1 6 c a | 1/Morning,8240DB000557,Howth Station,53.3888326455365,-6.0732122112516,1 H3 c a | 0,1 6 c a | 1,H3 · direction 0 → 6 · direction 1,Howth Summit,Abbey St Lower,Morning,5,5,0,27.0,25.15,41.1,0.6,0.4,60.0,68.0,True,5.0,12.25,14.75,2.0,3.0
8230DB002201/1 C3 c | 0/1 C1 c | 0/Morning,8230DB002201,Palmerstown Drive,53.353274,-6.364571,1 C3 c | 0,1 C1 c | 0,C3 · direction 0 → C1 · direction 0,Maynooth,Adamstown Station,Morning,7,7,0,17.0,19.107142857142858,28.35,0.7142857142857143,0.8571428571428571,21.125,62.464285714285715,True,5.0,2.25,14.75,6.0,1.0
8220DB000397/1 C1 c | 0/1 77A c a | 0/Morning,8220DB000397,Pearse Sq,53.342786,-6.242015,1 C1 c | 0,1 77A c a | 0,C1 · direction 0 → 77A · direction 0,Adamstown Station,Citywest,Morning,8,8,0,18.25,16.625,19.1,0.75,0.75,20.0,60.16666666666666,True,5.0,3.5,14.75,6.0,2.0
8220DB007856/1 C4 c | 1/1 C3 c | 1/Morning,8220DB007856,Inns Quay,53.345623,-6.273184,1 C4 c | 1,1 C3 c | 1,C4 · direction 1 → C3 · direction 1,Ringsend Road,Ringsend Road,Morning,7,7,0,20.75,19.25,32.2,0.5714285714285714,0.42857142857142855,29.0,59.85714285714285,True,3.0,6.0,14.75,3.0,4.0
8260DB003991/1 X25 c | 1/1 L59 b | 1/Morning,8260DB003991,Our Lady's Nativity,53.3657541119129,-6.49259936013716,1 X25 c | 1,1 L59 b | 1,X25 · direction 1 → L59 · direction 1,UCD Belfield,River Forest,Morning,4,4,0,18.0,19.6875,29.225,0.75,0.5,30.0,59.0,True,3.0,3.25,14.75,3.0,1.0
8240DB003679/1 33 c a | 0/1 41C c a | 0/Morning,8240DB003679,Swords Castle,53.459082,-6.220136,1 33 c a | 0,1 41C c a | 0,33 · direction 0 → 41C · direction 0,"Balbriggan, Skerries",Swords Manor,Morning,3,3,0,18.75,24.083333333333332,41.95,0.6666666666666666,0.6666666666666666,20.0,58.33333333333333,True,4.0,4.0,14.75,2.0,1.0
8220DB000495/1 44 c a | 1/1 19 a | 0/Evening,8220DB000495,Pearse Stn,53.343591,-6.249747,1 44 c a | 1,1 19 a | 0,44 · direction 1 → 19 · direction 0,DCU,Airport,Evening,3,3,0,18.566666666666666,13.777777777777777,19.473333333333333,0.6666666666666666,0.6666666666666666,20.0,58.08888888888889,True,4.0,3.816666666666667,14.75,2.0,1.0
8230DB004599/1 C3 c | 0/1 C1 c | 0/Morning,8230DB004599,Hermitage Road,53.3577587404062,-6.42333743295062,1 C3 c | 0,1 C1 c | 0,C3 · direction 0 → C1 · direction 0,Maynooth,Adamstown Station,Morning,6,6,0,17.0,18.458333333333332,27.5,0.6666666666666666,0.6666666666666666,21.5,57.0,True,5.0,2.25,14.75,4.0,2.0
8240DB003885/1 19 a | 1/1 41 c a | 1/Morning,8240DB003885,Airport Business Pk,53.425969,-6.229119,1 19 a | 1,1 41 c a | 1,19 · direction 1 → 41 · direction 1,Merrion Square,Abbey St,Morning,9,9,0,17.75,16.166666666666668,19.6,0.7777777777777778,0.6666666666666666,20.0,57.0,True,5.0,3.0,14.75,7.0,2.0
8240DB003671/1 41C c a | 0/1 41 c a | 0/Morning,8240DB003671,Airport Rnbt,53.4294,-6.230165,1 41C c a | 0,1 41 c a | 0,41C · direction 0 → 41 · direction 0,Swords Manor,Swords Manor,Morning,6,6,0,17.0,18.583333333333332,23.125,1.0,0.6666666666666666,20.0,56.0,True,5.0,2.25,14.75,4.0,2.0
8220DB001291/1 16D c a | 0/1 16 c a | 0/Morning,8220DB001291,Mt Drummond Ave,53.328447,-6.27631,1 16D c a | 0,1 16 c a | 0,16D · direction 0 → 16 · direction 0,Ballinteer,Ballinteer,Morning,5,5,0,19.5,15.65,20.85,0.6,0.4,12.0,46.0,True,3.0,4.75,14.75,3.0,2.0
8230DB002216/1 C3 c | 0/1 C1 c | 0/Morning,8230DB002216,Ballyowen Lane,53.3588652801404,-6.4159498243828,1 C3 c | 0,1 C1 c | 0,C3 · direction 0 → C1 · direction 0,Maynooth,Adamstown Station,Morning,6,6,0,17.133333333333333,18.613888888888887,27.766666666666666,0.8333333333333334,0.6666666666666666,21.433333333333334,57.13333333333334,True,5.0,2.45,14.683333333333334,4.0,2.0
8220DB001806/1 39 c a | 0/1 38A c a | 0/Evening,8220DB001806,Skreen Road,53.362907,-6.302642,1 39 c a | 0,1 38A c a | 0,39 · direction 0 → 38A · direction 0,Ongar,Damastown,Evening,8,8,0,19.391666666666666,18.897916666666667,27.79,0.625,0.5,29.766666666666666,60.7,True,4.0,4.716666666666667,14.674999999999999,5.0,3.0
8220DB001292/1 16D c a | 0/1 16 c a | 0/Morning,8220DB001292,Harold's Cross Park,53.325634,-6.278124,1 16D c a | 0,1 16 c a | 0,16D · direction 0 → 16 · direction 0,Ballinteer,Ballinteer,Morning,5,5,0,19.416666666666668,15.503333333333334,20.476666666666667,0.6,0.4,12.0,45.888888888888886,True,3.0,4.75,14.666666666666668,3.0,2.0
8220DB007883/1 C4 c | 1/1 C3 c | 1/Morning,8220DB007883,Ormond Quay Upr,53.346058,-6.268496,1 C4 c | 1,1 C3 c | 1,C4 · direction 1 → C3 · direction 1,Ringsend Road,Ringsend Road,Morning,7,7,0,20.75,19.311904761904763,32.406666666666666,0.5714285714285714,0.42857142857142855,28.466666666666665,59.50158730158729,True,3.0,6.116666666666666,14.633333333333333,3.0,4.0
8230DB002215/1 C3 c | 0/1 C1 c | 0/Morning,8230DB002215,St Loman's Hospital,53.358206,-6.408973,1 C3 c | 0,1 C1 c | 0,C3 · direction 0 → C1 · direction 0,Maynooth,Adamstown Station,Morning,6,6,0,17.25,18.75,28.0,0.8333333333333334,0.6666666666666666,21.375,57.25,True,5.0,2.625,14.625,4.0,2.0
8230DB002213/1 C3 c | 0/1 C1 c | 0/Morning,8230DB002213,Liffey Valley SC,53.355778,-6.392073,1 C3 c | 0,1 C1 c | 0,C3 · direction 0 → C1 · direction 0,Maynooth,Adamstown Station,Morning,6,6,0,17.25,18.708333333333332,28.0,0.8333333333333334,0.6666666666666666,21.25,57.16666666666667,True,5.0,2.625,14.625,4.0,2.0
8230DB002214/1 C3 c | 0/1 C1 c | 0/Morning,8230DB002214,Clayton Hotel,53.35609,-6.399933,1 C3 c | 0,1 C1 c | 0,C3 · direction 0 → C1 · direction 0,Maynooth,Adamstown Station,Morning,6,6,0,17.25,18.708333333333332,28.0,0.8333333333333334,0.6666666666666666,21.25,57.16666666666667,True,5.0,2.625,14.625,4.0,2.0
8230DB004401/1 C3 c | 0/1 C1 c | 0/Morning,8230DB004401,Palmerstown R148,53.354756,-6.37171,1 C3 c | 0,1 C1 c | 0,C3 · direction 0 → C1 · direction 0,Maynooth,Adamstown Station,Morning,6,6,0,17.25,18.816666666666666,28.108333333333334,0.8333333333333334,0.6666666666666666,21.125,57.083333333333336,True,5.0,2.625,14.625,4.0,2.0
8220DB000188/2 NX c a | 1/1 23 a | 1/Morning,8220DB000188,Doyle's Corner,53.360121,-6.272583,2 NX c a | 1,1 23 a | 1,NX · direction 1 → 23 · direction 1,"Dublin, Wilton Terrace",Merrion Square,Morning,9,9,0,17.9,17.79259259259259,20.626666666666665,0.8888888888888888,0.6666666666666666,20.0,57.19999999999999,True,5.0,3.283333333333333,14.616666666666665,6.0,3.0
8220DB001293/1 16D c a | 0/1 16 c a | 0/Morning,8220DB001293,Harold's Cross Vlge,53.32286,-6.279103,1 16D c a | 0,1 16 c a | 0,16D · direction 0 → 16 · direction 0,Ballinteer,Ballinteer,Morning,5,5,0,19.35,15.373333333333335,20.14,0.6,0.4,12.0,45.8,True,3.0,4.75,14.600000000000001,3.0,2.0
8230DB001111/1 15A c a | 1/1 82 a | 1/Evening,8230DB001111,Wellington Road,53.305281,-6.322125,1 15A c a | 1,1 82 a | 1,15A · direction 1 → 82 · direction 1,Merrion Square,Sean Moore Rd,Evening,9,9,0,17.3,13.403703703703705,17.586666666666666,0.6666666666666666,0.5555555555555556,20.0,53.06666666666666,True,5.0,2.7333333333333334,14.566666666666666,5.0,4.0
8220DB001294/1 16D c a | 0/1 16 c a | 0/Morning,8220DB001294,Tivoli Avenue,53.3206,-6.278803,1 16D c a | 0,1 16 c a | 0,16D · direction 0 → 16 · direction 0,Ballinteer,Ballinteer,Morning,5,5,0,19.3,15.27,19.87,0.6,0.4,12.0,45.733333333333334,True,3.0,4.75,14.55,3.0,2.0
8220KISHO/DUB-WATERFORD-I | 1/DUB-PORTLAOIS-O | 0/Morning,8220KISHO,Kishoge,53.334408,-6.430266,DUB-WATERFORD-I | 1,DUB-PORTLAOIS-O | 0,rail · direction 1 → Commuter · direction 0,Dublin Heuston,"Hazelhatch and Celbridge, Newbridge, Portlaoise",Morning,4,4,0,35.5,32.75,37.4,1.0,0.5,24.0,71.0,True,3.0,21.0,14.5,2.0,2.0
8230DB003949/3 L52 b a | 1/1 C4 c | 1/Morning,8230DB003949,Leixlip Road,53.3555169185499,-6.46021107416006,3 L52 b a | 1,1 C4 c | 1,L52 · direction 1 → C4 · direction 1,Blanchardstown,Ringsend Road,Morning,3,3,0,20.25,19.666666666666668,20.65,1.0,0.6666666666666666,28.5,66.0,True,5.0,5.75,14.5,2.0,1.0
8220DB002637/1 C3 c | 0/1 C1 c | 0/Morning,8220DB002637,Heuston Station,53.345846,-6.294308,1 C3 c | 0,1 C1 c | 0,C3 · direction 0 → C1 · direction 0,Maynooth,Adamstown Station,Morning,7,7,0,17.0,19.142857142857142,28.45,0.7142857142857143,0.8571428571428571,21.625,62.797619047619044,True,5.0,2.5,14.5,6.0,1.0
8220DB000614/1 6 c a | 1/1 43 c a | 1/Evening,8220DB000614,Fairview,53.363284,-6.234544,1 6 c a | 1,1 43 c a | 1,6 · direction 1 → 43 · direction 1,Abbey St Lower,Talbot Street,Evening,3,3,0,17.75,19.25,22.15,1.0,0.6666666666666666,25.0,60.33333333333334,True,5.0,3.25,14.5,2.0,1.0
8220DB000112/3 220 d a | 1/1 19 a | 1/Morning,8220DB000112,Civic Centre,53.3961544015462,-6.2639510403018,3 220 d a | 1,1 19 a | 1,220 · direction 1 → 19 · direction 1,DCU Helix,Merrion Square,Morning,3,3,0,18.75,17.333333333333332,20.95,0.6666666666666666,0.6666666666666666,20.0,58.33333333333333,True,5.0,4.25,14.5,2.0,1.0
8220DB000497/1 27A c a | 0/1 42 c a | 0/Morning,8220DB000497,Connolly Stn,53.350526,-6.250694,1 27A c a | 0,1 42 c a | 0,27A · direction 0 → 42 · direction 0,Blunden Drive,Portmarnock,Morning,5,5,0,21.25,17.2,26.85,0.6,0.4,25.0,57.0,True,6.0,6.75,14.5,3.0,2.0
8220DB000515/1 27A c a | 0/1 42 c a | 0/Morning,8220DB000515,Five Lamps,53.35439,-6.2472,1 27A c a | 0,1 42 c a | 0,27A · direction 0 → 42 · direction 0,Blunden Drive,Portmarnock,Morning,5,5,0,21.25,17.2,26.85,0.6,0.4,25.0,57.0,True,6.0,6.75,14.5,3.0,2.0
8220DB000516/1 27A c a | 0/1 42 c a | 0/Morning,8220DB000516,Newcomen Bridge,53.35621,-6.244942,1 27A c a | 0,1 42 c a | 0,27A · direction 0 → 42 · direction 0,Blunden Drive,Portmarnock,Morning,5,5,0,21.25,17.2,26.85,0.6,0.4,25.0,57.0,True,6.0,6.75,14.5,3.0,2.0
8220DB000793/1 38A c a | 0/1 37 c a | 0/Morning,8220DB000793,Dawson Street,53.3408597860288,-6.25840386924731,1 38A c a | 0,1 37 c a | 0,38A · direction 0 → 37 · direction 0,Damastown,Blanchardstown SC,Morning,5,5,0,17.25,15.113333333333333,17.65,0.8,0.6,20.0,54.33333333333333,True,5.0,2.75,14.5,3.0,2.0
8240DB003885/1 24 a | 1/1 41 c a | 1/Morning,8240DB003885,Airport Business Pk,53.425969,-6.229119,1 24 a | 1,1 41 c a | 1,24 · direction 1 → 41 · direction 1,Merrion Square,Abbey St,Morning,9,9,0,18.5,17.27777777777778,21.75,0.7777777777777778,0.4444444444444444,20.0,51.33333333333333,True,4.0,4.0,14.5,7.0,2.0
8220DB001295/1 16D c a | 0/1 16 c a | 0/Morning,8220DB001295,Kenilworth Park,53.31791,-6.27951,1 16D c a | 0,1 16 c a | 0,16D · direction 0 → 16 · direction 0,Ballinteer,Ballinteer,Morning,5,5,0,19.25,15.15,19.55,0.6,0.4,12.0,45.66666666666667,True,3.0,4.75,14.5,3.0,2.0
8220DB001296/1 16D c a | 0/1 16 c a | 0/Morning,8220DB001296,Mount Tallant Ave,53.315563,-6.281648,1 16D c a | 0,1 16 c a | 0,16D · direction 0 → 16 · direction 0,Ballinteer,Ballinteer,Morning,5,5,0,19.25,15.236666666666668,19.55,0.6,0.4,12.0,45.66666666666667,True,3.0,4.85,14.4,3.0,2.0
8220DB001476/1 P29 c | 1/1 69 c a | 1/Morning,8220DB001476,Sarsfield Quay,53.347074,-6.284676,1 P29 c | 1,1 69 c a | 1,P29 · direction 1 → 69 · direction 1,Ringsend Road,Poolbeg St,Morning,4,4,0,22.625,23.4375,36.275000000000006,0.75,0.5,60.0,65.16666666666666,True,5.0,8.25,14.375,2.0,2.0
8240DB003699/1 41C c a | 1/1 41 c a | 1/Evening,8240DB003699,Stockhole Lane,53.435055,-6.227883,1 41C c a | 1,1 41 c a | 1,41C · direction 1 → 41 · direction 1,Abbey St,Abbey St,Evening,8,8,0,16.875,14.96875,17.325,0.75,0.5,20.0,50.83333333333333,True,5.0,2.5,14.375,5.0,3.0
8220DB000400/1 19 a | 0/1 24 a | 0/Morning,8220DB000400,Shaw Street,53.344849,-6.25339,1 19 a | 0,1 24 a | 0,19 · direction 0 → 24 · direction 0,Airport,Dublin Airport,Morning,9,9,0,17.133333333333333,17.08888888888889,17.92666666666667,1.0,0.6666666666666666,20.0,56.17777777777778,True,5.0,2.783333333333333,14.35,6.0,3.0
8220DB001297/1 16D c a | 0/1 16 c a | 0/Morning,8220DB001297,Whitton Road,53.31241,-6.28239,1 16D c a | 0,1 16 c a | 0,16D · direction 0 → 16 · direction 0,Ballinteer,Ballinteer,Morning,5,5,0,19.25,15.346666666666668,19.55,0.6,0.4,12.0,45.66666666666667,True,3.0,4.966666666666667,14.283333333333333,3.0,2.0
8220DB000021/1 41C c a | 0/2 101 d a | 0/Morning,8220DB000021,Drumcondra Village,53.370101,-6.254311,1 41C c a | 0,2 101 d a | 0,41C · direction 0 → 101 · direction 0,Swords Manor,Drogheda,Morning,8,8,0,17.75,18.65625,22.525,0.875,0.875,28.5,68.91666666666667,True,5.0,3.5,14.25,7.0,1.0
8240DB007166/1 38B c a | 1/1 38 c a | 1/Morning,8240DB007166,Navan Rd Stn,53.377094,-6.345787,1 38B c a | 1,1 38 c a | 1,38B · direction 1 → 38 · direction 1,"Burlington Road, O'Connell Street","Burlington Road, Parnell Sq",Morning,7,7,0,21.25,18.321428571428573,24.05,0.7142857142857143,0.42857142857142855,30.0,61.19047619047619,True,6.0,7.0,14.25,4.0,3.0
8220DB001696/1 38B c a | 1/1 38 c a | 1/Morning,8220DB001696,Ashtown Roundabout,53.371541,-6.329831,1 38B c a | 1,1 38 c a | 1,38B · direction 1 → 38 · direction 1,"Burlington Road, O'Connell Street","Burlington Road, Parnell Sq",Morning,7,7,0,21.25,18.357142857142858,24.05,0.7142857142857143,0.42857142857142855,30.0,61.19047619047619,True,6.0,7.0,14.25,4.0,3.0
8220DB001697/1 38B c a | 1/1 38 c a | 1/Morning,8220DB001697,Kempton,53.370801,-6.327666,1 38B c a | 1,1 38 c a | 1,38B · direction 1 → 38 · direction 1,"Burlington Road, O'Connell Street","Burlington Road, Parnell Sq",Morning,7,7,0,21.25,18.357142857142858,24.05,0.7142857142857143,0.42857142857142855,30.0,61.19047619047619,True,6.0,7.0,14.25,4.0,3.0
8220DB001698/1 38B c a | 1/1 38 c a | 1/Morning,8220DB001698,Ashtown Grove,53.369577,-6.323717,1 38B c a | 1,1 38 c a | 1,38B · direction 1 → 38 · direction 1,"Burlington Road, O'Connell Street","Burlington Road, Parnell Sq",Morning,7,7,0,21.25,18.357142857142858,24.05,0.7142857142857143,0.42857142857142855,30.0,61.19047619047619,True,6.0,7.0,14.25,4.0,3.0
8220DB001847/1 38B c a | 1/1 38 c a | 1/Morning,8220DB001847,Old Racecourse,53.372902,-6.333926,1 38B c a | 1,1 38 c a | 1,38B · direction 1 → 38 · direction 1,"Burlington Road, O'Connell Street","Burlington Road, Parnell Sq",Morning,7,7,0,21.25,18.321428571428573,24.05,0.7142857142857143,0.42857142857142855,30.0,61.19047619047619,True,6.0,7.0,14.25,4.0,3.0
8240DB001845/1 38B c a | 1/1 38 c a | 1/Morning,8240DB001845,Morgan Place,53.379023,-6.352717,1 38B c a | 1,1 38 c a | 1,38B · direction 1 → 38 · direction 1,"Burlington Road, O'Connell Street","Burlington Road, Parnell Sq",Morning,7,7,0,20.733333333333334,17.85238095238095,23.533333333333335,0.7142857142857143,0.42857142857142855,30.0,60.5015873015873,True,6.0,6.483333333333333,14.25,4.0,3.0
8220DB007453/1 69 c a | 1/1 37 c a | 1/Evening,8220DB007453,Arran Quay,53.3463358924171,-6.27838250402176,1 69 c a | 1,1 37 c a | 1,69 · direction 1 → 37 · direction 1,Poolbeg St,"Bachelor's Walk, Wilton Terrace",Evening,3,3,0,18.316666666666666,17.33888888888889,18.583333333333332,1.0,0.6666666666666666,20.0,57.755555555555546,True,4.0,4.066666666666666,14.25,2.0,1.0
8350DB004170/1 L12 a | 0/3 45A d a | 0/Evening,8350DB004170,Methodist Church,53.203483770052,-6.10697299154272,1 L12 a | 0,3 45A d a | 0,L12 · direction 0 → 45A · direction 0,Ballywaltrim,Dun Laoghaire,Evening,9,9,0,17.5,14.055555555555555,18.25,0.7777777777777778,0.6666666666666666,20.0,56.66666666666667,True,5.0,3.25,14.25,6.0,3.0
8220DB007854/1 52 b | 1/1 C2 c | 1/Morning,8220DB007854,Arran Quay,53.346375,-6.278665,1 52 b | 1,1 C2 c | 1,52 · direction 1 → C2 · direction 1,Ringsend Road,Sandymount,Morning,3,3,0,16.25,12.833333333333334,16.45,0.6666666666666666,0.6666666666666666,22.0,56.33333333333333,True,2.0,2.0,14.25,2.0,1.0
8240DB003696/1 41C c a | 1/1 41 c a | 1/Evening,8240DB003696,N1 Business Park,53.443182,-6.227996,1 41C c a | 1,1 41 c a | 1,41C · direction 1 → 41 · direction 1,Abbey St,Abbey St,Evening,8,8,0,17.108333333333334,15.320833333333335,17.603333333333335,0.75,0.5,20.0,51.144444444444446,True,5.0,2.8833333333333333,14.225000000000001,5.0,3.0
8240DB003694/1 33 c a | 1/1 41 c a | 1/Evening,8240DB003694,Pinnock Hill,53.448996,-6.226731,1 33 c a | 1,1 41 c a | 1,33 · direction 1 → 41 · direction 1,Abbey St,Abbey St,Evening,3,3,0,18.75,17.122222222222224,19.27,0.6666666666666666,0.6666666666666666,20.0,58.33333333333333,True,4.0,4.616666666666666,14.133333333333333,2.0,1.0
8240DB003697/1 41C c a | 1/1 41 c a | 1/Evening,8240DB003697,Equestrian Centre,53.440686,-6.227558,1 41C c a | 1,1 41 c a | 1,41C · direction 1 → 41 · direction 1,Abbey St,Abbey St,Evening,8,8,0,16.875,15.0625,17.4,0.75,0.5,20.0,50.83333333333333,True,5.0,2.75,14.125,5.0,3.0
8240DB003698/1 41C c a | 1/1 41 c a | 1/Evening,8240DB003698,Kettles Lane,53.4368181219837,-6.22737321115235,1 41C c a | 1,1 41 c a | 1,41C · direction 1 → 41 · direction 1,Abbey St,Abbey St,Evening,8,8,0,16.875,15.0625,17.4,0.75,0.5,20.0,50.83333333333333,True,5.0,2.75,14.125,5.0,3.0
8240DB004996/1 38 c a | 0/1 38B c a | 0/Morning,8240DB004996,Castlecurragh Vale,53.403839,-6.390953,1 38 c a | 0,1 38B c a | 0,38 · direction 0 → 38B · direction 0,Damastown,Damastown,Morning,7,4,3,17.366666666666667,20.308333333333334,25.603333333333335,0.5714285714285714,0.42857142857142855,20.0,49.34603174603174,True,5.0,3.25,14.116666666666667,3.0,1.0
8220DB001070/1 65B c a | 1/1 15A c a | 1/Morning,8220DB001070,Rathmines,53.32498,-6.265356,1 65B c a | 1,1 15A c a | 1,65B · direction 1 → 15A · direction 1,Poolbeg St,Merrion Square,Morning,4,4,0,17.558333333333334,18.7125,23.48166666666667,0.5,0.5,20.0,51.74444444444444,True,3.0,3.5,14.058333333333334,3.0,1.0
8250DB003225/1 7A c a | 1/3 45A d a | 0/Morning,8250DB003225,Ballybrack SC,53.255295,-6.133853,1 7A c a | 1,3 45A d a | 0,7A · direction 1 → 45A · direction 0,Mountjoy Square,Dun Laoghaire,Morning,6,6,0,20.258333333333333,16.78333333333333,22.708333333333336,0.6666666666666666,0.5,20.0,55.344444444444434,True,5.0,6.208333333333333,14.05,3.0,3.0
8350DB004153/3 L15 a | 0/3 45A d a | 0/Evening,8350DB004153,Cornerstone Church,53.2048906454733,-6.10953086477759,3 L15 a | 0,3 45A d a | 0,L15 · direction 0 → 45A · direction 0,Enniskerry,Dun Laoghaire,Evening,3,3,0,17.0,17.333333333333332,17.8,1.0,1.0,20.0,66.0,True,5.0,3.0,14.0,3.0,0.0
8350DB004154/3 L15 a | 0/3 45A d a | 0/Evening,8350DB004154,St Cronan's Road,53.206634,-6.112344,3 L15 a | 0,3 45A d a | 0,L15 · direction 0 → 45A · direction 0,Enniskerry,Dun Laoghaire,Evening,3,3,0,17.0,17.333333333333332,17.8,1.0,1.0,20.0,66.0,True,5.0,3.0,14.0,3.0,0.0
8230DB002621/1 56A c a | 1/3 W4 a | 1/Evening,8230DB002621,Kilclare Dr,53.282133,-6.389605,1 56A c a | 1,3 W4 a | 1,56A · direction 1 → W4 · direction 1,Ringsend Road,Blanchardstown,Evening,3,3,0,16.75,20.75,27.15,1.0,0.6666666666666666,29.0,61.66666666666667,True,2.0,2.75,14.0,3.0,0.0
8230DB002349/1 56A c a | 1/3 W4 a | 1/Evening,8230DB002349,Alderwood,53.285029,-6.378472,1 56A c a | 1,3 W4 a | 1,56A · direction 1 → W4 · direction 1,Ringsend Road,Blanchardstown,Evening,3,3,0,16.133333333333333,20.916666666666668,27.613333333333333,1.0,0.6666666666666666,29.0,60.84444444444445,True,2.0,2.1333333333333333,14.0,3.0,0.0
8230DB003373/1 C3 c | 1/1 C4 c | 1/Morning,8230DB003373,Lucan Heights,53.3580827892559,-6.44184974350997,1 C3 c | 1,1 C4 c | 1,C3 · direction 1 → C4 · direction 1,Ringsend Road,Ringsend Road,Morning,8,8,0,19.75,20.78125,25.9,0.875,0.5,28.75,60.5,True,5.0,5.75,14.0,5.0,3.0
8230DB002575/1 65B c a | 0/3 S8 a | 1/Morning,8230DB002575,Corbally Vale,53.277158,-6.418823,1 65B c a | 0,3 S8 a | 1,65B · direction 0 → S8 · direction 1,Citywest,Citywest,Morning,3,3,0,19.75,16.166666666666668,20.55,0.6666666666666666,0.6666666666666666,20.0,59.66666666666666,True,5.0,5.75,14.0,2.0,1.0
8220DB000021/1 19 a | 0/2 101 d a | 0/Morning,8220DB000021,Drumcondra Village,53.370101,-6.254311,1 19 a | 0,2 101 d a | 0,19 · direction 0 → 101 · direction 0,"Airport, St Pappin's Road",Drogheda,Morning,9,9,0,17.0,14.444444444444445,20.0,0.6666666666666666,0.5555555555555556,28.5,58.33333333333333,True,5.0,3.0,14.0,5.0,4.0
8230DB004001/1 C3 c | 1/1 C4 c | 1/Morning,8230DB004001,Liffey Valley Golf,53.3589228488577,-6.47206238135665,1 C3 c | 1,1 C4 c | 1,C3 · direction 1 → C4 · direction 1,Ringsend Road,Ringsend Road,Morning,8,8,0,18.125,19.1875,24.0,0.875,0.5,28.75,58.33333333333333,True,6.0,4.125,14.0,5.0,3.0
8350DB004178/2 131 a | 1/1 L12 a | 1/Evening,8350DB004178,Ballywaltrim Hts,53.1880862794482,-6.12743503167706,2 131 a | 1,1 L12 a | 1,131 · direction 1 → L12 · direction 1,Bray (Train Station),Bray Station,Evening,3,3,0,17.75,17.805555555555557,19.083333333333336,1.0,0.6666666666666666,20.0,57.0,True,6.0,3.75,14.0,3.0,0.0
8230DB007239/1 C4 c | 0/1 C2 c | 0/Morning,8230DB007239,The Oval,53.354061,-6.368928,1 C4 c | 0,1 C2 c | 0,C4 · direction 0 → C2 · direction 0,Maynooth,Adamstown Station,Morning,7,7,0,18.5,20.714285714285715,27.4,0.8571428571428571,0.5714285714285714,22.5,56.80952380952381,True,6.0,4.5,14.0,5.0,2.0
8220B1350301/2 103 c a | 1/2 NX c a | 0/Evening,8220B1350301,Beresford Place,53.3487549295197,-6.25495768638166,2 103 c a | 1,2 NX c a | 0,103 · direction 1 → NX · direction 0,Drop Off,Navan Park & Ride,Evening,8,8,0,18.5,15.625,20.8,0.625,0.625,20.0,56.75,True,4.0,4.5,14.0,5.0,3.0
8230DB002201/1 C4 c | 0/1 C2 c | 0/Morning,8230DB002201,Palmerstown Drive,53.353274,-6.364571,1 C4 c | 0,1 C2 c | 0,C4 · direction 0 → C2 · direction 0,Maynooth,Adamstown Station,Morning,7,7,0,18.5,20.785714285714285,27.65,0.8571428571428571,0.5714285714285714,22.375,56.72619047619048,True,6.0,4.5,14.0,5.0,2.0
8220DB000519/1 27A c a | 0/1 42 c a | 0/Morning,8220DB000519,North Strand FS,53.360339,-6.239535,1 27A c a | 0,1 42 c a | 0,27A · direction 0 → 42 · direction 0,Blunden Drive,Portmarnock,Morning,5,5,0,20.75,17.05,26.95,0.6,0.4,25.0,56.33333333333333,True,6.0,6.75,14.0,3.0,2.0
8250DB003193/3 114 d a | 0/3 S8 a | 0/Morning,8250DB003193,Newtownpark Avenue,53.279834,-6.183338,3 114 d a | 0,3 S8 a | 0,114 · direction 0 → S8 · direction 0,Blackrock,Dun Laoghaire,Morning,3,3,0,17.0,13.666666666666666,20.2,0.6666666666666666,0.6666666666666666,20.0,56.0,True,3.0,3.0,14.0,2.0,1.0
8350DB004170/3 L15 a | 0/3 45A d a | 0/Evening,8350DB004170,Methodist Church,53.203483770052,-6.10697299154272,3 L15 a | 0,3 45A d a | 0,L15 · direction 0 → 45A · direction 0,Enniskerry,Dun Laoghaire,Evening,3,3,0,16.0,16.0,16.8,0.6666666666666666,0.6666666666666666,20.0,54.66666666666666,True,5.0,2.0,14.0,2.0,1.0
8230DB002213/1 C4 c | 0/1 C2 c | 0/Morning,8230DB002213,Liffey Valley SC,53.355778,-6.392073,1 C4 c | 0,1 C2 c | 0,C4 · direction 0 → C2 · direction 0,Maynooth,Adamstown Station,Morning,7,7,0,19.0,20.642857142857142,26.9,0.8571428571428571,0.42857142857142855,22.75,53.357142857142854,True,6.0,5.0,14.0,5.0,2.0
8230DB002214/1 C4 c | 0/1 C2 c | 0/Morning,8230DB002214,Clayton Hotel,53.35609,-6.399933,1 C4 c | 0,1 C2 c | 0,C4 · direction 0 → C2 · direction 0,Maynooth,Adamstown Station,Morning,7,7,0,18.75,20.464285714285715,26.65,0.8571428571428571,0.42857142857142855,22.75,53.02380952380952,True,6.0,4.75,14.0,5.0,2.0
8230DB002215/1 C4 c | 0/1 C2 c | 0/Morning,8230DB002215,St Loman's Hospital,53.358206,-6.408973,1 C4 c | 0,1 C2 c | 0,C4 · direction 0 → C2 · direction 0,Maynooth,Adamstown Station,Morning,7,7,0,18.75,20.464285714285715,26.65,0.8571428571428571,0.42857142857142855,22.75,53.02380952380952,True,6.0,4.75,14.0,5.0,2.0
8230DB004401/1 C4 c | 0/1 C2 c | 0/Morning,8230DB004401,Palmerstown R148,53.354756,-6.37171,1 C4 c | 0,1 C2 c | 0,C4 · direction 0 → C2 · direction 0,Maynooth,Adamstown Station,Morning,7,7,0,18.566666666666666,20.704761904761906,27.333333333333336,0.8571428571428571,0.42857142857142855,22.533333333333335,52.63492063492064,True,6.0,4.566666666666666,14.0,5.0,2.0
8240DB003885/1 41C c a | 1/1 41 c a | 1/Evening,8240DB003885,Airport Business Pk,53.425969,-6.229119,1 41C c a | 1,1 41 c a | 1,41C · direction 1 → 41 · direction 1,Abbey St,Abbey St,Evening,9,9,0,16.5,13.416666666666666,17.3,0.5555555555555556,0.4444444444444444,20.0,48.66666666666666,True,5.0,2.5,14.0,5.0,3.0
8230DB002573/1 65B c a | 0/3 S8 a | 1/Morning,8230DB002573,Kiltalown Cottages,53.2742753736041,-6.40685901933231,1 65B c a | 0,3 S8 a | 1,65B · direction 0 → S8 · direction 1,Citywest,Citywest,Morning,3,3,0,19.15,15.611111111111109,19.95,0.6666666666666666,0.6666666666666666,20.0,58.86666666666666,True,5.0,5.15,13.999999999999998,2.0,1.0
8220DB001069/1 65B c a | 1/1 15A c a | 1/Morning,8220DB001069,Swan Shop Cntr,53.323285,-6.26562,1 65B c a | 1,1 15A c a | 1,65B · direction 1 → 15A · direction 1,Poolbeg St,Merrion Square,Morning,4,4,0,17.40833333333333,18.4875,23.27166666666667,0.5,0.5,20.0,51.54444444444444,True,3.0,3.5,13.908333333333331,3.0,1.0
8220DB001664/1 39 c a | 0/1 38A c a | 0/Evening,8220DB001664,Ashtown Grove,53.369408,-6.323859,1 39 c a | 0,1 38A c a | 0,39 · direction 0 → 38A · direction 0,Ongar,Damastown,Evening,8,8,0,18.725,18.46875,27.91,0.625,0.5,30.0,59.96666666666667,True,4.0,4.85,13.875000000000002,5.0,3.0
8220DB001662/1 39 c a | 0/1 38A c a | 0/Evening,8220DB001662,Baggot Road,53.367603,-6.317543,1 39 c a | 0,1 38A c a | 0,39 · direction 0 → 38A · direction 0,Ongar,Damastown,Evening,8,8,0,18.875,18.65625,28.0,0.625,0.5,30.0,60.166666666666664,True,4.0,5.0,13.875,5.0,3.0
8220DB001666/1 39 c a | 0/1 38A c a | 0/Evening,8220DB001666,Ashtown Roundabout,53.371597,-6.330596,1 39 c a | 0,1 38A c a | 0,39 · direction 0 → 38A · direction 0,Ongar,Damastown,Evening,8,8,0,18.625,18.34375,27.849999999999998,0.625,0.5,30.0,59.833333333333336,True,4.0,4.75,13.875,5.0,3.0
8220DB001665/1 39 c a | 0/1 38A c a | 0/Evening,8220DB001665,Kempton,53.370658,-6.327702,1 39 c a | 0,1 38A c a | 0,39 · direction 0 → 38A · direction 0,Ongar,Damastown,Evening,8,8,0,18.625,18.34375,27.849999999999998,0.625,0.5,30.0,59.833333333333336,True,4.0,4.75,13.875,5.0,3.0
8230DB003949/1 C3 c | 1/1 C4 c | 1/Morning,8230DB003949,Leixlip Road,53.3555169185499,-6.46021107416006,1 C3 c | 1,1 C4 c | 1,C3 · direction 1 → C4 · direction 1,Ringsend Road,Ringsend Road,Morning,8,8,0,18.125,19.21875,24.075,0.875,0.5,28.5,58.166666666666664,True,6.0,4.25,13.875,5.0,3.0
8220DB000487/1 7 c a | 1/1 S2 | 1/Evening,8220DB000487,American Embassy,53.330855,-6.233902,1 7 c a | 1,1 S2 | 1,7 · direction 1 → S2 · direction 1,Mountjoy Square,Heuston Station,Evening,6,6,0,16.0,15.958333333333334,16.125,1.0,0.8333333333333334,15.0,56.33333333333333,True,1.0,2.125,13.875,4.0,2.0
8250DB003226/1 7A c a | 1/3 45A d a | 0/Morning,8250DB003226,Kilbogget Park,53.258547,-6.137774,1 7A c a | 1,3 45A d a | 0,7A · direction 1 → 45A · direction 0,Mountjoy Square,Dun Laoghaire,Morning,6,6,0,19.875,16.458333333333332,22.5,0.6666666666666666,0.5,20.0,54.83333333333333,True,5.0,6.0,13.875,3.0,3.0
8220DB000195/1 23 a | 0/2 NX c a | 0/Evening,8220DB000195,Broadstone,53.3550117778767,-6.27357097973096,1 23 a | 0,2 NX c a | 0,23 · direction 0 → NX · direction 0,Charlestown,Navan Park & Ride,Evening,10,10,0,18.375,15.7,21.25,0.7,0.4,20.0,49.83333333333333,True,2.0,4.5,13.875,5.0,5.0
8220DB000399/1 C1 c | 0/1 77A c a | 0/Morning,8220DB000399,Pearse Street,53.343867,-6.248309,1 C1 c | 0,1 77A c a | 0,C1 · direction 0 → 77A · direction 0,Adamstown Station,Citywest,Morning,8,8,0,17.666666666666668,15.920833333333334,18.9,0.75,0.625,20.0,55.638888888888886,True,6.0,3.8,13.866666666666667,6.0,2.0
8260DB07758/1 X25 c | 1/1 L59 b | 1/Morning,8260DB07758,Leixlip Village,53.363638,-6.490856,1 X25 c | 1,1 L59 b | 1,X25 · direction 1 → L59 · direction 1,UCD Belfield,River Forest,Morning,4,4,0,17.424999999999997,19.3,29.085000000000004,0.75,0.5,30.0,58.23333333333333,True,4.0,3.575,13.849999999999998,3.0,1.0
8220DB000396/1 C4 c | 0/1 77A c a | 0/Morning,8220DB000396,Grnd Canal Quay,53.34247,-6.23968,1 C4 c | 0,1 77A c a | 0,C4 · direction 0 → 77A · direction 0,Maynooth,Citywest,Morning,7,7,0,18.183333333333334,16.25714285714286,20.493333333333332,0.7142857142857143,0.7142857142857143,20.0,59.00634920634921,True,4.0,4.366666666666666,13.816666666666666,5.0,2.0
8220DB000495/1 19 a | 0/1 24 a | 0/Morning,8220DB000495,Pearse Stn,53.343591,-6.249747,1 19 a | 0,1 24 a | 0,19 · direction 0 → 24 · direction 0,Airport,Dublin Airport,Morning,9,9,0,16.966666666666665,16.900000000000002,17.51,1.0,0.4444444444444444,20.0,49.28888888888888,True,6.0,3.15,13.816666666666665,8.0,1.0
8220DB000353/1 C3 c | 1/1 C4 c | 1/Evening,8220DB000353,Grnd Canal Quay,53.34263,-6.2396,1 C3 c | 1,1 C4 c | 1,C3 · direction 1 → C4 · direction 1,Ringsend Road,Ringsend Road,Evening,10,10,0,18.25,15.225,18.75,0.7,0.6,28.625,61.416666666666664,True,5.0,4.5,13.75,6.0,4.0
8220DB000340/1 C3 c | 1/1 C4 c | 1/Evening,8220DB000340,Townsend Street,53.345975,-6.256017,1 C3 c | 1,1 C4 c | 1,C3 · direction 1 → C4 · direction 1,Ringsend Road,Ringsend Road,Evening,10,10,0,18.0,16.6,18.75,0.8,0.6,28.625,61.083333333333336,True,5.0,4.25,13.75,7.0,3.0
8230DB002201/1 X28 d | 0/1 C3 c | 0/Evening,8230DB002201,Palmerstown Drive,53.353274,-6.364571,1 X28 d | 0,1 C3 c | 0,X28 · direction 0 → C3 · direction 0,Salesian College,Maynooth,Evening,4,4,0,19.208333333333332,21.145833333333332,26.158333333333335,1.0,0.5,29.0,59.94444444444444,True,8.0,5.458333333333333,13.75,3.0,1.0
8220DB000397/1 C4 c | 0/1 77A c a | 0/Morning,8220DB000397,Pearse Sq,53.342786,-6.242015,1 C4 c | 0,1 77A c a | 0,C4 · direction 0 → 77A · direction 0,Maynooth,Citywest,Morning,7,7,0,18.0,16.0,20.45,0.7142857142857143,0.7142857142857143,20.0,58.76190476190476,True,4.0,4.25,13.75,4.0,3.0
8220DB001476/1 52 b | 1/1 C2 c | 1/Morning,8220DB001476,Sarsfield Quay,53.347074,-6.284676,1 52 b | 1,1 C2 c | 1,52 · direction 1 → C2 · direction 1,Ringsend Road,Sandymount,Morning,3,3,0,16.25,13.166666666666666,16.85,0.6666666666666666,0.6666666666666666,22.625,56.75,True,2.0,2.5,13.75,2.0,1.0
8220DB000198/1 23 a | 0/2 103 c a | 0/Morning,8220DB000198,Doyle's Corner,53.361625,-6.272838,1 23 a | 0,2 103 c a | 0,23 · direction 0 → 103 · direction 0,Charlestown,Ratoath,Morning,8,8,0,18.25,14.65625,19.275,0.625,0.625,20.0,56.41666666666666,True,4.0,4.5,13.75,5.0,3.0
8220DB000315/1 52 b | 1/1 C2 c | 1/Morning,8220DB000315,Bachelors Walk,53.347028,-6.261667,1 52 b | 1,1 C2 c | 1,52 · direction 1 → C2 · direction 1,Ringsend Road,Sandymount,Morning,3,3,0,16.25,13.083333333333334,17.05,0.6666666666666666,0.6666666666666666,21.0,55.666666666666664,True,2.0,2.5,13.75,2.0,1.0
8220DB007856/1 52 b | 1/1 C2 c | 1/Morning,8220DB007856,Inns Quay,53.345623,-6.273184,1 52 b | 1,1 C2 c | 1,52 · direction 1 → C2 · direction 1,Ringsend Road,Sandymount,Morning,3,3,0,16.0,12.75,16.8,0.6666666666666666,0.6666666666666666,21.5,55.666666666666664,True,2.0,2.25,13.75,2.0,1.0
8220DB007856/1 C3 c | 1/1 24 a | 1/Evening,8220DB007856,Inns Quay,53.345623,-6.273184,1 C3 c | 1,1 24 a | 1,C3 · direction 1 → 24 · direction 1,Ringsend Road,Merrion Square,Evening,10,10,0,17.5,16.675,21.625,0.7,0.6,20.0,54.66666666666667,True,3.0,3.75,13.75,6.0,4.0
8230DB004599/1 C4 c | 0/1 C2 c | 0/Morning,8230DB004599,Hermitage Road,53.3577587404062,-6.42333743295062,1 C4 c | 0,1 C2 c | 0,C4 · direction 0 → C2 · direction 0,Maynooth,Adamstown Station,Morning,7,7,0,18.75,20.178571428571427,25.9,0.8571428571428571,0.42857142857142855,22.875,53.107142857142854,True,6.0,5.0,13.75,4.0,3.0
8220DB001170/1 65B c a | 1/1 15A c a | 1/Morning,8220DB001170,Rathmines Garda,53.321689,-6.266525,1 65B c a | 1,1 15A c a | 1,65B · direction 1 → 15A · direction 1,Poolbeg St,Merrion Square,Morning,4,4,0,17.25,18.25,23.05,0.5,0.5,20.0,51.33333333333333,True,3.0,3.5,13.75,3.0,1.0
8220DB000044/1 19 a | 1/1 41 c a | 1/Evening,8220DB000044,Home Farm Rd East,53.373017,-6.252132,1 19 a | 1,1 41 c a | 1,19 · direction 1 → 41 · direction 1,"Merrion Square, Parnell Square",Abbey St,Evening,9,9,0,17.05,13.86111111111111,18.3,0.6666666666666666,0.4444444444444444,20.0,49.39999999999999,True,5.0,3.3,13.75,5.0,3.0
8250DB003246/1 7B c a | 1/3 45A d a | 0/Morning,8250DB003246,Johnstown Road,53.271076,-6.143496,1 7B c a | 1,3 45A d a | 0,7B · direction 1 → 45A · direction 0,Mountjoy Square,Dun Laoghaire,Morning,5,5,0,18.0,21.5,30.45,0.8,0.4,20.0,49.33333333333333,True,3.0,4.25,13.75,3.0,2.0
8240DB003696/1 33 c a | 1/1 41 c a | 1/Evening,8240DB003696,N1 Business Park,53.443182,-6.227996,1 33 c a | 1,1 41 c a | 1,33 · direction 1 → 41 · direction 1,Abbey St,Abbey St,Evening,3,3,0,18.7,17.416666666666664,19.66,0.6666666666666666,0.6666666666666666,20.0,58.266666666666666,True,4.0,5.0,13.7,2.0,1.0
8220DB000668/1 27A c a | 1/1 42 c a | 1/Evening,8220DB000668,Marino Mart,53.364633,-6.229263,1 27A c a | 1,1 42 c a | 1,27A · direction 1 → 42 · direction 1,Eden Quay,Talbot Street,Evening,6,6,0,18.933333333333334,20.330555555555552,30.116666666666667,0.6666666666666666,0.6666666666666666,30.0,65.24444444444444,True,5.0,5.241666666666666,13.691666666666666,4.0,2.0
8220DB000352/1 C3 c | 1/1 C4 c | 1/Evening,8220DB000352,Pearse Sq,53.342989,-6.242412,1 C3 c | 1,1 C4 c | 1,C3 · direction 1 → C4 · direction 1,Ringsend Road,Ringsend Road,Evening,10,10,0,18.133333333333333,16.755,18.75,0.8,0.6,28.625,61.26111111111111,True,5.0,4.441666666666666,13.691666666666666,7.0,3.0
8220DB007861/1 C3 c | 1/1 C4 c | 1/Evening,8220DB007861,Prince's St South,53.34568,-6.25002,1 C3 c | 1,1 C4 c | 1,C3 · direction 1 → C4 · direction 1,Ringsend Road,Ringsend Road,Evening,10,10,0,18.0,16.639999999999997,18.75,0.8,0.6,28.625,61.083333333333336,True,5.0,4.316666666666666,13.683333333333334,7.0,3.0
8250DB003247/1 7B c a | 1/3 45A d a | 0/Morning,8250DB003247,Garden Centre,53.272645,-6.146127,1 7B c a | 1,3 45A d a | 0,7B · direction 1 → 45A · direction 0,Mountjoy Square,Dun Laoghaire,Morning,5,5,0,18.25,21.783333333333335,30.783333333333335,0.8,0.4,20.0,49.66666666666666,True,3.0,4.583333333333333,13.666666666666668,3.0,2.0
8230DB003950/1 C3 c | 1/1 C4 c | 1/Morning,8230DB003950,Ball Alley House,53.355603,-6.45501,1 C3 c | 1,1 C4 c | 1,C3 · direction 1 → C4 · direction 1,Ringsend Road,Ringsend Road,Morning,8,8,0,18.116666666666667,19.308333333333334,24.321666666666665,0.875,0.5,28.233333333333334,57.97777777777778,True,6.0,4.458333333333333,13.658333333333335,5.0,3.0
8220DB000665/1 27A c a | 1/1 42 c a | 1/Evening,8220DB000665,Donnycarney Rd,53.37251,-6.22202,1 27A c a | 1,1 42 c a | 1,27A · direction 1 → 42 · direction 1,Eden Quay,Talbot Street,Evening,6,6,0,18.833333333333336,20.208333333333336,30.083333333333336,0.6666666666666666,0.6666666666666666,30.0,65.11111111111111,True,5.0,5.208333333333334,13.625000000000002,4.0,2.0
8220DB000667/1 27A c a | 1/1 42 c a | 1/Evening,8220DB000667,Copeland Avenue,53.367982,-6.226987,1 27A c a | 1,1 42 c a | 1,27A · direction 1 → 42 · direction 1,Eden Quay,Talbot Street,Evening,6,6,0,19.0,20.375,30.25,0.6666666666666666,0.6666666666666666,30.0,65.33333333333333,True,5.0,5.375,13.625,4.0,2.0
8220DB000664/1 27A c a | 1/1 42 c a | 1/Evening,8220DB000664,Donnycarney,53.374719,-6.219508,1 27A c a | 1,1 42 c a | 1,27A · direction 1 → 42 · direction 1,Eden Quay,Talbot Street,Evening,6,6,0,18.75,20.125,30.0,0.6666666666666666,0.6666666666666666,30.0,65.0,True,5.0,5.125,13.625,4.0,2.0
8220DB001221/1 27A c a | 1/1 42 c a | 1/Evening,8220DB001221,Elm Mt Rd,53.376816,-6.216098,1 27A c a | 1,1 42 c a | 1,27A · direction 1 → 42 · direction 1,Eden Quay,Talbot Street,Evening,6,6,0,18.691666666666666,20.102777777777778,30.116666666666667,0.6666666666666666,0.6666666666666666,30.0,64.92222222222222,True,5.0,5.066666666666666,13.625,4.0,2.0
8220DB001220/1 27A c a | 1/1 42 c a | 1/Evening,8220DB001220,Artane Cottages,53.378763,-6.212199,1 27A c a | 1,1 42 c a | 1,27A · direction 1 → 42 · direction 1,Eden Quay,Talbot Street,Evening,6,6,0,18.625,20.083333333333332,30.25,0.6666666666666666,0.6666666666666666,30.0,64.83333333333334,True,5.0,5.0,13.625,4.0,2.0
8220DB000351/1 C3 c | 1/1 C4 c | 1/Evening,8220DB000351,Erne Street,53.3434182647907,-6.24530817378361,1 C3 c | 1,1 C4 c | 1,C3 · direction 1 → C4 · direction 1,Ringsend Road,Ringsend Road,Evening,10,10,0,18.0,16.675,18.75,0.8,0.6,28.625,61.083333333333336,True,5.0,4.375,13.625,7.0,3.0
8220DB001169/1 65B c a | 1/1 15A c a | 1/Morning,8220DB001169,Rathmines Park,53.320056,-6.268558,1 65B c a | 1,1 15A c a | 1,65B · direction 1 → 15A · direction 1,Poolbeg St,Merrion Square,Morning,4,4,0,17.066666666666666,18.03333333333333,22.84,0.5,0.5,20.0,51.08888888888889,True,3.0,3.4416666666666664,13.625,3.0,1.0
8220DB000666/1 27A c a | 1/1 42 c a | 1/Evening,8220DB000666,Mt Temple School,53.370233,-6.224263,1 27A c a | 1,1 42 c a | 1,27A · direction 1 → 42 · direction 1,Eden Quay,Talbot Street,Evening,6,6,0,18.916666666666664,20.291666666666664,30.166666666666664,0.6666666666666666,0.6666666666666666,30.0,65.22222222222221,True,5.0,5.291666666666666,13.624999999999998,4.0,2.0
8230DB002216/1 C4 c | 0/1 C2 c | 0/Morning,8230DB002216,Ballyowen Lane,53.3588652801404,-6.4159498243828,1 C4 c | 0,1 C2 c | 0,C4 · direction 0 → C2 · direction 0,Maynooth,Adamstown Station,Morning,7,7,0,18.75,20.33095238095238,26.299999999999997,0.8571428571428571,0.42857142857142855,22.808333333333334,53.06269841269841,True,6.0,5.133333333333334,13.616666666666667,4.0,3.0
8220DB004407/1 60 | 0/3 N2 a | 0/Evening,8220DB004407,Victoria Quay,53.346488,-6.285165,1 60 | 0,3 N2 a | 0,60 · direction 0 → N2 · direction 0,Red Cow Luas,Heuston Station,Evening,4,4,0,17.116666666666667,14.316666666666666,19.493333333333332,0.75,0.75,20.0,58.65555555555555,True,2.0,3.533333333333333,13.583333333333334,2.0,2.0
8220DB000786/1 X31 c | 0/1 11 c a | 1/Evening,8220DB000786,Leeson Street Lwr,53.33513,-6.25612,1 X31 c | 0,1 11 c a | 1,X31 · direction 0 → 11 · direction 1,River Forest,"Parnell Square, Phoenix Pk",Evening,3,3,0,17.166666666666668,15.0,18.366666666666667,0.6666666666666666,0.6666666666666666,21.0,56.88888888888889,True,5.0,3.6666666666666665,13.500000000000002,2.0,1.0
8220DB000080/1 38B c a | 1/1 38 c a | 1/Morning,8220DB000080,Phibsborough Church,53.360863,-6.276054,1 38B c a | 1,1 38 c a | 1,38B · direction 1 → 38 · direction 1,"Burlington Road, O'Connell Street","Burlington Road, Parnell Sq",Morning,7,7,0,21.5,18.035714285714285,23.650000000000002,0.7142857142857143,0.42857142857142855,30.0,61.523809523809526,True,3.0,8.0,13.5,3.0,4.0
8220DB007856/1 C3 c | 1/1 C4 c | 1/Morning,8220DB007856,Inns Quay,53.345623,-6.273184,1 C3 c | 1,1 C4 c | 1,C3 · direction 1 → C4 · direction 1,Ringsend Road,Ringsend Road,Morning,7,7,0,19.0,17.892857142857142,24.500000000000004,0.7142857142857143,0.5714285714285714,28.25,61.30952380952381,True,5.0,5.5,13.5,4.0,3.0
8240DB003679/1 41C c a | 0/1 43 c a | 0/Evening,8240DB003679,Swords Castle,53.459082,-6.220136,1 41C c a | 0,1 43 c a | 0,41C · direction 0 → 43 · direction 0,Swords Manor,Swords Bus.Pk,Evening,9,9,0,18.75,14.027777777777779,21.5,0.5555555555555556,0.5555555555555556,26.0,59.00000000000001,True,2.0,5.25,13.5,3.0,6.0
8230DB002234/1 C3 c | 1/1 C4 c | 1/Evening,8230DB002234,Lucan Retail Park,53.359336,-6.424391,1 C3 c | 1,1 C4 c | 1,C3 · direction 1 → C4 · direction 1,Ringsend Road,Ringsend Road,Evening,9,9,0,17.25,17.36111111111111,20.500000000000004,0.8888888888888888,0.5555555555555556,28.25,58.5,True,5.0,3.75,13.5,5.0,4.0
8230DB002233/1 C3 c | 1/1 C4 c | 1/Evening,8230DB002233,Chalet Gardens,53.3600895008688,-6.43516577563156,1 C3 c | 1,1 C4 c | 1,C3 · direction 1 → C4 · direction 1,Ringsend Road,Ringsend Road,Evening,9,9,0,17.25,17.36111111111111,20.500000000000004,0.8888888888888888,0.5555555555555556,28.25,58.5,True,5.0,3.75,13.5,5.0,4.0
8230DB002232/1 C3 c | 1/1 C4 c | 1/Evening,8230DB002232,Ballydowd Grove,53.359738,-6.430957,1 C3 c | 1,1 C4 c | 1,C3 · direction 1 → C4 · direction 1,Ringsend Road,Ringsend Road,Evening,9,9,0,17.25,17.36111111111111,20.500000000000004,0.8888888888888888,0.5555555555555556,28.25,58.5,True,5.0,3.75,13.5,5.0,4.0
8240DB003697/1 33 c a | 1/1 41 c a | 1/Evening,8240DB003697,Equestrian Centre,53.440686,-6.227558,1 33 c a | 1,1 41 c a | 1,33 · direction 1 → 41 · direction 1,Abbey St,Abbey St,Evening,3,3,0,18.5,17.416666666666668,19.7,0.6666666666666666,0.6666666666666666,20.0,58.0,True,4.0,5.0,13.5,2.0,1.0
8240DB003698/1 33 c a | 1/1 41 c a | 1/Evening,8240DB003698,Kettles Lane,53.4368181219837,-6.22737321115235,1 33 c a | 1,1 41 c a | 1,33 · direction 1 → 41 · direction 1,Abbey St,Abbey St,Evening,3,3,0,18.5,17.416666666666668,19.7,0.6666666666666666,0.6666666666666666,20.0,58.0,True,4.0,5.0,13.5,2.0,1.0
8240DB001627/1 27B c a | 0/1 41 c a | 0/Morning,8240DB001627,Turnapin Lane,53.408248,-6.237888,1 27B c a | 0,1 41 c a | 0,27B · direction 0 → 41 · direction 0,Harristown,Swords Manor,Morning,7,7,0,18.5,18.642857142857142,24.6,0.7142857142857143,0.5714285714285714,20.0,55.14285714285714,True,4.0,5.0,13.5,4.0,3.0
8220DB000220/3 104 d a | 0/1 41C c a | 0/Evening,8220DB000220,Shantalla Br,53.38794,-6.244981,3 104 d a | 0,1 41C c a | 0,104 · direction 0 → 41C · direction 0,DCU Helix,Swords Manor,Evening,3,3,0,15.75,13.0,18.75,0.6666666666666666,0.6666666666666666,20.0,54.33333333333333,True,4.0,2.25,13.5,2.0,1.0
8220DB001666/1 39 c a | 0/1 37 c a | 0/Morning,8220DB001666,Ashtown Roundabout,53.371597,-6.330596,1 39 c a | 0,1 37 c a | 0,39 · direction 0 → 37 · direction 0,Ongar,Blanchardstown SC,Morning,5,5,0,20.5,17.2,20.9,0.8,0.4,20.0,52.66666666666667,True,3.0,7.0,13.5,2.0,3.0
8220DB001662/1 39 c a | 0/1 37 c a | 0/Morning,8220DB001662,Baggot Road,53.367603,-6.317543,1 39 c a | 0,1 37 c a | 0,39 · direction 0 → 37 · direction 0,Ongar,Blanchardstown SC,Morning,5,5,0,20.5,17.2,21.0,0.8,0.4,20.0,52.66666666666667,True,3.0,7.0,13.5,2.0,3.0
8220DB001664/1 39 c a | 0/1 37 c a | 0/Morning,8220DB001664,Ashtown Grove,53.369408,-6.323859,1 39 c a | 0,1 37 c a | 0,39 · direction 0 → 37 · direction 0,Ongar,Blanchardstown SC,Morning,5,5,0,20.5,17.169999999999998,20.94,0.8,0.4,20.0,52.66666666666667,True,3.0,7.0,13.5,2.0,3.0
8220DB001665/1 39 c a | 0/1 37 c a | 0/Morning,8220DB001665,Kempton,53.370658,-6.327702,1 39 c a | 0,1 37 c a | 0,39 · direction 0 → 37 · direction 0,Ongar,Blanchardstown SC,Morning,5,5,0,20.5,17.15,20.9,0.8,0.4,20.0,52.66666666666667,True,3.0,7.0,13.5,2.0,3.0
8220DB000045/2 101 d a | 1/1 19 a | 1/Evening,8220DB000045,Drumcondra Village,53.369936,-6.254107,2 101 d a | 1,1 19 a | 1,101 · direction 1 → 19 · direction 1,Dublin,"Merrion Square, Parnell Square",Evening,9,9,0,18.75,17.694444444444443,21.55,0.7777777777777778,0.4444444444444444,20.0,51.66666666666666,True,4.0,5.25,13.5,6.0,3.0
8240DB001630/1 33 c a | 0/1 24 a | 0/Morning,8240DB001630,ALSAA Sports Club,53.421866,-6.231892,1 33 c a | 0,1 24 a | 0,33 · direction 0 → 24 · direction 0,"Balbriggan, Skerries",Dublin Airport,Morning,3,3,0,17.716666666666665,14.683333333333332,22.836666666666666,0.6666666666666666,0.6666666666666666,20.0,56.95555555555555,True,2.0,4.216666666666667,13.499999999999998,1.0,2.0
8230DB005132/3 S6 a | 0/1 15B c a | 1/Evening,8230DB005132,Owendore Avenue,53.297946220461,-6.28666082155279,3 S6 a | 0,1 15B c a | 1,S6 · direction 0 → 15B · direction 1,Blackrock,Merrion Square,Evening,12,12,0,15.883333333333333,15.802777777777779,16.403333333333332,0.9166666666666666,0.4166666666666667,15.0,43.67777777777778,True,1.0,2.433333333333333,13.45,7.0,5.0
8230DB003372/1 C3 c | 1/1 C4 c | 1/Morning,8230DB003372,Lucan Village,53.3565643295806,-6.44809469057744,1 C3 c | 1,1 C4 c | 1,C3 · direction 1 → C4 · direction 1,Ringsend Road,Ringsend Road,Morning,8,8,0,18.125,19.4375,24.65,0.875,0.5,28.25,58.0,True,6.0,4.75,13.375,5.0,3.0
8220DB000340/1 47 c a | 0/1 C2 c | 1/Evening,8220DB000340,Townsend Street,53.345975,-6.256017,1 47 c a | 0,1 C2 c | 1,47 · direction 0 → C2 · direction 1,Belarmine,Sandymount,Evening,6,6,0,16.674999999999997,18.019444444444442,30.225,0.6666666666666666,0.6666666666666666,20.75,56.06666666666666,True,4.0,3.35,13.324999999999998,4.0,2.0
8220DB001444/1 24 a | 0/1 37 c a | 0/Morning,8220DB001444,Merchant's Quay,53.34504,-6.27417,1 24 a | 0,1 37 c a | 0,24 · direction 0 → 37 · direction 0,Dublin Airport,Blanchardstown SC,Morning,9,9,0,17.516666666666666,12.938888888888888,22.186666666666667,0.5555555555555556,0.5555555555555556,20.0,53.355555555555554,True,5.0,4.216666666666667,13.299999999999999,5.0,4.0
8220DB007012/1 C3 c | 0/1 C1 c | 0/Morning,8220DB007012,Memorial Gardens,53.342954,-6.315375,1 C3 c | 0,1 C1 c | 0,C3 · direction 0 → C1 · direction 0,Maynooth,Adamstown Station,Morning,7,7,0,16.766666666666666,19.073809523809523,28.443333333333335,0.7142857142857143,0.42857142857142855,21.458333333333332,49.518253968253966,True,6.0,3.4833333333333334,13.283333333333331,6.0,1.0
8230DB002554/1 77A c a | 1/1 82 a | 0/Morning,8230DB002554,Glenview Lwns,53.28904,-6.339486,1 77A c a | 1,1 82 a | 0,77A · direction 1 → 82 · direction 0,Ringsend Road,Kiltipper Way,Morning,12,12,0,19.966666666666665,17.944444444444443,20.666666666666668,0.75,0.5,20.0,54.95555555555555,True,6.0,6.691666666666666,13.274999999999999,7.0,5.0
8240DB004330/3 197 | 0/1 43 c a | 0/Evening,8240DB004330,Swords Pavilions,53.454786,-6.218358,3 197 | 0,1 43 c a | 0,197 · direction 0 → 43 · direction 0,Ashbourne,Swords Bus.Pk,Evening,3,3,0,17.5,17.25,18.9,0.6666666666666666,0.6666666666666666,25.75,60.5,True,5.0,4.25,13.25,2.0,1.0
8220DB007856/1 C3 c | 1/1 C4 c | 1/Evening,8220DB007856,Inns Quay,53.345623,-6.273184,1 C3 c | 1,1 C4 c | 1,C3 · direction 1 → C4 · direction 1,Ringsend Road,Ringsend Road,Evening,10,10,0,17.0,17.65,19.149999999999995,0.9,0.6,28.25,59.5,True,6.0,3.75,13.25,8.0,2.0
8220DB000315/1 C3 c | 1/1 C4 c | 1/Morning,8220DB000315,Bachelors Walk,53.347028,-6.261667,1 C3 c | 1,1 C4 c | 1,C3 · direction 1 → C4 · direction 1,Ringsend Road,Ringsend Road,Morning,7,7,0,19.25,17.892857142857142,24.300000000000004,0.7142857142857143,0.42857142857142855,29.0,57.85714285714286,True,6.0,6.0,13.25,4.0,3.0
8220DB004413/1 52 b | 1/1 C2 c | 1/Morning,8220DB004413,Heuston Station,53.34621,-6.29246,1 52 b | 1,1 C2 c | 1,52 · direction 1 → C2 · direction 1,Ringsend Road,Sandymount,Morning,3,3,0,16.0,13.25,17.0,0.6666666666666666,0.6666666666666666,22.875,56.58333333333333,True,2.0,2.75,13.25,2.0,1.0
8220DB000340/1 52 b | 1/1 C2 c | 1/Morning,8220DB000340,Townsend Street,53.345975,-6.256017,1 52 b | 1,1 C2 c | 1,52 · direction 1 → C2 · direction 1,Ringsend Road,Sandymount,Morning,3,3,0,16.25,13.25,17.65,0.6666666666666666,0.6666666666666666,20.75,55.5,True,2.0,3.0,13.25,2.0,1.0
8220DB001443/1 24 a | 0/1 37 c a | 0/Morning,8220DB001443,Wood Quay,53.345129,-6.26954,1 24 a | 0,1 37 c a | 0,24 · direction 0 → 37 · direction 0,Dublin Airport,Blanchardstown SC,Morning,9,9,0,17.75,13.222222222222221,22.25,0.5555555555555556,0.5555555555555556,20.0,53.66666666666667,True,5.0,4.5,13.25,5.0,4.0
8220DB001443/1 37 c a | 0/1 24 a | 0/Morning,8220DB001443,Wood Quay,53.345129,-6.26954,1 37 c a | 0,1 24 a | 0,37 · direction 0 → 24 · direction 0,Blanchardstown SC,Dublin Airport,Morning,9,9,0,17.5,14.555555555555555,20.75,0.5555555555555556,0.5555555555555556,20.0,53.33333333333333,True,2.0,4.25,13.25,3.0,6.0
8220DB007854/1 C3 c | 1/1 C4 c | 1/Evening,8220DB007854,Arran Quay,53.346375,-6.278665,1 C3 c | 1,1 C4 c | 1,C3 · direction 1 → C4 · direction 1,Ringsend Road,Ringsend Road,Evening,10,10,0,16.75,17.425,18.899999999999995,0.9,0.4,28.0,53.0,True,6.0,3.5,13.25,8.0,2.0
8240DB001628/1 27B c a | 0/1 41 c a | 0/Morning,8240DB001628,Collinstown B Pk,53.413712,-6.239076,1 27B c a | 0,1 41 c a | 0,27B · direction 0 → 41 · direction 0,Harristown,Swords Manor,Morning,7,7,0,18.5,18.714285714285715,24.6,0.7142857142857143,0.42857142857142855,20.0,50.85714285714286,True,4.0,5.25,13.25,4.0,3.0
8240DB001629/1 27B c a | 0/1 41 c a | 0/Morning,8240DB001629,Collinstown X,53.416947,-6.238987,1 27B c a | 0,1 41 c a | 0,27B · direction 0 → 41 · direction 0,Harristown,Swords Manor,Morning,7,7,0,18.5,18.571428571428573,24.35,0.7142857142857143,0.42857142857142855,20.0,50.85714285714286,True,4.0,5.25,13.25,4.0,3.0
8220DB002721/1 C3 c | 0/1 C1 c | 0/Morning,8220DB002721,South Circular Road,53.3432718551658,-6.31051108491761,1 C3 c | 0,1 C1 c | 0,C3 · direction 0 → C1 · direction 0,Maynooth,Adamstown Station,Morning,7,7,0,16.75,19.071428571428573,28.45,0.7142857142857143,0.42857142857142855,21.5,49.523809523809526,True,6.0,3.5,13.25,6.0,1.0
8220DB007883/1 C3 c | 1/1 C4 c | 1/Evening,8220DB007883,Ormond Quay Upr,53.346058,-6.268496,1 C3 c | 1,1 C4 c | 1,C3 · direction 1 → C4 · direction 1,Ringsend Road,Ringsend Road,Evening,11,11,0,17.216666666666665,17.58181818181818,17.966666666666665,0.8181818181818182,0.5454545454545454,28.65,58.41919191919192,True,6.0,3.966666666666667,13.249999999999998,8.0,3.0
8220DB001661/1 39 c a | 0/1 37 c a | 0/Morning,8220DB001661,St Mary's Convent,53.366444,-6.313096,1 39 c a | 0,1 37 c a | 0,39 · direction 0 → 37 · direction 0,Ongar,Blanchardstown SC,Morning,5,5,0,20.35,17.203333333333333,21.12,0.8,0.4,20.0,52.46666666666667,True,3.0,7.133333333333334,13.216666666666669,2.0,3.0
8250DB003214/1 7A c a | 0/3 45A d a | 1/Morning,8250DB003214,Churchview Road,53.264601,-6.134617,1 7A c a | 0,3 45A d a | 1,7A · direction 0 → 45A · direction 1,Loughlinstown Pk,Kilmacanogue,Morning,5,5,0,18.216666666666665,15.620000000000001,21.333333333333332,0.6,0.4,20.0,49.62222222222222,True,4.0,5.083333333333333,13.133333333333333,3.0,2.0
8250DB007717/1 L25 | 0/1 74 | 1/Evening,8250DB007717,Dundrum South,53.28549,-6.2415,1 L25 | 0,1 74 | 1,L25 · direction 0 → 74 · direction 1,Dun Laoghaire,Eden Quay,Evening,12,12,0,23.25,23.25,30.75,1.0,0.5,30.0,66.0,True,2.0,10.125,13.125,6.0,6.0
8220DB001558/1 F2 a | 0/1 F3 a | 0/Evening,8220DB001558,McKelvey Ave,53.399817,-6.303053,1 F2 a | 0,1 F3 a | 0,F2 · direction 0 → F3 · direction 0,Rossmore Road,Limekiln Avenue,Evening,12,12,0,15.5,15.604166666666666,16.0,0.6666666666666666,0.9166666666666666,15.0,58.16666666666667,True,2.0,2.375,13.125,12.0,0.0
8220DB000519/1 27B c a | 0/1 H1 c a | 0/Morning,8220DB000519,North Strand FS,53.360339,-6.239535,1 27B c a | 0,1 H1 c a | 0,27B · direction 0 → H1 · direction 0,"Coolock Lane, Harristown",Baldoyle,Morning,12,12,0,15.375,15.5,16.0,0.8333333333333334,0.9166666666666666,15.0,58.0,True,2.0,2.25,13.125,12.0,0.0
8220DB001911/1 39 c a | 0/3 N2 a | 1/Evening,8220DB001911,Prussia Street,53.356538,-6.2883,1 39 c a | 0,3 N2 a | 1,39 · direction 0 → N2 · direction 1,Ongar,Clontarf Station,Evening,8,8,0,16.125,15.65625,18.2,0.875,0.75,19.5,57.0,True,2.0,3.0,13.125,6.0,2.0
8220DB000271/1 53 c a | 0/1 11 c a | 0/Evening,8220DB000271,O'Connell St Lwr,53.348596,-6.259485,1 53 c a | 0,1 11 c a | 0,53 · direction 0 → 11 · direction 0,Dublin Ferryport,"O'Connell St Lower, Sandyford B.D.",Evening,4,4,0,16.5,15.6875,17.525,0.75,0.5,26.75,54.833333333333336,True,6.0,3.375,13.125,3.0,1.0
8250DB003230/1 7A c a | 1/3 45A d a | 0/Morning,8250DB003230,Drumkeen Manor,53.268501,-6.1392,1 7A c a | 1,3 45A d a | 0,7A · direction 1 → 45A · direction 0,Mountjoy Square,Dun Laoghaire,Morning,6,6,0,19.625,16.666666666666668,22.375,0.6666666666666666,0.5,20.0,54.5,True,5.0,6.5,13.125,3.0,3.0
8220DB000522/1 27B c a | 0/1 H1 c a | 0/Morning,8220DB000522,Fairview,53.363207,-6.2356,1 27B c a | 0,1 H1 c a | 0,27B · direction 0 → H1 · direction 0,"Coolock Lane, Harristown",Baldoyle,Morning,12,12,0,15.725,15.837499999999999,16.533333333333335,0.9166666666666666,0.5833333333333334,15.0,48.46666666666667,True,2.0,2.6,13.125,12.0,0.0
8220DB000523/1 27B c a | 0/1 H1 c a | 0/Morning,8220DB000523,Marino Mart,53.364355,-6.231308,1 27B c a | 0,1 H1 c a | 0,27B · direction 0 → H1 · direction 0,"Coolock Lane, Harristown",Baldoyle,Morning,12,12,0,15.95,16.083333333333332,16.8,0.9166666666666666,0.5833333333333334,15.0,48.766666666666666,True,2.0,2.85,13.1,12.0,0.0
8250DB007472/1 7A c a | 1/3 45A d a | 0/Morning,8250DB007472,Killiney SC,53.267068,-6.136624,1 7A c a | 1,3 45A d a | 0,7A · direction 1 → 45A · direction 0,Mountjoy Square,Dun Laoghaire,Morning,6,6,0,19.35,16.405555555555555,22.1,0.6666666666666666,0.5,20.0,54.133333333333326,True,5.0,6.2666666666666675,13.083333333333334,3.0,3.0
8220DB007883/1 C3 c | 1/1 24 a | 1/Morning,8220DB007883,Ormond Quay Upr,53.346058,-6.268496,1 C3 c | 1,1 24 a | 1,C3 · direction 1 → 24 · direction 1,Ringsend Road,Merrion Square,Morning,7,7,0,17.266666666666666,19.373809523809523,27.63666666666667,0.7142857142857143,0.42857142857142855,20.0,49.2126984126984,True,3.0,4.216666666666667,13.049999999999999,4.0,3.0
8250DB003229/1 7A c a | 1/3 45A d a | 0/Morning,8250DB003229,Churchview Road,53.265353,-6.134419,1 7A c a | 1,3 45A d a | 0,7A · direction 1 → 45A · direction 0,Mountjoy Square,Dun Laoghaire,Morning,6,6,0,19.21666666666667,16.280555555555555,21.941666666666666,0.6666666666666666,0.5,20.0,53.95555555555556,True,5.0,6.183333333333334,13.033333333333335,3.0,3.0
8230DB003374/1 C3 c | 1/1 C4 c | 1/Evening,8230DB003374,St Mary's Church,53.359634,-6.439525,1 C3 c | 1,1 C4 c | 1,C3 · direction 1 → C4 · direction 1,Ringsend Road,Ringsend Road,Evening,9,9,0,17.1,17.25,20.500000000000004,0.8888888888888888,0.4444444444444444,28.675,55.25000000000001,True,7.0,4.1,13.000000000000002,7.0,2.0
8230DB002236/1 C3 c | 1/1 C4 c | 1/Evening,8230DB002236,Hermitage Bridge,53.358869,-6.410857,1 C3 c | 1,1 C4 c | 1,C3 · direction 1 → C4 · direction 1,Ringsend Road,Ringsend Road,Evening,9,9,0,17.1,17.194444444444443,20.500000000000004,0.8888888888888888,0.4444444444444444,28.25,54.96666666666667,True,7.0,4.1,13.000000000000002,7.0,2.0
8240DB003689/3 33B d a | 1/3 33A d a | 1/Morning,8240DB003689,Swords Castle,53.458936,-6.220006,3 33B d a | 1,3 33A d a | 1,33B · direction 1 → 33A · direction 1,Swords Pavilions,"Carlton Court, Dublin Airport",Morning,7,7,0,35.0,36.42857142857143,58.0,1.0,0.42857142857142855,46.5,72.85714285714286,True,3.0,22.0,13.0,3.0,4.0
8250DB007716/1 L25 | 0/1 74 | 1/Evening,8250DB007716,Dundrum Town Centre,53.287078,-6.243328,1 L25 | 0,1 74 | 1,L25 · direction 0 → 74 · direction 1,Dun Laoghaire,Eden Quay,Evening,12,12,0,23.25,23.25,30.75,1.0,0.5,30.0,66.0,True,2.0,10.25,13.0,6.0,6.0
8220DB000515/1 27B c a | 0/1 H1 c a | 0/Morning,8220DB000515,Five Lamps,53.35439,-6.2472,1 27B c a | 0,1 H1 c a | 0,27B · direction 0 → H1 · direction 0,"Coolock Lane, Harristown",Baldoyle,Morning,12,12,0,15.75,15.758333333333335,15.933333333333334,1.0,1.0,15.0,61.0,True,2.0,2.75,13.0,12.0,0.0
8220DB002809/1 44 c a | 0/1 15B c a | 1/Evening,8220DB002809,Pearse Stn,53.34306,-6.24984,1 44 c a | 0,1 15B c a | 1,44 · direction 0 → 15B · direction 1,Enniskerry,Merrion Square,Evening,3,3,0,15.7,15.699999999999998,15.899999999999999,1.0,1.0,15.0,60.93333333333334,True,2.0,2.7,13.0,3.0,0.0
8230DB004646/1 65 e | 1/3 S6 a | 0/Evening,8230DB004646,Tallaght Hospl,53.28944,-6.37427,1 65 e | 1,3 S6 a | 0,65 · direction 1 → S6 · direction 0,Poolbeg St,Blackrock,Evening,3,3,0,15.5,15.427777777777777,15.513333333333334,1.0,1.0,15.0,60.66666666666667,True,2.0,2.5,13.0,3.0,0.0
8220DB000516/1 27B c a | 0/1 H1 c a | 0/Morning,8220DB000516,Newcomen Bridge,53.35621,-6.244942,1 27B c a | 0,1 H1 c a | 0,27B · direction 0 → H1 · direction 0,"Coolock Lane, Harristown",Baldoyle,Morning,12,12,0,15.5,15.4375,15.5,0.9166666666666666,1.0,15.0,60.66666666666667,True,2.0,2.5,13.0,12.0,0.0
8220DB000519/1 27B c a | 0/1 H1 c a | 0/Evening,8220DB000519,North Strand FS,53.360339,-6.239535,1 27B c a | 0,1 H1 c a | 0,27B · direction 0 → H1 · direction 0,"Coolock Lane, Harristown",Baldoyle,Evening,12,12,0,15.5,15.333333333333334,15.5,0.6666666666666666,1.0,15.0,60.66666666666667,True,2.0,2.5,13.0,12.0,0.0
8220DB000654/1 6 c a | 0/1 H1 c a | 1/Morning,8220DB000654,Watermill Road,53.37921,-6.177021,1 6 c a | 0,1 H1 c a | 1,6 · direction 0 → H1 · direction 1,Howth Station,Abbey St Lower,Morning,3,3,0,15.5,15.333333333333334,15.5,0.6666666666666666,1.0,15.0,60.66666666666667,True,2.0,2.5,13.0,3.0,0.0
8220DB000515/1 27B c a | 0/1 H1 c a | 0/Evening,8220DB000515,Five Lamps,53.35439,-6.2472,1 27B c a | 0,1 H1 c a | 0,27B · direction 0 → H1 · direction 0,"Coolock Lane, Harristown",Baldoyle,Evening,12,12,0,15.283333333333333,15.338888888888889,15.533333333333333,1.0,1.0,15.0,60.37777777777778,True,2.0,2.283333333333333,13.0,12.0,0.0
8230DB002622/1 56A c a | 1/3 W4 a | 1/Evening,8230DB002622,Tallaght L Centre,53.283809,-6.392601,1 56A c a | 1,3 W4 a | 1,56A · direction 1 → W4 · direction 1,Ringsend Road,Blanchardstown,Evening,3,3,0,15.75,11.833333333333334,16.55,0.6666666666666666,0.6666666666666666,29.0,60.33333333333333,True,2.0,2.75,13.0,2.0,1.0
8230DB002234/1 C3 c | 1/1 C4 c | 1/Morning,8230DB002234,Lucan Retail Park,53.359336,-6.424391,1 C3 c | 1,1 C4 c | 1,C3 · direction 1 → C4 · direction 1,Ringsend Road,Ringsend Road,Morning,8,8,0,19.5,18.65625,25.45,0.875,0.5,28.25,59.83333333333333,True,7.0,6.5,13.0,6.0,2.0
8230DB002233/1 C3 c | 1/1 C4 c | 1/Morning,8230DB002233,Chalet Gardens,53.3600895008688,-6.43516577563156,1 C3 c | 1,1 C4 c | 1,C3 · direction 1 → C4 · direction 1,Ringsend Road,Ringsend Road,Morning,8,8,0,19.5,18.59375,25.275,0.875,0.5,28.25,59.83333333333333,True,7.0,6.5,13.0,6.0,2.0
8230DB002232/1 C3 c | 1/1 C4 c | 1/Morning,8230DB002232,Ballydowd Grove,53.359738,-6.430957,1 C3 c | 1,1 C4 c | 1,C3 · direction 1 → C4 · direction 1,Ringsend Road,Ringsend Road,Morning,8,8,0,19.5,18.61875,25.345,0.875,0.5,28.25,59.83333333333333,True,7.0,6.5,13.0,6.0,2.0
8240B1009301/2 109A c b | 0/2 103 c a | 0/Evening,8240B1009301,Coolquay,53.4587810772361,-6.35073013356082,2 109A c b | 0,2 103 c a | 0,109A · direction 0 → 103 · direction 0,Kells,Ratoath,Evening,3,3,0,19.0,16.166666666666668,20.6,0.6666666666666666,0.6666666666666666,20.0,58.66666666666666,True,9.0,6.0,13.0,3.0,0.0
8220DB007856/1 24 a | 1/1 C3 c | 1/Evening,8220DB007856,Inns Quay,53.345623,-6.273184,1 24 a | 1,1 C3 c | 1,24 · direction 1 → C3 · direction 1,Merrion Square,Ringsend Road,Evening,9,9,0,17.0,14.13888888888889,21.0,0.5555555555555556,0.5555555555555556,29.0,58.66666666666666,True,3.0,4.0,13.0,5.0,4.0
8220DB000522/1 27B c a | 0/1 H1 c a | 0/Evening,8220DB000522,Fairview,53.363207,-6.2356,1 27B c a | 0,1 H1 c a | 0,27B · direction 0 → H1 · direction 0,"Coolock Lane, Harristown",Baldoyle,Evening,12,12,0,15.541666666666666,15.481944444444443,15.733333333333333,0.9166666666666666,0.9166666666666666,15.0,58.22222222222222,True,2.0,2.541666666666667,13.0,12.0,0.0
8220DB004413/03C 120 e a | 1/1 C1 c | 1/Evening,8220DB004413,Heuston Station,53.34621,-6.29246,03C 120 e a | 1,1 C1 c | 1,120 · direction 1 → C1 · direction 1,Dublin,Sandymount,Evening,5,5,0,18.5,17.35,28.150000000000002,0.6,0.6,22.5,57.66666666666667,True,5.0,5.5,13.0,3.0,2.0
8230DB002352/1 65B c a | 0/3 S8 a | 1/Morning,8230DB002352,Jobstown House,53.27738,-6.39785,1 65B c a | 0,3 S8 a | 1,65B · direction 0 → S8 · direction 1,Citywest,Citywest,Morning,3,3,0,18.25,15.083333333333334,19.85,0.6666666666666666,0.6666666666666666,20.0,57.66666666666666,True,5.0,5.25,13.0,2.0,1.0
8220DB002811/1 44 c a | 0/1 82 a | 0/Morning,8220DB002811,Merrion Street,53.33936,-6.252308,1 44 c a | 0,1 82 a | 0,44 · direction 0 → 82 · direction 0,Enniskerry,Kiltipper Way,Morning,3,3,0,18.0,17.25,20.4,0.6666666666666666,0.6666666666666666,20.0,57.33333333333333,True,4.0,5.0,13.0,2.0,1.0
8220DB007854/1 C1 c | 1/1 C4 c | 1/Evening,8220DB007854,Arran Quay,53.346375,-6.278665,1 C1 c | 1,1 C4 c | 1,C1 · direction 1 → C4 · direction 1,Sandymount,Ringsend Road,Evening,8,8,0,17.625,13.34375,19.25,0.625,0.5,28.0,57.16666666666667,True,6.0,4.625,13.0,5.0,3.0
8220DB001013/1 44 c a | 0/1 82 a | 0/Morning,8220DB001013,Earlsfort Trce,53.334181,-6.258346,1 44 c a | 0,1 82 a | 0,44 · direction 0 → 82 · direction 0,Enniskerry,Kiltipper Way,Morning,3,3,0,17.5,16.5,19.1,0.6666666666666666,0.6666666666666666,20.0,56.66666666666667,True,5.0,4.5,13.0,2.0,1.0
8230DB003372/1 C3 c | 1/1 C4 c | 1/Evening,8230DB003372,Lucan Village,53.3565643295806,-6.44809469057744,1 C3 c | 1,1 C4 c | 1,C3 · direction 1 → C4 · direction 1,Ringsend Road,Ringsend Road,Evening,10,10,0,17.0,17.875,25.074999999999996,0.9,0.5,28.25,56.5,True,6.0,4.0,13.0,6.0,4.0
8250DB002043/3 L27 a | 0/1 L25 | 1/Morning,8250DB002043,Vesey Place,53.292474,-6.142658,3 L27 a | 0,1 L25 | 1,L27 · direction 0 → L25 · direction 1,Leopardstown Valley,Dundrum,Morning,6,6,0,15.25,13.625,15.5,0.8333333333333334,0.8333333333333334,15.0,55.33333333333333,True,2.0,2.25,13.0,5.0,1.0
8230DB003373/1 C3 c | 1/1 C4 c | 1/Evening,8230DB003373,Lucan Heights,53.3580827892559,-6.44184974350997,1 C3 c | 1,1 C4 c | 1,C3 · direction 1 → C4 · direction 1,Ringsend Road,Ringsend Road,Evening,9,9,0,17.0,17.166666666666668,20.500000000000004,0.8888888888888888,0.4444444444444444,28.75,55.16666666666667,True,7.0,4.0,13.0,7.0,2.0
8230DB005056/1 C3 c | 1/1 C4 c | 1/Evening,8230DB005056,Hermitage Clinic,53.3575214900454,-6.40279392760984,1 C3 c | 1,1 C4 c | 1,C3 · direction 1 → C4 · direction 1,Ringsend Road,Ringsend Road,Evening,9,9,0,17.0,17.083333333333332,20.500000000000004,0.8888888888888888,0.4444444444444444,28.25,54.83333333333333,True,7.0,4.0,13.0,7.0,2.0
8250DB003212/3 111 e a | 1/3 45A d a | 1/Evening,8250DB003212,Granitefield,53.269115,-6.139923,3 111 e a | 1,3 45A d a | 1,111 · direction 1 → 45A · direction 1,Brides Glen Luas,Kilmacanogue,Evening,3,3,0,16.0,18.0,21.6,0.6666666666666666,0.6666666666666666,20.0,54.66666666666666,True,5.0,3.0,13.0,2.0,1.0
8250DB003194/3 114 d a | 0/3 S8 a | 0/Morning,8250DB003194,Holly Park Avenue,53.283261,-6.178844,3 114 d a | 0,3 S8 a | 0,114 · direction 0 → S8 · direction 0,Blackrock,Dun Laoghaire,Morning,3,3,0,16.0,13.0,20.0,0.6666666666666666,0.6666666666666666,20.0,54.66666666666666,True,3.0,3.0,13.0,2.0,1.0
8250DB003195/3 114 d a | 0/3 S8 a | 0/Morning,8250DB003195,Meadow Close,53.284895,-6.177544,3 114 d a | 0,3 S8 a | 0,114 · direction 0 → S8 · direction 0,Blackrock,Dun Laoghaire,Morning,3,3,0,16.0,12.666666666666666,19.2,0.6666666666666666,0.6666666666666666,20.0,54.66666666666666,True,4.0,3.0,13.0,2.0,1.0
8220DB002095/1 56A c a | 0/1 77A c a | 0/Evening,8220DB002095,Crumlin Coll,53.329037,-6.302471,1 56A c a | 0,1 77A c a | 0,56A · direction 0 → 77A · direction 0,The Square,Citywest,Evening,3,3,0,15.766666666666667,12.966666666666667,19.553333333333335,0.6666666666666666,0.6666666666666666,20.0,54.355555555555554,True,2.0,2.7666666666666666,13.0,2.0,1.0
8220DB002809/1 120 c a | 1/1 15A c a | 1/Morning,8220DB002809,Pearse Stn,53.34306,-6.24984,1 120 c a | 1,1 15A c a | 1,120 · direction 1 → 15A · direction 1,Ballsbridge,Merrion Square,Morning,3,3,0,15.616666666666667,12.283333333333333,15.616666666666667,0.6666666666666666,0.6666666666666666,20.0,54.15555555555555,True,2.0,2.6166666666666667,13.0,2.0,1.0
8220DB001409/1 56A c a | 0/1 77A c a | 0/Evening,8220DB001409,Crumlin Road,53.330367,-6.297358,1 56A c a | 0,1 77A c a | 0,56A · direction 0 → 77A · direction 0,The Square,Citywest,Evening,3,3,0,15.5,12.833333333333334,19.5,0.6666666666666666,0.6666666666666666,20.0,54.0,True,2.0,2.5,13.0,2.0,1.0
8350DB004149/3 L2 a | 0/3 45A d a | 0/Morning,8350DB004149,Lauderdale Terrace,53.1935632830315,-6.10658697988642,3 L2 a | 0,3 45A d a | 0,L2 · direction 0 → 45A · direction 0,Bray Station,Dun Laoghaire,Morning,6,6,0,19.0,21.166666666666668,32.0,0.8333333333333334,0.5,20.0,53.66666666666666,True,6.0,6.0,13.0,4.0,2.0
8350DB003045/3 L2 a | 0/3 45A d a | 0/Morning,8350DB003045,Church Road,53.197431,-6.109006,3 L2 a | 0,3 45A d a | 0,L2 · direction 0 → 45A · direction 0,Bray Station,Dun Laoghaire,Morning,6,6,0,19.0,20.833333333333332,32.0,0.8333333333333334,0.5,20.0,53.66666666666666,True,6.0,6.0,13.0,4.0,2.0
8250DB002040/3 L27 a | 0/3 S8 a | 1/Morning,8250DB002040,Dun Laoghaire SC,53.292791187827,-6.13536904926552,3 L27 a | 0,3 S8 a | 1,L27 · direction 0 → S8 · direction 1,Leopardstown Valley,Citywest,Morning,6,6,0,15.0,13.333333333333334,15.0,0.0,0.6666666666666666,20.0,53.33333333333333,True,2.0,2.0,13.0,4.0,2.0
8250DB003175/3 114 d a | 1/3 S8 a | 1/Morning,8250DB003175,Stillorgan Road,53.27962,-6.183452,3 114 d a | 1,3 S8 a | 1,114 · direction 1 → S8 · direction 1,Ticknock,Citywest,Morning,3,3,0,15.0,16.0,18.2,0.3333333333333333,0.6666666666666666,20.0,53.33333333333333,True,3.0,2.0,13.0,3.0,0.0
8250DB003073/1 7A c a | 1/3 S8 a | 1/Morning,8250DB003073,Monkstown Road,53.293783,-6.155188,1 7A c a | 1,3 S8 a | 1,7A · direction 1 → S8 · direction 1,Mountjoy Square,Citywest,Morning,5,5,0,16.0,15.15,19.85,0.6,0.6,20.0,52.66666666666666,True,2.0,3.0,13.0,3.0,2.0
8250DB002040/1 L25 | 1/3 S8 a | 1/Morning,8250DB002040,Dun Laoghaire SC,53.292791187827,-6.13536904926552,1 L25 | 1,3 S8 a | 1,L25 · direction 1 → S8 · direction 1,Dundrum,Citywest,Morning,13,13,0,15.35,14.135897435897437,15.633333333333333,0.7692307692307693,0.6153846153846154,20.0,52.261538461538464,True,2.0,2.35,13.0,8.0,5.0
8220DB007856/1 C3 c | 1/1 C1 c | 1/Evening,8220DB007856,Inns Quay,53.345623,-6.273184,1 C3 c | 1,1 C1 c | 1,C3 · direction 1 → C1 · direction 1,Ringsend Road,Sandymount,Evening,10,10,0,19.0,17.25,21.924999999999997,0.6,0.4,22.25,52.166666666666664,True,7.0,6.0,13.0,7.0,3.0
8250DB003216/3 111 e a | 1/3 45A d a | 1/Evening,8250DB003216,Kilbogget Park,53.258872,-6.137879,3 111 e a | 1,3 45A d a | 1,111 · direction 1 → 45A · direction 1,Brides Glen Luas,Kilmacanogue,Evening,4,4,0,17.0,18.5,22.900000000000002,0.75,0.5,20.0,51.0,True,7.0,4.0,13.0,4.0,0.0
8220DB004413/03C 120A e a | 1/1 X28 d | 1/Morning,8220DB004413,Heuston Station,53.34621,-6.29246,03C 120A e a | 1,1 X28 d | 1,120A · direction 1 → X28 · direction 1,"Dublin, UCD Belfield",UCD Belfield,Morning,3,3,0,16.0,12.666666666666666,19.2,0.6666666666666666,0.6666666666666666,13.5,50.33333333333333,True,2.0,3.0,13.0,2.0,1.0
8240IR0020/DUB-EUROPORT-I | 1/BRAY-HOWTH-I | 1/Evening,8240IR0020,Malahide,53.450686,-6.156293,DUB-EUROPORT-I | 1,BRAY-HOWTH-I | 1,rail · direction 1 → DART · direction 1,"Drogheda (MacBride), Dundalk (Clarke)","Bray (Daly), Dublin Connolly, Greystones",Evening,5,5,0,16.0,15.6,16.6,0.6,0.4,20.0,46.66666666666666,True,7.0,3.0,13.0,5.0,0.0
8220DB007854/1 X30 d | 1/1 C4 c | 1/Morning,8220DB007854,Arran Quay,53.346375,-6.278665,1 X30 d | 1,1 C4 c | 1,X30 · direction 1 → C4 · direction 1,UCD Belfield,Ringsend Road,Morning,4,4,0,22.049999999999997,20.216666666666665,23.43,0.75,0.5,28.0,63.06666666666666,True,2.0,9.05,12.999999999999996,2.0,2.0
8220DB000522/1 27A c a | 0/1 42 c a | 0/Morning,8220DB000522,Fairview,53.363207,-6.2356,1 27A c a | 0,1 42 c a | 0,27A · direction 0 → 42 · direction 0,Blunden Drive,Portmarnock,Morning,5,5,0,20.75,16.94,26.95,0.6,0.4,25.0,56.33333333333333,True,2.0,7.816666666666666,12.933333333333334,2.0,3.0
8220DB001934/1 77A c a | 0/1 150 c a | 0/Evening,8220DB001934,Dame Street,53.344118,-6.265525,1 77A c a | 0,1 150 c a | 0,77A · direction 0 → 150 · direction 0,Citywest,Limekiln Avenue,Evening,10,10,0,15.083333333333334,12.816666666666666,15.633333333333333,0.6,0.6,20.0,51.44444444444444,True,2.0,2.183333333333333,12.9,6.0,4.0
8220DB000496/1 27A c a | 0/1 H1 c a | 0/Morning,8220DB000496,Busáras,53.3494968761341,-6.25222357868164,1 27A c a | 0,1 H1 c a | 0,27A · direction 0 → H1 · direction 0,Blunden Drive,Baldoyle,Morning,5,5,0,15.1,12.276666666666667,15.293333333333333,0.6,0.6,15.0,48.13333333333333,True,2.0,2.2,12.899999999999999,3.0,2.0
8220DB000315/1 C3 c | 1/1 C4 c | 1/Evening,8220DB000315,Bachelors Walk,53.347028,-6.261667,1 C3 c | 1,1 C4 c | 1,C3 · direction 1 → C4 · direction 1,Ringsend Road,Ringsend Road,Evening,10,10,0,17.5,16.1,18.25,0.8,0.6,29.0,60.66666666666667,True,6.0,4.625,12.875,7.0,3.0
8220DB000516/1 53 c a | 0/1 27B c a | 0/Evening,8220DB000516,Newcomen Bridge,53.35621,-6.244942,1 53 c a | 0,1 27B c a | 0,53 · direction 0 → 27B · direction 0,Dublin Ferryport,"Coolock Lane, Harristown",Evening,4,4,0,15.25,12.3125,15.425,0.75,0.75,19.875,56.08333333333333,True,2.0,2.375,12.875,3.0,1.0
8220DB001476/1 C3 c | 1/1 C4 c | 1/Evening,8220DB001476,Sarsfield Quay,53.347074,-6.284676,1 C3 c | 1,1 C4 c | 1,C3 · direction 1 → C4 · direction 1,Ringsend Road,Ringsend Road,Evening,10,10,0,16.625,17.325,18.949999999999996,0.9,0.5,27.875,55.75000000000001,True,6.0,3.75,12.875,7.0,3.0
8220DB001476/1 69 c a | 1/1 S2 | 0/Morning,8220DB001476,Sarsfield Quay,53.347074,-6.284676,1 69 c a | 1,1 S2 | 0,69 · direction 1 → S2 · direction 0,Poolbeg St,Irishtown,Morning,4,4,0,15.625,12.6875,15.75,0.75,0.75,15.0,53.333333333333336,True,2.0,2.75,12.875,3.0,1.0
8220DB007453/1 69 c a | 1/1 S2 | 0/Morning,8220DB007453,Arran Quay,53.3463358924171,-6.27838250402176,1 69 c a | 1,1 S2 | 0,69 · direction 1 → S2 · direction 0,Poolbeg St,Irishtown,Morning,4,4,0,15.475,12.620833333333332,15.6,0.75,0.75,15.0,53.13333333333333,True,2.0,2.6,12.875,3.0,1.0
8220DB001015/1 44 c a | 0/1 82 a | 0/Morning,8220DB001015,Harcourt Street,53.33273,-6.259966,1 44 c a | 0,1 82 a | 0,44 · direction 0 → 82 · direction 0,Enniskerry,Kiltipper Way,Morning,3,3,0,17.416666666666668,16.527777777777775,19.15,0.6666666666666666,0.6666666666666666,20.0,56.55555555555556,True,5.0,4.583333333333333,12.833333333333336,2.0,1.0
8240DB005071/3 238 d a | 0/1 40D c a | 1/Evening,8240DB005071,Alexion,53.410962,-6.376017,3 238 d a | 0,1 40D c a | 1,238 · direction 0 → 40D · direction 1,"Blanchardstown, Mulhuddart",Parnell St,Evening,3,3,0,15.066666666666666,13.788888888888886,15.2,0.6666666666666666,0.6666666666666666,22.15,54.855555555555554,True,2.0,2.2333333333333334,12.833333333333332,2.0,1.0
8220DB007883/1 C3 c | 1/1 C4 c | 1/Morning,8220DB007883,Ormond Quay Upr,53.346058,-6.268496,1 C3 c | 1,1 C4 c | 1,C3 · direction 1 → C4 · direction 1,Ringsend Road,Ringsend Road,Morning,7,7,0,19.1,17.89047619047619,24.420000000000005,0.7142857142857143,0.42857142857142855,28.65,57.423809523809524,True,6.0,6.3,12.8,4.0,3.0
8220DB004407/1 60 | 0/3 N2 a | 0/Morning,8220DB004407,Victoria Quay,53.346488,-6.285165,1 60 | 0,3 N2 a | 0,60 · direction 0 → N2 · direction 0,Red Cow Luas,Heuston Station,Morning,3,3,0,15.5,14.366666666666665,18.86,0.6666666666666666,0.6666666666666666,20.0,54.0,True,2.0,2.7,12.8,2.0,1.0
8220DB001407/1 56A c a | 0/1 77A c a | 0/Evening,8220DB001407,Rutland Avenue,53.331539,-6.294444,1 56A c a | 0,1 77A c a | 0,56A · direction 0 → 77A · direction 0,The Square,Citywest,Evening,3,3,0,15.15,12.638888888888888,19.336666666666666,0.6666666666666666,0.6666666666666666,20.0,53.53333333333333,True,2.0,2.3833333333333333,12.766666666666667,2.0,1.0
8220DB000515/1 53 c a | 0/1 27B c a | 0/Evening,8220DB000515,Five Lamps,53.35439,-6.2472,1 53 c a | 0,1 27B c a | 0,53 · direction 0 → 27B · direction 0,Dublin Ferryport,"Coolock Lane, Harristown",Evening,4,4,0,15.016666666666667,12.179166666666665,15.355,0.75,0.75,19.908333333333335,55.79444444444445,True,2.0,2.2583333333333333,12.758333333333335,3.0,1.0
8220DB007856/1 24 a | 1/1 C4 c | 1/Evening,8220DB007856,Inns Quay,53.345623,-6.273184,1 24 a | 1,1 C4 c | 1,24 · direction 1 → C4 · direction 1,Merrion Square,Ringsend Road,Evening,9,9,0,17.5,18.666666666666668,22.6,0.7777777777777778,0.6666666666666666,28.25,62.16666666666667,True,5.0,4.75,12.75,6.0,3.0
8230DB002239/1 C3 c | 1/1 C4 c | 1/Evening,8230DB002239,Liffey Valley SC,53.356169,-6.391727,1 C3 c | 1,1 C4 c | 1,C3 · direction 1 → C4 · direction 1,Ringsend Road,Ringsend Road,Evening,9,9,0,17.0,17.02777777777778,20.250000000000004,0.8888888888888888,0.5555555555555556,28.125,58.08333333333333,True,7.0,4.25,12.75,7.0,2.0
8220DB007883/1 C1 c | 1/1 C4 c | 1/Evening,8220DB007883,Ormond Quay Upr,53.346058,-6.268496,1 C1 c | 1,1 C4 c | 1,C1 · direction 1 → C4 · direction 1,Sandymount,Ringsend Road,Evening,8,8,0,17.708333333333332,13.520833333333332,19.333333333333332,0.625,0.5,28.65,57.71111111111111,True,6.0,4.958333333333333,12.75,5.0,3.0
8220DB004413/1 C3 c | 1/1 C4 c | 1/Morning,8220DB004413,Heuston Station,53.34621,-6.29246,1 C3 c | 1,1 C4 c | 1,C3 · direction 1 → C4 · direction 1,Ringsend Road,Ringsend Road,Morning,7,7,0,19.0,17.5,24.050000000000004,0.7142857142857143,0.42857142857142855,28.0,56.85714285714286,True,6.0,6.25,12.75,4.0,3.0
8240DB005072/3 238 d a | 0/1 40D c a | 1/Evening,8240DB005072,Corporate Park,53.409309,-6.370846,3 238 d a | 0,1 40D c a | 1,238 · direction 0 → 40D · direction 1,"Blanchardstown, Mulhuddart",Parnell St,Evening,3,3,0,15.0,13.75,15.2,0.3333333333333333,0.6666666666666666,22.125,54.75,True,2.0,2.25,12.75,2.0,1.0
8240DB001625/1 27B c a | 0/1 41 c a | 0/Morning,8240DB001625,Morton Stadium,53.401092,-6.243297,1 27B c a | 0,1 41 c a | 0,27B · direction 0 → 41 · direction 0,Harristown,Swords Manor,Morning,7,7,0,18.0,17.928571428571427,23.750000000000004,0.7142857142857143,0.5714285714285714,20.0,54.47619047619047,True,5.0,5.25,12.75,4.0,3.0
8220DB000516/1 H1 c a | 0/1 27B c a | 0/Evening,8220DB000516,Newcomen Bridge,53.35621,-6.244942,1 H1 c a | 0,1 27B c a | 0,H1 · direction 0 → 27B · direction 0,Baldoyle,"Coolock Lane, Harristown",Evening,12,12,0,15.0,15.0,15.25,0.3333333333333333,0.6666666666666666,19.875,53.25,True,2.0,2.25,12.75,8.0,4.0
8220DB004413/1 C3 c | 1/1 C1 c | 1/Evening,8220DB004413,Heuston Station,53.34621,-6.29246,1 C3 c | 1,1 C1 c | 1,C3 · direction 1 → C1 · direction 1,Ringsend Road,Sandymount,Evening,10,10,0,18.75,17.425,22.674999999999997,0.7,0.4,22.5,52.0,True,7.0,6.0,12.75,7.0,3.0
8220DB001476/1 C3 c | 1/1 C1 c | 1/Evening,8220DB001476,Sarsfield Quay,53.347074,-6.284676,1 C3 c | 1,1 C1 c | 1,C3 · direction 1 → C1 · direction 1,Ringsend Road,Sandymount,Evening,10,10,0,18.5,17.2,22.424999999999997,0.6,0.4,22.375,51.58333333333334,True,7.0,5.75,12.75,7.0,3.0
8230DB005131/3 S6 a | 0/1 15B c a | 1/Evening,8230DB005131,Charleville Square,53.296974,-6.291606,3 S6 a | 0,1 15B c a | 1,S6 · direction 0 → 15B · direction 1,Blackrock,Merrion Square,Evening,13,13,0,15.4,14.512820512820515,16.02,0.8461538461538461,0.6923076923076923,15.0,51.302564102564105,True,2.0,2.65,12.75,12.0,1.0
8220DB001558/1 L89 a | 1/1 F1 a | 0/Evening,8220DB001558,McKelvey Ave,53.399817,-6.303053,1 L89 a | 1,1 F1 a | 0,L89 · direction 1 → F1 · direction 0,Broombridge,"Harold's Cross, Tallaght",Evening,3,3,0,15.75,12.5,15.95,0.6666666666666666,0.6666666666666666,15.0,51.0,True,2.0,3.0,12.75,2.0,1.0
8220DB001558/1 L89 a | 1/1 F2 a | 0/Evening,8220DB001558,McKelvey Ave,53.399817,-6.303053,1 L89 a | 1,1 F2 a | 0,L89 · direction 1 → F2 · direction 0,Broombridge,Rossmore Road,Evening,3,3,0,15.25,14.5,15.45,0.6666666666666666,0.6666666666666666,15.0,50.33333333333333,True,2.0,2.5,12.75,2.0,1.0
8230DB004647/1 65 e | 1/3 S6 a | 0/Evening,8230DB004647,Belgard Square N,53.290058,-6.371532,1 65 e | 1,3 S6 a | 0,65 · direction 1 → S6 · direction 0,Poolbeg St,Blackrock,Evening,3,3,0,15.1,15.005555555555555,15.299999999999999,0.6666666666666666,0.6666666666666666,15.0,50.13333333333333,True,2.0,2.35,12.75,3.0,0.0
8220DB000516/1 27B c a | 0/1 H1 c a | 0/Evening,8220DB000516,Newcomen Bridge,53.35621,-6.244942,1 27B c a | 0,1 H1 c a | 0,27B · direction 0 → H1 · direction 0,"Coolock Lane, Harristown",Baldoyle,Evening,12,12,0,15.0,15.0,15.25,0.3333333333333333,0.6666666666666666,15.0,50.0,True,2.0,2.25,12.75,8.0,4.0
8220DB001533/1 L89 a | 1/1 F1 a | 0/Evening,8220DB001533,Tolka Vale,53.378967884758,-6.2874980880021,1 L89 a | 1,1 F1 a | 0,L89 · direction 1 → F1 · direction 0,Broombridge,"Harold's Cross, Tallaght",Evening,3,3,0,15.0,11.416666666666666,15.2,0.3333333333333333,0.6666666666666666,15.0,50.0,True,2.0,2.25,12.75,2.0,1.0
8220DB000515/1 27A c a | 0/1 H1 c a | 0/Morning,8220DB000515,Five Lamps,53.35439,-6.2472,1 27A c a | 0,1 H1 c a | 0,27A · direction 0 → H1 · direction 0,Blunden Drive,Baldoyle,Morning,5,5,0,15.716666666666667,12.993333333333334,16.116666666666667,0.6,0.6,15.0,48.955555555555556,True,2.0,2.966666666666667,12.75,3.0,2.0
8220DB000516/1 27A c a | 0/1 H1 c a | 0/Morning,8220DB000516,Newcomen Bridge,53.35621,-6.244942,1 27A c a | 0,1 H1 c a | 0,27A · direction 0 → H1 · direction 0,Blunden Drive,Baldoyle,Morning,5,5,0,15.5,12.75,15.9,0.6,0.6,15.0,48.66666666666667,True,2.0,2.75,12.75,3.0,2.0
8220DB007856/1 C3 c | 1/1 24 a | 1/Morning,8220DB007856,Inns Quay,53.345623,-6.273184,1 C3 c | 1,1 24 a | 1,C3 · direction 1 → 24 · direction 1,Ringsend Road,Merrion Square,Morning,7,7,0,16.5,18.892857142857142,27.050000000000004,0.7142857142857143,0.42857142857142855,20.0,48.19047619047619,True,3.0,3.75,12.75,4.0,3.0
8230DB003374/1 C3 c | 1/1 C4 c | 1/Morning,8230DB003374,St Mary's Church,53.359634,-6.439525,1 C3 c | 1,1 C4 c | 1,C3 · direction 1 → C4 · direction 1,Ringsend Road,Ringsend Road,Morning,8,8,0,19.016666666666666,18.160416666666666,25.336666666666666,0.75,0.5,28.675,59.47222222222222,True,5.0,6.3,12.716666666666665,4.0,4.0
8240DB007381/1 38B c a | 0/1 38 c a | 0/Morning,8240DB007381,Damastown Ind Park,53.410348,-6.415978,1 38B c a | 0,1 38 c a | 0,38B · direction 0 → 38 · direction 0,Damastown,Damastown,Morning,5,5,0,18.716666666666665,16.143333333333334,26.193333333333335,0.6,0.4,30.0,56.95555555555555,True,4.0,6.033333333333333,12.683333333333332,2.0,3.0
8220DB007587/1 41X c a | 0/1 X25 c | 0/Evening,8220DB007587,Shaw Street,53.344458,-6.251228,1 41X c a | 0,1 X25 c | 0,41X · direction 0 → X25 · direction 0,"Knocksedan, Swords Manor",Maynooth,Evening,3,2,1,16.316666666666666,16.316666666666666,16.836666666666666,0.6666666666666666,0.6666666666666666,16.0,52.42222222222222,True,3.0,3.6666666666666665,12.65,3.0,0.0
8240DB007097/1 40E c a | 1/1 40D c a | 1/Morning,8240DB007097,Belgree Boulevard,53.420141,-6.38483,1 40E c a | 1,1 40D c a | 1,40E · direction 1 → 40D · direction 1,Broombridge Luas,Parnell St,Morning,7,7,0,15.916666666666666,16.35,21.776666666666667,0.8571428571428571,0.42857142857142855,22.366666666666667,48.99047619047619,True,2.0,3.2666666666666666,12.649999999999999,4.0,3.0
8220DB000082/1 38B c a | 1/1 38 c a | 1/Morning,8220DB000082,Doyle's Corner,53.360798,-6.271549,1 38B c a | 1,1 38 c a | 1,38B · direction 1 → 38 · direction 1,"Burlington Road, O'Connell Street","Burlington Road, Parnell Sq",Morning,7,7,0,20.633333333333333,17.86190476190476,23.59,0.7142857142857143,0.42857142857142855,30.0,60.36825396825397,True,3.0,8.0,12.633333333333333,3.0,4.0
8240DB001626/1 27B c a | 0/1 41 c a | 0/Morning,8240DB001626,Furry Park,53.404168,-6.240342,1 27B c a | 0,1 41 c a | 0,27B · direction 0 → 41 · direction 0,Harristown,Swords Manor,Morning,7,7,0,18.216666666666665,18.247619047619047,24.130000000000003,0.7142857142857143,0.5714285714285714,20.0,54.76507936507936,True,5.0,5.583333333333333,12.633333333333333,4.0,3.0
8230DB002236/1 X27 d | 1/1 X31 c | 1/Morning,8230DB002236,Hermitage Bridge,53.358869,-6.410857,1 X27 d | 1,1 X31 c | 1,X27 · direction 1 → X31 · direction 1,UCD Belfield,UCD Belfield,Morning,4,3,1,18.416666666666668,18.666666666666668,19.01666666666667,0.75,0.5,19.625,52.63888888888889,True,7.0,5.791666666666667,12.625,3.0,1.0
8220DB000516/1 53 c a | 0/1 H1 c a | 0/Evening,8220DB000516,Newcomen Bridge,53.35621,-6.244942,1 53 c a | 0,1 H1 c a | 0,53 · direction 0 → H1 · direction 0,Dublin Ferryport,Baldoyle,Evening,4,4,0,15.0,12.25,15.525,0.25,0.75,15.0,52.5,True,2.0,2.375,12.625,3.0,1.0
8230DB002239/1 X27 d | 1/1 X31 c | 1/Morning,8230DB002239,Liffey Valley SC,53.356169,-6.391727,1 X27 d | 1,1 X31 c | 1,X27 · direction 1 → X31 · direction 1,UCD Belfield,UCD Belfield,Morning,4,3,1,18.166666666666668,18.416666666666668,18.76666666666667,0.75,0.5,19.625,52.305555555555564,True,7.0,5.541666666666667,12.625,3.0,1.0
8220DB002722/1 C3 c | 1/1 C1 c | 1/Evening,8220DB002722,South Circular Road,53.343437,-6.311391,1 C3 c | 1,1 C1 c | 1,C3 · direction 1 → C1 · direction 1,Ringsend Road,Sandymount,Evening,10,10,0,18.625,17.7,23.7,0.7,0.4,22.875,52.083333333333336,True,7.0,6.0,12.625,7.0,3.0
8220DB000494/1 X28 d | 0/1 23 a | 0/Evening,8220DB000494,Clare Street,53.341436,-6.251682,1 X28 d | 0,1 23 a | 0,X28 · direction 0 → 23 · direction 0,Salesian College,Charlestown,Evening,4,4,0,17.166666666666668,17.041666666666668,20.491666666666667,0.75,0.5,20.0,51.22222222222223,True,5.0,4.541666666666667,12.625,3.0,1.0
8250DB007056/1 7B c a | 1/3 45A d a | 0/Morning,8250DB007056,Somerton,53.273531,-6.147619,1 7B c a | 1,3 45A d a | 0,7B · direction 1 → 45A · direction 0,Mountjoy Square,Dun Laoghaire,Morning,5,5,0,17.85,21.40333333333333,30.433333333333334,0.8,0.4,20.0,49.13333333333334,True,4.0,5.233333333333333,12.616666666666667,3.0,2.0
8220DB000522/1 27A c a | 0/1 H1 c a | 0/Morning,8220DB000522,Fairview,53.363207,-6.2356,1 27A c a | 0,1 H1 c a | 0,27A · direction 0 → H1 · direction 0,Blunden Drive,Baldoyle,Morning,5,5,0,15.783333333333333,13.273333333333332,16.796666666666667,0.6,0.4,15.0,43.044444444444444,True,2.0,3.1666666666666665,12.616666666666667,3.0,2.0
8220DB000515/1 53 c a | 0/1 H1 c a | 0/Evening,8220DB000515,Five Lamps,53.35439,-6.2472,1 53 c a | 0,1 H1 c a | 0,53 · direction 0 → H1 · direction 0,Dublin Ferryport,Baldoyle,Evening,4,4,0,15.216666666666667,12.483333333333334,15.788333333333334,0.75,0.5,15.0,45.28888888888889,True,2.0,2.625,12.591666666666667,3.0,1.0
8220DB000985/1 F3 a | 1/1 F2 a | 0/Evening,8220DB000985,Mellowes Cres,53.389925,-6.303898,1 F3 a | 1,1 F2 a | 0,F3 · direction 1 → F2 · direction 0,Charlestown,Rossmore Road,Evening,11,11,0,15.416666666666666,11.378787878787877,16.55,0.6363636363636364,0.5454545454545454,15.0,46.91919191919192,True,2.0,2.8833333333333333,12.533333333333333,7.0,4.0
8220DB001277/1 27A c a | 1/1 42 c a | 1/Evening,8220DB001277,Artane Rnbt,53.382681,-6.206217,1 27A c a | 1,1 42 c a | 1,27A · direction 1 → 42 · direction 1,Eden Quay,Talbot Street,Evening,5,5,0,17.5,17.7,24.8,0.6,0.6,30.0,61.333333333333336,True,5.0,5.0,12.5,3.0,2.0
8250DB002007/1 7B c a | 0/2 133 e | 0/Evening,8250DB002007,Woodbine Road,53.3088750410388,-6.21611120483354,1 7B c a | 0,2 133 e | 0,7B · direction 0 → 133 · direction 0,Shankill,Wicklow,Evening,4,4,0,19.2,19.2,29.700000000000003,0.75,0.5,58.75,60.6,True,5.0,6.699999999999999,12.5,2.0,2.0
8220DB000762/1 7B c a | 0/2 133 e | 0/Evening,8220DB000762,RTÉ Studios,53.314517,-6.224371,1 7B c a | 0,2 133 e | 0,7B · direction 0 → 133 · direction 0,Shankill,Wicklow,Evening,4,4,0,19.0,19.0,29.5,0.75,0.5,59.0,60.33333333333333,True,5.0,6.5,12.5,2.0,2.0
8230DB007459/1 65B c a | 0/3 W6 a | 1/Evening,8230DB007459,Citywest Rd N,53.290842,-6.427288,1 65B c a | 0,3 W6 a | 1,65B · direction 0 → W6 · direction 1,Citywest,Community College,Evening,4,4,0,18.375,17.875,29.75,0.5,0.5,30.0,59.5,True,3.0,5.875,12.5,2.0,2.0
8250DB003309/3 L26 a | 1/3 L27 a | 0/Morning,8250DB003309,Kerrymount Green,53.266929,-6.165895,3 L26 a | 1,3 L27 a | 0,L26 · direction 1 → L27 · direction 0,Kilternan,Leopardstown Valley,Morning,6,6,0,17.0,15.833333333333334,28.0,0.5,0.5,30.0,57.666666666666664,True,3.0,4.5,12.5,3.0,3.0
8250DB003306/3 L26 a | 1/3 L27 a | 0/Morning,8250DB003306,Sycamore Drive,53.2633563372602,-6.16855121909571,3 L26 a | 1,3 L27 a | 0,L26 · direction 1 → L27 · direction 0,Kilternan,Leopardstown Valley,Morning,6,6,0,17.0,15.833333333333334,28.0,0.5,0.5,30.0,57.666666666666664,True,3.0,4.5,12.5,3.0,3.0
8250DB000449/3 114 d a | 0/1 11 c a | 1/Morning,8250DB000449,Blackthorn Road,53.276323,-6.216927,3 114 d a | 0,1 11 c a | 1,114 · direction 0 → 11 · direction 1,Blackrock,"Parnell Square, Phoenix Pk",Morning,4,4,0,18.0,19.0,22.900000000000002,0.75,0.5,25.0,55.66666666666667,True,9.0,5.5,12.5,4.0,0.0
8220DB000400/1 44 c a | 1/1 15A c a | 0/Evening,8220DB000400,Shaw Street,53.344849,-6.25339,1 44 c a | 1,1 15A c a | 0,44 · direction 1 → 15A · direction 0,DCU,Limekiln Ave,Evening,3,3,0,15.5,11.666666666666666,15.9,0.6666666666666666,0.6666666666666666,20.0,54.0,True,2.0,3.0,12.5,2.0,1.0
8220DB007569/1 6 c a | 1/1 27B c a | 1/Evening,8220DB007569,Talbot St West,53.350451,-6.25597,1 6 c a | 1,1 27B c a | 1,6 · direction 1 → 27B · direction 1,Abbey St Lower,Eden Quay,Evening,3,3,0,15.483333333333333,11.683333333333332,15.883333333333333,0.6666666666666666,0.6666666666666666,20.0,53.977777777777774,True,2.0,2.9833333333333334,12.5,2.0,1.0
8230DB002357/1 65 e | 1/1 77A c a | 1/Evening,8230DB002357,Jobstown House,53.27804,-6.39674,1 65 e | 1,1 77A c a | 1,65 · direction 1 → 77A · direction 1,Poolbeg St,Ringsend Road,Evening,3,3,0,15.25,14.916666666666666,15.65,0.6666666666666666,0.6666666666666666,20.0,53.66666666666666,True,2.0,2.75,12.5,2.0,1.0
8230DB002591/1 65 e | 1/1 77A c a | 1/Evening,8230DB002591,De Selby Estate,53.274611,-6.410445,1 65 e | 1,1 77A c a | 1,65 · direction 1 → 77A · direction 1,Poolbeg St,Ringsend Road,Evening,3,3,0,15.166666666666666,14.983333333333334,15.566666666666666,0.6666666666666666,0.6666666666666666,20.0,53.55555555555556,True,2.0,2.6666666666666665,12.5,2.0,1.0
8230DB002592/1 65 e | 1/1 77A c a | 1/Evening,8230DB002592,Kiltalown Cottages,53.274304,-6.406273,1 65 e | 1,1 77A c a | 1,65 · direction 1 → 77A · direction 1,Poolbeg St,Ringsend Road,Evening,3,3,0,15.15,14.927777777777777,15.55,0.6666666666666666,0.6666666666666666,20.0,53.53333333333333,True,2.0,2.65,12.5,2.0,1.0
8250DB002041/3 L27 a | 0/3 S8 a | 1/Morning,8250DB002041,St Michael's Hosp,53.2935976049825,-6.13923437692805,3 L27 a | 0,3 S8 a | 1,L27 · direction 0 → S8 · direction 1,Leopardstown Valley,Citywest,Morning,6,6,0,15.0,13.833333333333334,16.0,0.3333333333333333,0.6666666666666666,20.0,53.33333333333333,True,2.0,2.5,12.5,4.0,2.0
8230DB002590/1 65 e | 1/1 77A c a | 1/Evening,8230DB002590,Belfry Downs,53.2751454328557,-6.41549358352696,1 65 e | 1,1 77A c a | 1,65 · direction 1 → 77A · direction 1,Poolbeg St,Ringsend Road,Evening,3,3,0,15.0,14.833333333333334,15.4,0.3333333333333333,0.6666666666666666,20.0,53.33333333333333,True,2.0,2.5,12.5,2.0,1.0
8220DB000195/1 24 a | 0/2 NX c a | 0/Morning,8220DB000195,Broadstone,53.3550117778767,-6.27357097973096,1 24 a | 0,2 NX c a | 0,24 · direction 0 → NX · direction 0,Dublin Airport,Navan Park & Ride,Morning,9,9,0,17.0,16.0,20.6,0.5555555555555556,0.5555555555555556,20.0,52.66666666666666,True,5.0,4.5,12.5,5.0,4.0
8230DB002241/1 C3 c | 1/1 C1 c | 1/Evening,8230DB002241,Palmerstown R148,53.354929,-6.371268,1 C3 c | 1,1 C1 c | 1,C3 · direction 1 → C1 · direction 1,Ringsend Road,Sandymount,Evening,10,10,0,18.625,17.7,23.7,0.7,0.4,23.375,52.41666666666667,True,7.0,6.125,12.5,7.0,3.0
8230DB002242/1 C3 c | 1/1 C1 c | 1/Evening,8230DB002242,The Oval,53.3539273217399,-6.36700981772817,1 C3 c | 1,1 C1 c | 1,C3 · direction 1 → C1 · direction 1,Ringsend Road,Sandymount,Evening,10,10,0,18.625,17.7,23.7,0.7,0.4,23.25,52.333333333333336,True,7.0,6.125,12.5,7.0,3.0
8220DB007435/1 C3 c | 1/1 C1 c | 1/Evening,8220DB007435,Memorial Gdns,53.343179,-6.315381,1 C3 c | 1,1 C1 c | 1,C3 · direction 1 → C1 · direction 1,Ringsend Road,Sandymount,Evening,10,10,0,18.625,17.7,23.7,0.7,0.4,23.0,52.16666666666667,True,7.0,6.125,12.5,7.0,3.0
8220DB001660/1 39 c a | 0/1 37 c a | 0/Morning,8220DB001660,Nephin Road,53.365187,-6.309374,1 39 c a | 0,1 37 c a | 0,39 · direction 0 → 37 · direction 0,Ongar,Blanchardstown SC,Morning,5,5,0,19.75,17.2,21.4,0.8,0.4,20.0,51.66666666666666,True,3.0,7.25,12.5,2.0,3.0
8220DB000516/1 27A c a | 0/1 27B c a | 0/Morning,8220DB000516,Newcomen Bridge,53.35621,-6.244942,1 27A c a | 0,1 27B c a | 0,27A · direction 0 → 27B · direction 0,Blunden Drive,"Coolock Lane, Harristown",Morning,5,5,0,15.0,12.35,15.5,0.4,0.6,19.875,51.25,True,2.0,2.5,12.5,3.0,2.0
8250DB003214/3 111 e a | 1/3 45A d a | 1/Evening,8250DB003214,Churchview Road,53.264601,-6.134617,3 111 e a | 1,3 45A d a | 1,111 · direction 1 → 45A · direction 1,Brides Glen Luas,Kilmacanogue,Evening,4,4,0,17.0,18.75,22.900000000000002,1.0,0.5,20.0,51.0,True,7.0,4.5,12.5,4.0,0.0
8250DB003215/3 111 e a | 1/3 45A d a | 1/Evening,8250DB003215,Auburn Drive,53.262031,-6.137562,3 111 e a | 1,3 45A d a | 1,111 · direction 1 → 45A · direction 1,Brides Glen Luas,Kilmacanogue,Evening,4,4,0,17.0,18.75,22.900000000000002,1.0,0.5,20.0,51.0,True,7.0,4.5,12.5,4.0,0.0
8220DB001168/1 65B c a | 1/1 15A c a | 1/Morning,8220DB001168,Leicester Avenue,53.317929,-6.27001,1 65B c a | 1,1 15A c a | 1,65B · direction 1 → 15A · direction 1,Poolbeg St,Merrion Square,Morning,4,4,0,16.875,17.8125,22.625,0.5,0.5,20.0,50.83333333333333,True,4.0,4.375,12.5,3.0,1.0
8220DB001558/1 L89 a | 1/1 F3 a | 0/Evening,8220DB001558,McKelvey Ave,53.399817,-6.303053,1 L89 a | 1,1 F3 a | 0,L89 · direction 1 → F3 · direction 0,Broombridge,Limekiln Avenue,Evening,3,3,0,15.5,14.75,15.9,0.6666666666666666,0.6666666666666666,15.0,50.66666666666667,True,2.0,3.0,12.5,2.0,1.0
8220DB002957/1 L89 a | 1/1 F3 a | 0/Evening,8220DB002957,McKee Ave N,53.396234,-6.302594,1 L89 a | 1,1 F3 a | 0,L89 · direction 1 → F3 · direction 0,Broombridge,Limekiln Avenue,Evening,3,3,0,15.5,14.75,15.9,0.6666666666666666,0.6666666666666666,15.0,50.66666666666667,True,2.0,3.0,12.5,2.0,1.0
8220DB002958/1 L89 a | 1/1 F3 a | 0/Evening,8220DB002958,McKee Avenue,53.394406,-6.301088,1 L89 a | 1,1 F3 a | 0,L89 · direction 1 → F3 · direction 0,Broombridge,Limekiln Avenue,Evening,3,3,0,15.5,14.75,15.9,0.6666666666666666,0.6666666666666666,15.0,50.66666666666667,True,2.0,3.0,12.5,2.0,1.0
8220DB002310/1 150 c a | 0/1 77A c a | 0/Evening,8220DB002310,Werburgh Street,53.342446,-6.269798,1 150 c a | 0,1 77A c a | 0,150 · direction 0 → 77A · direction 0,Limekiln Avenue,Citywest,Evening,11,11,0,15.25,12.818181818181818,15.5,0.6363636363636364,0.5454545454545454,20.0,50.03030303030303,True,2.0,2.75,12.5,6.0,5.0
8230DB004348/1 65 e | 1/3 S6 a | 0/Evening,8230DB004348,Tallaght Luas,53.286672,-6.37505,1 65 e | 1,3 S6 a | 0,65 · direction 1 → S6 · direction 0,Poolbeg St,Blackrock,Evening,3,3,0,15.0,15.083333333333334,15.4,0.3333333333333333,0.6666666666666666,15.0,50.0,True,2.0,2.5,12.5,2.0,1.0
8250DB003181/3 114 d a | 0/3 S8 a | 0/Morning,8250DB003181,Carmanhall Road,53.276734,-6.207778,3 114 d a | 0,3 S8 a | 0,114 · direction 0 → S8 · direction 0,Blackrock,Dun Laoghaire,Morning,4,4,0,16.0,13.75,20.4,0.5,0.5,20.0,49.66666666666666,True,2.0,3.5,12.5,2.0,2.0
8220DB000519/1 27A c a | 0/1 H1 c a | 0/Morning,8220DB000519,North Strand FS,53.360339,-6.239535,1 27A c a | 0,1 H1 c a | 0,27A · direction 0 → H1 · direction 0,Blunden Drive,Baldoyle,Morning,5,5,0,15.5,12.9,16.3,0.6,0.6,15.0,48.66666666666667,True,2.0,3.0,12.5,3.0,2.0
8220DB001476/1 C3 c | 1/3 N2 a | 1/Morning,8220DB001476,Sarsfield Quay,53.347074,-6.284676,1 C3 c | 1,3 N2 a | 1,C3 · direction 1 → N2 · direction 1,Ringsend Road,Clontarf Station,Morning,7,7,0,16.0,13.607142857142858,20.75,0.5714285714285714,0.42857142857142855,20.0,47.52380952380952,True,2.0,3.5,12.5,4.0,3.0
8240DB007098/1 40E c a | 1/1 40D c a | 1/Morning,8240DB007098,Mount Eustace,53.421337,-6.38817,1 40E c a | 1,1 40D c a | 1,40E · direction 1 → 40D · direction 1,Broombridge Luas,Parnell St,Morning,7,7,0,15.783333333333333,16.273809523809526,21.663333333333334,0.8571428571428571,0.42857142857142855,22.35,48.8015873015873,True,2.0,3.316666666666667,12.466666666666667,4.0,3.0
8220DB001167/1 65B c a | 1/1 15A c a | 1/Morning,8220DB001167,Garville Avenue,53.315945,-6.271396,1 65B c a | 1,1 15A c a | 1,65B · direction 1 → 15A · direction 1,Poolbeg St,Merrion Square,Morning,4,4,0,16.758333333333333,17.7125,22.52166666666667,0.5,0.5,20.0,50.67777777777778,True,4.0,4.3,12.458333333333332,3.0,1.0
8240DB007097/3 238 d a | 0/1 40D c a | 1/Evening,8240DB007097,Belgree Boulevard,53.420141,-6.38483,3 238 d a | 0,1 40D c a | 1,238 · direction 0 → 40D · direction 1,"Blanchardstown, Mulhuddart",Parnell St,Evening,3,3,0,15.3,14.161111111111111,15.766666666666666,0.6666666666666666,0.6666666666666666,22.366666666666667,55.31111111111111,True,2.0,2.8833333333333333,12.416666666666668,2.0,1.0
8220DB001166/1 65B c a | 1/1 15A c a | 1/Morning,8220DB001166,Rathgar East,53.31389,-6.272905,1 65B c a | 1,1 15A c a | 1,65B · direction 1 → 15A · direction 1,Poolbeg St,Merrion Square,Morning,4,4,0,16.633333333333333,17.6,22.406666666666666,0.5,0.5,20.0,50.511111111111106,True,4.0,4.225,12.408333333333333,3.0,1.0
8220DB000515/1 27A c a | 0/1 43 c a | 0/Evening,8220DB000515,Five Lamps,53.35439,-6.2472,1 27A c a | 0,1 43 c a | 0,27A · direction 0 → 43 · direction 0,Blunden Drive,Swords Bus.Pk,Evening,5,5,0,20.05,15.563333333333333,20.766666666666666,0.6,0.4,25.208333333333332,55.53888888888889,True,2.0,7.65,12.4,2.0,3.0
8220DB001219/1 27A c a | 1/1 42 c a | 1/Evening,8220DB001219,Danieli Road,53.381302,-6.208334,1 27A c a | 1,1 42 c a | 1,27A · direction 1 → 42 · direction 1,Eden Quay,Talbot Street,Evening,5,5,0,17.4,17.639999999999997,24.74,0.6,0.6,30.0,61.2,True,5.0,5.0,12.399999999999999,3.0,2.0
8220DB007883/1 52 b | 1/1 C2 c | 1/Morning,8220DB007883,Ormond Quay Upr,53.346058,-6.268496,1 52 b | 1,1 C2 c | 1,52 · direction 1 → C2 · direction 1,Ringsend Road,Sandymount,Morning,3,3,0,15.666666666666666,12.566666666666665,16.746666666666666,0.6666666666666666,0.6666666666666666,21.375,55.138888888888886,True,3.0,3.2666666666666666,12.399999999999999,2.0,1.0
8220DB000760/1 7B c a | 0/2 133 e | 0/Evening,8220DB000760,Donnybrook Dpot,53.31833,-6.230562,1 7B c a | 0,2 133 e | 0,7B · direction 0 → 133 · direction 0,Shankill,Wicklow,Evening,4,4,0,19.375,19.375,29.75,0.75,0.5,58.75,60.833333333333336,True,5.0,7.0,12.375,2.0,2.0
8220DB000980/1 F3 a | 0/1 40D c a | 0/Evening,8220DB000980,Mellowes Cres,53.389805,-6.303031,1 F3 a | 0,1 40D c a | 0,F3 · direction 0 → 40D · direction 0,Limekiln Avenue,Tyrrelstown,Evening,12,12,0,15.25,14.958333333333334,15.5,0.5833333333333334,0.4166666666666667,23.125,48.25,True,2.0,2.875,12.375,7.0,5.0
8240DB007098/3 238 d a | 0/1 40D c a | 1/Evening,8240DB007098,Mount Eustace,53.421337,-6.38817,3 238 d a | 0,1 40D c a | 1,238 · direction 0 → 40D · direction 1,"Blanchardstown, Mulhuddart",Parnell St,Evening,3,3,0,15.016666666666667,13.9,15.536666666666667,0.6666666666666666,0.6666666666666666,22.35,54.922222222222224,True,2.0,2.6666666666666665,12.350000000000001,2.0,1.0
8220DB000398/1 C4 c | 0/1 77A c a | 0/Morning,8220DB000398,Erne Street,53.3432949350358,-6.24547844686789,1 C4 c | 0,1 77A c a | 0,C4 · direction 0 → 77A · direction 0,Maynooth,Citywest,Morning,7,7,0,17.883333333333333,15.952380952380953,20.793333333333333,0.7142857142857143,0.7142857142857143,20.0,58.60634920634921,True,5.0,5.533333333333333,12.35,5.0,2.0
8220DB001165/1 65B c a | 1/1 15A c a | 1/Morning,8220DB001165,Rathgar West,53.311712,-6.276429,1 65B c a | 1,1 15A c a | 1,65B · direction 1 → 15A · direction 1,Poolbeg St,Merrion Square,Morning,4,4,0,16.441666666666666,17.429166666666667,22.23166666666667,0.5,0.5,20.0,50.255555555555546,True,4.0,4.108333333333333,12.333333333333332,3.0,1.0
8240DB007099/1 40E c a | 1/1 40D c a | 1/Morning,8240DB007099,Mount Garrett,53.421782,-6.391223,1 40E c a | 1,1 40D c a | 1,40E · direction 1 → 40D · direction 1,Broombridge Luas,Parnell St,Morning,7,7,0,15.65,16.2,21.56,0.8571428571428571,0.42857142857142855,22.333333333333332,48.61269841269841,True,2.0,3.35,12.3,4.0,3.0
8220DB000351/1 C3 c | 1/1 C4 c | 1/Morning,8220DB000351,Erne Street,53.3434182647907,-6.24530817378361,1 C3 c | 1,1 C4 c | 1,C3 · direction 1 → C4 · direction 1,Ringsend Road,Ringsend Road,Morning,8,8,0,19.5,19.4375,27.549999999999997,0.75,0.5,28.625,60.083333333333336,True,4.0,7.25,12.25,4.0,4.0
8220DB000315/1 C1 c | 1/1 C3 c | 1/Evening,8220DB000315,Bachelors Walk,53.347028,-6.261667,1 C1 c | 1,1 C3 c | 1,C1 · direction 1 → C3 · direction 1,Sandymount,Ringsend Road,Evening,8,8,0,16.25,13.8125,20.45,0.625,0.625,26.5,58.08333333333333,True,4.0,4.0,12.25,5.0,3.0
8220DB007854/1 C3 c | 1/1 C4 c | 1/Morning,8220DB007854,Arran Quay,53.346375,-6.278665,1 C3 c | 1,1 C4 c | 1,C3 · direction 1 → C4 · direction 1,Ringsend Road,Ringsend Road,Morning,7,7,0,18.75,17.678571428571427,24.400000000000002,0.7142857142857143,0.42857142857142855,28.0,56.52380952380952,True,6.0,6.5,12.25,4.0,3.0
8220DB001476/1 C3 c | 1/1 C4 c | 1/Morning,8220DB001476,Sarsfield Quay,53.347074,-6.284676,1 C3 c | 1,1 C4 c | 1,C3 · direction 1 → C4 · direction 1,Ringsend Road,Ringsend Road,Morning,7,7,0,18.75,17.571428571428573,24.300000000000004,0.7142857142857143,0.42857142857142855,27.875,56.44047619047619,True,6.0,6.5,12.25,4.0,3.0
8250DB003215/1 7A c a | 0/3 45A d a | 1/Morning,8250DB003215,Auburn Drive,53.262031,-6.137562,1 7A c a | 0,3 45A d a | 1,7A · direction 0 → 45A · direction 1,Loughlinstown Pk,Kilmacanogue,Morning,5,5,0,18.0,15.2,20.65,0.6,0.6,20.0,55.33333333333333,True,5.0,5.75,12.25,3.0,2.0
8220DB000516/1 27A c a | 0/1 43 c a | 0/Evening,8220DB000516,Newcomen Bridge,53.35621,-6.244942,1 27A c a | 0,1 43 c a | 0,27A · direction 0 → 43 · direction 0,Blunden Drive,Swords Bus.Pk,Evening,5,5,0,19.75,15.4,20.65,0.6,0.4,25.25,55.16666666666666,True,2.0,7.5,12.25,2.0,3.0
8220DB000519/1 27A c a | 0/1 43 c a | 0/Evening,8220DB000519,North Strand FS,53.360339,-6.239535,1 27A c a | 0,1 43 c a | 0,27A · direction 0 → 43 · direction 0,Blunden Drive,Swords Bus.Pk,Evening,5,5,0,19.75,15.45,20.75,0.6,0.4,25.0,55.0,True,2.0,7.5,12.25,2.0,3.0
8240DB001639/1 33 c a | 1/1 41C c a | 1/Evening,8240DB001639,Schoolhouse Ln,53.396509,-6.2452,1 33 c a | 1,1 41C c a | 1,33 · direction 1 → 41C · direction 1,Abbey St,Abbey St,Evening,4,4,0,18.0,15.875,20.775,0.75,0.5,20.0,52.33333333333333,True,2.0,5.75,12.25,2.0,2.0
8240DB001637/1 33 c a | 1/1 41C c a | 1/Evening,8240DB001637,Furry Park,53.40404,-6.240197,1 33 c a | 1,1 41C c a | 1,33 · direction 1 → 41C · direction 1,Abbey St,Abbey St,Evening,4,4,0,17.75,15.75,20.975,0.75,0.5,20.0,52.0,True,2.0,5.5,12.25,2.0,2.0
8250DB007981/1 44B c a | 1/1 L25 | 0/Morning,8250DB007981,Dundrum Luas,53.291652,-6.247004,1 44B c a | 1,1 L25 | 0,44B · direction 1 → L25 · direction 0,Dundrum Luas,Dun Laoghaire,Morning,3,3,0,15.25,12.416666666666666,15.85,0.6666666666666666,0.6666666666666666,15.0,50.33333333333333,True,2.0,3.0,12.25,2.0,1.0
8220DB001164/1 65B c a | 1/1 15A c a | 1/Morning,8220DB001164,Terenure Rd E,53.310412,-6.281584,1 65B c a | 1,1 15A c a | 1,65B · direction 1 → 15A · direction 1,Poolbeg St,Merrion Square,Morning,4,4,0,16.25,17.25,22.05,0.5,0.5,20.0,50.0,True,4.0,4.0,12.25,3.0,1.0
8220DB001298/1 16D c a | 0/1 16 c a | 0/Morning,8220DB001298,Terenure North,53.310747,-6.283027,1 16D c a | 0,1 16 c a | 0,16D · direction 0 → 16 · direction 0,Ballinteer,Ballinteer,Morning,4,4,0,19.25,16.75,19.6,0.75,0.5,12.0,48.66666666666667,True,3.0,7.0,12.25,2.0,2.0
8220DB000017/1 19 a | 0/1 41C c a | 0/Evening,8220DB000017,Drumcondra Stn,53.363078,-6.258399,1 19 a | 0,1 41C c a | 0,19 · direction 0 → 41C · direction 0,"Airport, St Pappin's Road",Swords Manor,Evening,15,15,0,17.0,18.116666666666667,24.4,0.7333333333333333,0.4,20.0,48.0,True,8.0,4.75,12.25,15.0,0.0
8220DB001091/1 15A c a | 0/1 F2 a | 0/Evening,8220DB001091,Whitehall Rd E,53.31237,-6.30534,1 15A c a | 0,1 F2 a | 0,15A · direction 0 → F2 · direction 0,Limekiln Ave,Rossmore Road,Evening,11,11,0,15.25,13.477272727272727,16.0,0.5454545454545454,0.5454545454545454,15.0,46.696969696969695,True,2.0,3.0,12.25,6.0,5.0
8220DB001090/1 15A c a | 0/1 F2 a | 0/Evening,8220DB001090,Kimmage Road West,53.312104,-6.300576,1 15A c a | 0,1 F2 a | 0,15A · direction 0 → F2 · direction 0,Limekiln Ave,Rossmore Road,Evening,10,10,0,15.5,13.875,16.25,0.6,0.4,15.0,42.66666666666667,True,2.0,3.25,12.25,6.0,4.0
8240DB001638/1 33 c a | 1/1 41C c a | 1/Evening,8240DB001638,Morton Stadium,53.401749,-6.242141,1 33 c a | 1,1 41C c a | 1,33 · direction 1 → 41C · direction 1,Abbey St,Abbey St,Evening,4,4,0,17.825,15.791666666666666,20.915,0.75,0.5,20.0,52.099999999999994,True,2.0,5.583333333333333,12.241666666666667,2.0,2.0
8230DB003374/1 C4 c | 1/1 C3 c | 1/Morning,8230DB003374,St Mary's Church,53.359634,-6.439525,1 C4 c | 1,1 C3 c | 1,C4 · direction 1 → C3 · direction 1,Ringsend Road,Ringsend Road,Morning,7,7,0,17.983333333333334,15.580952380952382,28.23,0.5714285714285714,0.42857142857142855,28.3,55.7015873015873,True,3.0,5.75,12.233333333333334,3.0,4.0
8240DB003669/1 24 a | 1/1 41 c a | 1/Evening,8240DB003669,Aircraft Hangars,53.428466,-6.23508,1 24 a | 1,1 41 c a | 1,24 · direction 1 → 41 · direction 1,Merrion Square,Abbey St,Evening,9,9,0,14.466666666666667,11.107407407407408,17.26,0.4444444444444444,0.4444444444444444,20.0,45.95555555555555,True,5.0,2.3,12.166666666666668,5.0,3.0
8230DB002236/1 C3 c | 1/1 C4 c | 1/Morning,8230DB002236,Hermitage Bridge,53.358869,-6.410857,1 C3 c | 1,1 C4 c | 1,C3 · direction 1 → C4 · direction 1,Ringsend Road,Ringsend Road,Morning,8,8,0,19.35,18.5625,25.405,0.75,0.5,28.25,59.633333333333326,True,5.0,7.2,12.150000000000002,4.0,4.0
8220DB004413/1 C3 c | 1/1 C4 c | 1/Evening,8220DB004413,Heuston Station,53.34621,-6.29246,1 C3 c | 1,1 C4 c | 1,C3 · direction 1 → C4 · direction 1,Ringsend Road,Ringsend Road,Evening,10,10,0,16.375,17.05,18.724999999999994,0.9,0.5,28.0,55.5,True,7.0,4.25,12.125,8.0,2.0
8220DB000277/2 101 d a | 1/1 41 c a | 1/Evening,8220DB000277,O'Connell St Upper,53.350822325818,-6.26050631978692,2 101 d a | 1,1 41 c a | 1,101 · direction 1 → 41 · direction 1,Dublin,Abbey St,Evening,8,8,0,17.125,13.28125,20.225,0.625,0.625,20.0,54.91666666666666,True,5.0,5.0,12.125,5.0,2.0
8240DB001634/1 33 c a | 1/1 41C c a | 1/Evening,8240DB001634,Collinstown B Pk,53.413457,-6.23883,1 33 c a | 1,1 41C c a | 1,33 · direction 1 → 41C · direction 1,Abbey St,Abbey St,Evening,4,4,0,17.375,15.5,20.925,0.75,0.5,20.0,51.5,True,2.0,5.25,12.125,2.0,2.0
8240DB003699/1 33 c a | 1/1 41 c a | 1/Evening,8240DB003699,Stockhole Lane,53.435055,-6.227883,1 33 c a | 1,1 41 c a | 1,33 · direction 1 → 41 · direction 1,Abbey St,Abbey St,Evening,4,4,0,17.125,16.9375,19.55,0.75,0.5,20.0,51.16666666666666,True,4.0,5.0,12.125,3.0,1.0
8230DB002516/3 S6 a | 1/1 F1 a | 0/Morning,8230DB002516,Cremorne,53.290223,-6.31553,3 S6 a | 1,1 F1 a | 0,S6 · direction 1 → F1 · direction 0,The Square,Tallaght,Morning,12,12,0,15.125,13.604166666666666,19.6,0.5,0.5833333333333334,15.0,47.666666666666664,True,2.0,3.0,12.125,7.0,5.0
8240DB004905/1 41X c a | 1/1 41C c a | 1/Morning,8240DB004905,Ormond Avenue,53.459964,-6.245144,1 41X c a | 1,1 41C c a | 1,41X · direction 1 → 41C · direction 1,UCD,Abbey St,Morning,4,4,0,15.183333333333334,13.716666666666667,18.188333333333333,0.75,0.5,20.0,48.57777777777777,True,3.0,3.075,12.108333333333334,3.0,1.0
8220DB000352/1 C3 c | 1/1 C4 c | 1/Morning,8220DB000352,Pearse Sq,53.342989,-6.242412,1 C3 c | 1,1 C4 c | 1,C3 · direction 1 → C4 · direction 1,Ringsend Road,Ringsend Road,Morning,8,8,0,19.5,19.485416666666666,27.549999999999997,0.75,0.5,28.625,60.083333333333336,True,4.0,7.433333333333334,12.066666666666666,4.0,4.0
8220DB000522/1 27A c a | 0/1 43 c a | 0/Evening,8220DB000522,Fairview,53.363207,-6.2356,1 27A c a | 0,1 43 c a | 0,27A · direction 0 → 43 · direction 0,Blunden Drive,Swords Bus.Pk,Evening,5,5,0,19.383333333333333,15.339999999999998,20.86,0.6,0.4,25.091666666666665,54.57222222222222,True,2.0,7.316666666666666,12.066666666666666,2.0,3.0
8240DB003669/1 41 c a | 1/3 102 d a | 0/Morning,8240DB003669,Aircraft Hangars,53.428466,-6.23508,1 41 c a | 1,3 102 d a | 0,41 · direction 1 → 102 · direction 0,Abbey St,Sutton Station,Morning,10,10,0,21.325000000000003,20.825,30.78333333333333,0.7,0.4,30.0,60.43333333333334,True,9.0,9.283333333333333,12.04166666666667,6.0,4.0
8220DB000399/1 C4 c | 0/1 77A c a | 0/Morning,8220DB000399,Pearse Street,53.343867,-6.248309,1 C4 c | 0,1 77A c a | 0,C4 · direction 0 → 77A · direction 0,Maynooth,Citywest,Morning,7,7,0,17.8,15.921428571428573,21.09,0.7142857142857143,0.5714285714285714,20.0,54.2095238095238,True,5.0,5.783333333333333,12.016666666666667,4.0,3.0
8220DB001444/1 39A c a | 0/1 23 a | 0/Morning,8220DB001444,Merchant's Quay,53.34504,-6.27417,1 39A c a | 0,1 23 a | 0,39A · direction 0 → 23 · direction 0,Ongar,Charlestown,Morning,13,13,0,17.15,13.957692307692307,19.016666666666666,0.5384615384615384,0.46153846153846156,20.0,50.04615384615384,True,6.0,5.133333333333334,12.016666666666666,7.0,6.0
8230DB005056/1 C3 c | 1/1 C4 c | 1/Morning,8230DB005056,Hermitage Clinic,53.3575214900454,-6.40279392760984,1 C3 c | 1,1 C4 c | 1,C3 · direction 1 → C4 · direction 1,Ringsend Road,Ringsend Road,Morning,8,8,0,19.25,18.5,25.375,0.75,0.5,28.25,59.5,True,8.0,7.25,12.0,6.0,2.0
8230DB002239/1 C3 c | 1/1 C4 c | 1/Morning,8230DB002239,Liffey Valley SC,53.356169,-6.391727,1 C3 c | 1,1 C4 c | 1,C3 · direction 1 → C4 · direction 1,Ringsend Road,Ringsend Road,Morning,8,8,0,19.125,18.4375,25.2,0.75,0.5,28.125,59.25,True,8.0,7.125,12.0,6.0,2.0
8230DB002241/1 C3 c | 1/1 C4 c | 1/Morning,8230DB002241,Palmerstown R148,53.354929,-6.371268,1 C3 c | 1,1 C4 c | 1,C3 · direction 1 → C4 · direction 1,Ringsend Road,Ringsend Road,Morning,8,8,0,19.125,18.40625,24.924999999999997,0.75,0.5,28.0,59.16666666666667,True,8.0,7.125,12.0,6.0,2.0
8230DB002242/1 C3 c | 1/1 C4 c | 1/Morning,8230DB002242,The Oval,53.3539273217399,-6.36700981772817,1 C3 c | 1,1 C4 c | 1,C3 · direction 1 → C4 · direction 1,Ringsend Road,Ringsend Road,Morning,8,8,0,19.125,18.375,24.924999999999997,0.75,0.5,28.0,59.16666666666667,True,8.0,7.125,12.0,6.0,2.0
8230DB005125/1 69 c a | 0/3 W4 a | 0/Evening,8230DB005125,Brownsbarn Orch,53.298504,-6.41943,1 69 c a | 0,3 W4 a | 0,69 · direction 0 → W4 · direction 0,Rathcoole,The Square,Evening,3,3,0,16.233333333333334,14.983333333333334,21.833333333333336,0.6666666666666666,0.6666666666666666,26.0,58.97777777777778,True,5.0,4.233333333333333,12.0,2.0,1.0
8250DB003255/3 L26 a | 1/3 L27 a | 0/Morning,8250DB003255,Cornelscourt SC,53.2664828488635,-6.16320030317318,3 L26 a | 1,3 L27 a | 0,L26 · direction 1 → L27 · direction 0,Kilternan,Leopardstown Valley,Morning,6,6,0,16.5,15.666666666666666,28.0,0.5,0.5,30.0,57.0,True,3.0,4.5,12.0,3.0,3.0
8240DB007126/3 220 d a | 0/1 40D c a | 0/Evening,8240DB007126,IDA Ireland,53.405877,-6.356477,3 220 d a | 0,1 40D c a | 0,220 · direction 0 → 40D · direction 0,Mulhuddart,Tyrrelstown,Evening,3,3,0,15.0,15.416666666666666,26.2,0.3333333333333333,0.6666666666666666,23.375,55.583333333333336,True,3.0,3.0,12.0,2.0,1.0
8240DB007124/3 220 d a | 0/1 40D c a | 0/Evening,8240DB007124,Ballycoolin Bus Pk,53.408434,-6.358154,3 220 d a | 0,1 40D c a | 0,220 · direction 0 → 40D · direction 0,Mulhuddart,Tyrrelstown,Evening,3,3,0,15.0,15.333333333333334,26.2,0.3333333333333333,0.6666666666666666,23.0,55.333333333333336,True,3.0,3.0,12.0,2.0,1.0
8250DB003213/1 7A c a | 0/3 45A d a | 1/Morning,8250DB003213,Killiney SC,53.267062,-6.136234,1 7A c a | 0,3 45A d a | 1,7A · direction 0 → 45A · direction 1,Loughlinstown Pk,Kilmacanogue,Morning,5,5,0,17.75,14.95,20.75,0.6,0.6,20.0,55.0,True,5.0,5.75,12.0,3.0,2.0
8220DB002722/1 X27 d | 1/1 X31 c | 1/Morning,8220DB002722,South Circular Road,53.343437,-6.311391,1 X27 d | 1,1 X31 c | 1,X27 · direction 1 → X31 · direction 1,UCD Belfield,UCD Belfield,Morning,4,3,1,18.166666666666668,18.166666666666668,18.166666666666668,0.75,0.5,20.0,52.55555555555556,True,8.0,6.166666666666667,12.0,3.0,1.0
8220DB004413/1 X27 d | 1/1 X31 c | 1/Morning,8220DB004413,Heuston Station,53.34621,-6.29246,1 X27 d | 1,1 X31 c | 1,X27 · direction 1 → X31 · direction 1,UCD Belfield,UCD Belfield,Morning,4,3,1,17.666666666666668,17.666666666666668,17.666666666666668,0.75,0.5,20.0,51.888888888888886,True,8.0,5.666666666666667,12.0,3.0,1.0
8240DB001635/1 33 c a | 1/1 41C c a | 1/Evening,8240DB001635,Turnapin Great,53.411705,-6.238873,1 33 c a | 1,1 41C c a | 1,33 · direction 1 → 41C · direction 1,Abbey St,Abbey St,Evening,4,4,0,17.375,15.5625,20.925,0.75,0.5,20.0,51.5,True,2.0,5.375,12.0,2.0,2.0
8220DB000396/1 C4 c | 0/1 77A c a | 0/Evening,8220DB000396,Grnd Canal Quay,53.34247,-6.23968,1 C4 c | 0,1 77A c a | 0,C4 · direction 0 → 77A · direction 0,Maynooth,Citywest,Evening,9,9,0,15.383333333333333,13.783333333333333,20.383333333333333,0.5555555555555556,0.5555555555555556,20.0,50.511111111111106,True,3.0,3.3833333333333333,12.0,5.0,4.0
8220DB000397/1 C4 c | 0/1 77A c a | 0/Evening,8220DB000397,Pearse Sq,53.342786,-6.242015,1 C4 c | 0,1 77A c a | 0,C4 · direction 0 → 77A · direction 0,Maynooth,Citywest,Evening,9,9,0,15.25,13.583333333333334,20.0,0.5555555555555556,0.5555555555555556,20.0,50.33333333333333,True,3.0,3.25,12.0,5.0,4.0
8250DB002042/3 L27 a | 0/1 L25 | 1/Morning,8250DB002042,Smith's Villas,53.2936511303409,-6.14266745416566,3 L27 a | 0,1 L25 | 1,L27 · direction 0 → L25 · direction 1,Leopardstown Valley,Dundrum,Morning,6,6,0,15.0,13.333333333333334,15.25,0.3333333333333333,0.6666666666666666,15.0,50.0,True,3.0,3.0,12.0,5.0,1.0
8250DB000449/3 114 d a | 0/3 S8 a | 0/Morning,8250DB000449,Blackthorn Road,53.276323,-6.216927,3 114 d a | 0,3 S8 a | 0,114 · direction 0 → S8 · direction 0,Blackrock,Dun Laoghaire,Morning,4,4,0,16.0,14.0,20.4,0.5,0.5,20.0,49.66666666666666,True,2.0,4.0,12.0,2.0,2.0
8250DB000450/3 114 d a | 0/3 S8 a | 0/Morning,8250DB000450,Heather Road,53.275094,-6.2135,3 114 d a | 0,3 S8 a | 0,114 · direction 0 → S8 · direction 0,Blackrock,Dun Laoghaire,Morning,4,4,0,16.0,14.0,20.4,0.5,0.5,20.0,49.66666666666666,True,2.0,4.0,12.0,2.0,2.0
8250DB002041/1 L25 | 1/3 S8 a | 1/Morning,8250DB002041,St Michael's Hosp,53.2935976049825,-6.13923437692805,1 L25 | 1,3 S8 a | 1,L25 · direction 1 → S8 · direction 1,Dundrum,Citywest,Morning,13,13,0,15.516666666666667,13.711538461538462,16.936666666666667,0.6923076923076923,0.46153846153846156,20.0,47.868376068376065,True,2.0,3.5166666666666666,12.0,7.0,6.0
8220DB001560/1 F1 a | 1/1 F2 a | 1/Morning,8220DB001560,Finglas North,53.397008,-6.304548,1 F1 a | 1,1 F2 a | 1,F1 · direction 1 → F2 · direction 1,IKEA Ballymun,Charlestown,Morning,11,11,0,15.5,17.454545454545453,25.0,0.6363636363636364,0.5454545454545454,15.0,47.03030303030303,True,3.0,3.5,12.0,8.0,3.0
8220DB008034/1 F1 a | 1/1 F2 a | 1/Morning,8220DB008034,Finglas R Pk,53.39839,-6.304196,1 F1 a | 1,1 F2 a | 1,F1 · direction 1 → F2 · direction 1,IKEA Ballymun,Charlestown,Morning,11,11,0,15.383333333333333,17.35909090909091,24.883333333333333,0.6363636363636364,0.5454545454545454,15.0,46.87474747474748,True,3.0,3.3833333333333333,12.0,8.0,3.0
8220DB001280/1 F1 a | 1/1 F2 a | 1/Morning,8220DB001280,McKelvey Ave,53.400196,-6.303143,1 F1 a | 1,1 F2 a | 1,F1 · direction 1 → F2 · direction 1,IKEA Ballymun,Charlestown,Morning,11,11,0,15.25,17.25,24.75,0.6363636363636364,0.5454545454545454,15.0,46.696969696969695,True,3.0,3.25,12.0,8.0,3.0
8220DB001558/1 F3 a | 0/1 F2 a | 0/Morning,8220DB001558,McKelvey Ave,53.399817,-6.303053,1 F3 a | 0,1 F2 a | 0,F3 · direction 0 → F2 · direction 0,Limekiln Avenue,Rossmore Road,Morning,12,12,0,15.0,14.541666666666666,15.0,0.08333333333333333,0.5,15.0,45.0,True,3.0,3.0,12.0,8.0,4.0
8220DB001558/1 F3 a | 0/1 F2 a | 0/Evening,8220DB001558,McKelvey Ave,53.399817,-6.303053,1 F3 a | 0,1 F2 a | 0,F3 · direction 0 → F2 · direction 0,Limekiln Avenue,Rossmore Road,Evening,12,12,0,14.625,14.791666666666666,15.45,0.16666666666666666,0.4166666666666667,15.0,42.0,True,3.0,2.625,12.0,12.0,0.0
8220DB007435/1 X27 d | 1/1 X31 c | 1/Morning,8220DB007435,Memorial Gdns,53.343179,-6.315381,1 X27 d | 1,1 X31 c | 1,X27 · direction 1 → X31 · direction 1,UCD Belfield,UCD Belfield,Morning,4,3,1,18.166666666666668,18.17222222222222,18.18,0.75,0.5,19.991666666666667,52.55000000000001,True,8.0,6.175000000000001,11.991666666666667,3.0,1.0
8220DB000497/1 27A c a | 0/1 27B c a | 0/Morning,8220DB000497,Connolly Stn,53.350526,-6.250694,1 27A c a | 0,1 27B c a | 0,27A · direction 0 → 27B · direction 0,Blunden Drive,"Coolock Lane, Harristown",Morning,5,5,0,15.0,12.06,15.166666666666668,0.4,0.6,19.991666666666667,51.32777777777778,True,3.0,3.0166666666666666,11.983333333333334,3.0,2.0
8220DB001447/1 X27 d | 0/1 P29 c | 0/Evening,8220DB001447,Victoria Quay,53.346503,-6.285585,1 X27 d | 0,1 P29 c | 0,X27 · direction 0 → P29 · direction 0,Salesian College,Adamstown Station,Evening,4,4,0,16.733333333333334,19.70416666666667,35.223333333333336,0.75,0.5,20.0,50.644444444444446,True,5.0,4.825,11.908333333333335,2.0,2.0
8230DB002156/1 L54 b | 1/1 151 c a | 1/Evening,8230DB002156,Dunawley Dr,53.325402,-6.402403,1 L54 b | 1,1 151 c a | 1,L54 · direction 1 → 151 · direction 1,Red Cow Luas,"Docklands, Eden Quay",Evening,7,7,0,17.133333333333333,14.776190476190477,20.5,0.5714285714285714,0.42857142857142855,20.0,49.03492063492064,True,4.0,5.25,11.883333333333333,4.0,3.0
8220DB001660/1 38A c a | 0/1 70 c a | 0/Morning,8220DB001660,Nephin Road,53.365187,-6.309374,1 38A c a | 0,1 70 c a | 0,38A · direction 0 → 70 · direction 0,Damastown,Dunboyne,Morning,4,4,0,17.158333333333335,15.629166666666666,24.72666666666667,0.5,0.5,29.25,57.37777777777778,True,5.0,5.283333333333333,11.875000000000002,2.0,2.0
8220DB000353/1 C3 c | 1/1 C4 c | 1/Morning,8220DB000353,Grnd Canal Quay,53.34263,-6.2396,1 C3 c | 1,1 C4 c | 1,C3 · direction 1 → C4 · direction 1,Ringsend Road,Ringsend Road,Morning,8,8,0,19.5,19.53125,27.549999999999997,0.75,0.5,28.625,60.083333333333336,True,4.0,7.625,11.875,4.0,4.0
8230DB002241/1 C3 c | 1/1 C4 c | 1/Evening,8230DB002241,Palmerstown R148,53.354929,-6.371268,1 C3 c | 1,1 C4 c | 1,C3 · direction 1 → C4 · direction 1,Ringsend Road,Ringsend Road,Evening,10,10,0,16.25,16.875,18.749999999999993,0.8,0.5,28.0,55.33333333333333,True,7.0,4.375,11.875,7.0,3.0
8230DB002242/1 C3 c | 1/1 C4 c | 1/Evening,8230DB002242,The Oval,53.3539273217399,-6.36700981772817,1 C3 c | 1,1 C4 c | 1,C3 · direction 1 → C4 · direction 1,Ringsend Road,Ringsend Road,Evening,10,10,0,16.25,16.875,18.749999999999993,0.8,0.5,28.0,55.33333333333333,True,7.0,4.375,11.875,7.0,3.0
8230DB002242/1 X27 d | 1/1 X31 c | 1/Morning,8230DB002242,The Oval,53.3539273217399,-6.36700981772817,1 X27 d | 1,1 X31 c | 1,X27 · direction 1 → X31 · direction 1,UCD Belfield,UCD Belfield,Morning,4,3,1,18.166666666666668,18.25,18.366666666666667,0.75,0.5,19.875,52.47222222222223,True,8.0,6.291666666666667,11.875,3.0,1.0
8240DB004742/1 38B c a | 0/1 38 c a | 0/Morning,8240DB004742,Damastown Green,53.410979,-6.420151,1 38B c a | 0,1 38 c a | 0,38B · direction 0 → 38 · direction 0,Damastown,Damastown,Morning,5,5,0,18.066666666666666,15.819999999999999,25.87,0.6,0.4,30.0,56.08888888888889,True,4.0,6.2,11.866666666666667,2.0,3.0
8220DB001701/1 39A c a | 1/1 37 c a | 1/Evening,8220DB001701,St Mary's Convent,53.366567,-6.31294,1 39A c a | 1,1 37 c a | 1,39A · direction 1 → 37 · direction 1,UCD,"Bachelor's Walk, Wilton Terrace",Evening,17,17,0,17.5,14.74705882352941,20.5,0.5294117647058824,0.5294117647058824,20.0,52.549019607843135,True,5.0,5.65,11.85,9.0,8.0
8220DB004407/1 80 a | 1/1 C4 c | 0/Evening,8220DB004407,Victoria Quay,53.346488,-6.285165,1 80 a | 1,1 C4 c | 0,80 · direction 1 → C4 · direction 0,Liffey Valley,Maynooth,Evening,17,17,0,15.0,14.882352941176473,22.793333333333337,0.47058823529411764,0.4117647058823529,28.5,51.35294117647059,True,4.0,3.2,11.8,9.0,8.0
8220DB000817/1 38B c a | 1/1 38 c a | 1/Morning,8220DB000817,Mater Hospital,53.359646,-6.269612,1 38B c a | 1,1 38 c a | 1,38B · direction 1 → 38 · direction 1,"Burlington Road, O'Connell Street","Burlington Road, Parnell Sq",Morning,7,7,0,19.766666666666666,17.726190476190474,23.54,0.7142857142857143,0.42857142857142855,30.0,59.21269841269841,True,3.0,8.0,11.766666666666666,3.0,4.0
8220DB001661/1 38A c a | 0/1 70 c a | 0/Morning,8220DB001661,St Mary's Convent,53.366444,-6.313096,1 38A c a | 0,1 70 c a | 0,38A · direction 0 → 70 · direction 0,Damastown,Dunboyne,Morning,4,4,0,17.025,15.479166666666666,24.5,0.5,0.5,29.016666666666666,57.04444444444445,True,5.0,5.266666666666667,11.758333333333333,2.0,2.0
8220DB007856/1 C1 c | 1/1 C4 c | 1/Evening,8220DB007856,Inns Quay,53.345623,-6.273184,1 C1 c | 1,1 C4 c | 1,C1 · direction 1 → C4 · direction 1,Sandymount,Ringsend Road,Evening,8,8,0,17.375,13.1875,19.0,0.625,0.5,28.25,57.0,True,7.0,5.625,11.75,5.0,3.0
8230DB003368/3 L51 c | 1/1 C2 c | 1/Evening,8230DB003368,Finnstown Abbey,53.3445579030412,-6.44958211522962,3 L51 c | 1,1 C2 c | 1,L51 · direction 1 → C2 · direction 1,Liffey Valley SC,Sandymount,Evening,3,3,0,15.25,15.916666666666666,26.05,0.6666666666666666,0.6666666666666666,23.5,55.99999999999999,True,5.0,3.5,11.75,2.0,1.0
8220DB007435/1 C3 c | 1/1 C4 c | 1/Evening,8220DB007435,Memorial Gdns,53.343179,-6.315381,1 C3 c | 1,1 C4 c | 1,C3 · direction 1 → C4 · direction 1,Ringsend Road,Ringsend Road,Evening,10,10,0,16.375,17.075,18.974999999999994,0.8,0.5,28.0,55.5,True,7.0,4.625,11.75,7.0,3.0
8220DB002722/1 C3 c | 1/1 C4 c | 1/Evening,8220DB002722,South Circular Road,53.343437,-6.311391,1 C3 c | 1,1 C4 c | 1,C3 · direction 1 → C4 · direction 1,Ringsend Road,Ringsend Road,Evening,10,10,0,16.375,17.075,18.974999999999994,0.8,0.5,28.0,55.5,True,7.0,4.625,11.75,7.0,3.0
8220DB001702/1 39A c a | 1/1 37 c a | 1/Evening,8220DB001702,Roosevelt Cottages,53.365611,-6.310138,1 39A c a | 1,1 37 c a | 1,39A · direction 1 → 37 · direction 1,UCD,"Bachelor's Walk, Wilton Terrace",Evening,17,17,0,17.5,14.764705882352942,20.5,0.5294117647058824,0.5294117647058824,20.0,52.549019607843135,True,5.0,5.75,11.75,9.0,8.0
8230DB002241/1 X27 d | 1/1 X31 c | 1/Morning,8230DB002241,Palmerstown R148,53.354929,-6.371268,1 X27 d | 1,1 X31 c | 1,X27 · direction 1 → X31 · direction 1,UCD Belfield,UCD Belfield,Morning,4,3,1,18.166666666666668,18.333333333333332,18.566666666666666,0.75,0.5,19.75,52.38888888888889,True,8.0,6.416666666666667,11.75,3.0,1.0
8240DB000231/1 33 c a | 1/1 41C c a | 1/Evening,8240DB000231,Santry Village,53.38924,-6.24595,1 33 c a | 1,1 41C c a | 1,33 · direction 1 → 41C · direction 1,Abbey St,Abbey St,Evening,4,4,0,17.75,15.9375,20.95,0.75,0.5,20.0,52.0,True,2.0,6.0,11.75,2.0,2.0
8220DB007854/1 C3 c | 1/1 C1 c | 1/Evening,8220DB007854,Arran Quay,53.346375,-6.278665,1 C3 c | 1,1 C1 c | 1,C3 · direction 1 → C1 · direction 1,Ringsend Road,Sandymount,Evening,10,10,0,18.5,16.825,21.674999999999997,0.6,0.4,22.25,51.50000000000001,True,8.0,6.75,11.75,7.0,3.0
8220DB002102/1 77A c a | 0/1 151 c a | 0/Morning,8220DB002102,Balfe Road,53.324195,-6.326142,1 77A c a | 0,1 151 c a | 0,77A · direction 0 → 151 · direction 0,Citywest,Foxborough,Morning,8,8,0,15.75,15.09375,21.65,0.5,0.5,20.0,49.33333333333333,True,4.0,4.0,11.75,5.0,3.0
8230DB006014/1 L54 b | 1/1 151 c a | 1/Evening,8230DB006014,M Collins Pk,53.32744,-6.397537,1 L54 b | 1,1 151 c a | 1,L54 · direction 1 → 151 · direction 1,Red Cow Luas,"Docklands, Eden Quay",Evening,7,7,0,17.25,14.892857142857142,20.6,0.5714285714285714,0.42857142857142855,20.0,49.19047619047619,True,4.0,5.5,11.75,4.0,3.0
8220DB002094/1 77A c a | 0/1 151 c a | 0/Morning,8220DB002094,Coombe Hospital,53.334752,-6.289751,1 77A c a | 0,1 151 c a | 0,77A · direction 0 → 151 · direction 0,Citywest,Foxborough,Morning,9,9,0,14.25,14.38888888888889,20.35,0.4444444444444444,0.4444444444444444,20.0,45.66666666666666,True,3.0,2.5,11.75,5.0,4.0
8220DB002315/1 77A c a | 0/1 151 c a | 0/Morning,8220DB002315,Cork Street,53.337536,-6.285239,1 77A c a | 0,1 151 c a | 0,77A · direction 0 → 151 · direction 0,Citywest,Foxborough,Morning,9,9,0,14.0,14.222222222222221,20.1,0.4444444444444444,0.4444444444444444,20.0,45.33333333333333,True,3.0,2.25,11.75,5.0,4.0
8250DB002045/3 L27 a | 0/1 L25 | 1/Morning,8250DB002045,Tivoli Terrace Sth,53.2890770531292,-6.14504092261017,3 L27 a | 0,1 L25 | 1,L27 · direction 0 → L25 · direction 1,Leopardstown Valley,Dundrum,Morning,6,6,0,14.875,13.166666666666666,15.125,0.16666666666666666,0.5,15.0,44.833333333333336,True,3.0,3.125,11.75,5.0,1.0
8220DB000519/1 14 c a | 1/1 H1 c a | 0/Morning,8220DB000519,North Strand FS,53.360339,-6.239535,1 14 c a | 1,1 H1 c a | 0,14 · direction 1 → H1 · direction 0,Beaumont,Baldoyle,Morning,19,19,0,15.5,12.736842105263158,16.35,0.5263157894736842,0.42105263157894735,15.0,43.29824561403509,True,2.0,3.75,11.75,10.0,9.0
8220DB000516/1 14 c a | 1/1 H1 c a | 0/Morning,8220DB000516,Newcomen Bridge,53.35621,-6.244942,1 14 c a | 1,1 H1 c a | 0,14 · direction 1 → H1 · direction 0,Beaumont,Baldoyle,Morning,19,19,0,15.25,12.513157894736842,15.85,0.5263157894736842,0.42105263157894735,15.0,42.96491228070175,True,2.0,3.5,11.75,10.0,9.0
8220DB002637/1 X28 d | 0/1 C3 c | 0/Evening,8220DB002637,Heuston Station,53.345846,-6.294308,1 X28 d | 0,1 C3 c | 0,X28 · direction 0 → C3 · direction 0,Salesian College,Maynooth,Evening,4,4,0,17.208333333333332,14.833333333333334,18.933333333333334,0.75,0.5,28.875,57.19444444444444,True,3.0,5.458333333333334,11.749999999999998,2.0,2.0
8220DB000515/1 27A c a | 0/1 27B c a | 0/Morning,8220DB000515,Five Lamps,53.35439,-6.2472,1 27A c a | 0,1 27B c a | 0,27A · direction 0 → 27B · direction 0,Blunden Drive,"Coolock Lane, Harristown",Morning,5,5,0,15.0,12.256666666666666,15.4,0.4,0.6,19.908333333333335,51.272222222222226,True,3.0,3.35,11.65,3.0,2.0
8240DB001631/1 24 a | 1/1 41 c a | 1/Evening,8240DB001631,ALSAA Sports Club,53.422406,-6.230696,1 24 a | 1,1 41 c a | 1,24 · direction 1 → 41 · direction 1,Merrion Square,Abbey St,Evening,9,9,0,13.866666666666667,10.851851851851851,17.113333333333333,0.4444444444444444,0.4444444444444444,20.0,45.15555555555555,True,5.0,2.2333333333333334,11.633333333333333,5.0,3.0
8220DB001664/1 38A c a | 0/1 70 c a | 0/Morning,8220DB001664,Ashtown Grove,53.369408,-6.323859,1 38A c a | 0,1 70 c a | 0,38A · direction 0 → 70 · direction 0,Damastown,Dunboyne,Morning,4,4,0,16.725,15.162500000000001,24.1,0.5,0.5,28.75,56.46666666666667,True,5.0,5.1,11.625000000000002,2.0,2.0
8220DB001662/1 38A c a | 0/1 70 c a | 0/Morning,8220DB001662,Baggot Road,53.367603,-6.317543,1 38A c a | 0,1 70 c a | 0,38A · direction 0 → 70 · direction 0,Damastown,Dunboyne,Morning,4,4,0,16.875,15.3125,24.25,0.5,0.5,28.75,56.66666666666667,True,5.0,5.25,11.625,2.0,2.0
8220DB002637/1 X27 d | 0/1 P29 c | 0/Evening,8220DB002637,Heuston Station,53.345846,-6.294308,1 X27 d | 0,1 P29 c | 0,X27 · direction 0 → P29 · direction 0,Salesian College,Adamstown Station,Evening,4,4,0,16.833333333333332,19.958333333333332,35.53333333333334,0.75,0.5,20.0,50.77777777777777,True,5.0,5.208333333333333,11.625,2.0,2.0
8220DB001703/1 39A c a | 1/1 37 c a | 1/Evening,8220DB001703,Cabra Garda Station,53.364735,-6.307348,1 39A c a | 1,1 37 c a | 1,39A · direction 1 → 37 · direction 1,UCD,"Bachelor's Walk, Wilton Terrace",Evening,17,17,0,17.35,14.681372549019608,20.433333333333334,0.5294117647058824,0.5294117647058824,20.0,52.34901960784313,True,5.0,5.783333333333333,11.566666666666668,9.0,8.0
8230DB004931/1 65B c a | 0/3 W6 a | 1/Evening,8230DB004931,Castle Drive,53.289019,-6.42536,1 65B c a | 0,3 W6 a | 1,65B · direction 0 → W6 · direction 1,Citywest,Community College,Evening,4,4,0,17.283333333333335,17.26666666666667,29.666666666666668,0.5,0.5,30.0,58.044444444444444,True,3.0,5.75,11.533333333333335,2.0,2.0
8250DB000450/3 114 d a | 0/1 11 c a | 1/Morning,8250DB000450,Heather Road,53.275094,-6.2135,3 114 d a | 0,1 11 c a | 1,114 · direction 0 → 11 · direction 1,Blackrock,"Parnell Square, Phoenix Pk",Morning,4,4,0,17.775,18.787499999999998,22.686666666666667,0.75,0.5,24.883333333333333,55.288888888888884,True,10.0,6.258333333333333,11.516666666666666,4.0,0.0
8220DB000515/1 14 c a | 1/1 H1 c a | 0/Morning,8220DB000515,Five Lamps,53.35439,-6.2472,1 14 c a | 1,1 H1 c a | 0,14 · direction 1 → H1 · direction 0,Beaumont,Baldoyle,Morning,19,19,0,15.383333333333333,12.828947368421053,16.029999999999998,0.5263157894736842,0.42105263157894735,15.0,43.14269005847953,True,2.0,3.8666666666666667,11.516666666666666,10.0,9.0
8230DB002539/3 S6 a | 0/1 F1 a | 1/Evening,8230DB002539,Parkwood Lwn,53.276536,-6.356181,3 S6 a | 0,1 F1 a | 1,S6 · direction 0 → F1 · direction 1,Blackrock,IKEA Ballymun,Evening,12,12,0,14.95,14.794444444444444,15.916666666666666,0.4166666666666667,0.4166666666666667,15.0,42.43333333333333,True,3.0,3.4333333333333336,11.516666666666666,11.0,1.0
8220IR0025/DUB-MAYNOOTH-O | 1/DUB-DRO/DUN-O | 1/Morning,8220IR0025,Tara Street,53.347264,-6.254359,DUB-MAYNOOTH-O | 1,DUB-DRO/DUN-O | 1,rail · direction 1 → rail · direction 1,"Bray (Daly), Dublin Pearse, Dun Laoghaire (Mallin), Grand Canal Dock","Bray (Daly), Dublin Pearse, Dun Laoghaire (Mallin), Grand Canal Dock",Morning,4,4,0,20.0,19.25,25.5,0.75,0.5,39.0,61.666666666666664,True,4.0,8.5,11.5,2.0,2.0
8220DB002094/1 151 c a | 0/1 77A c a | 0/Morning,8220DB002094,Coombe Hospital,53.334752,-6.289751,1 151 c a | 0,1 77A c a | 0,151 · direction 0 → 77A · direction 0,Foxborough,Citywest,Morning,10,10,0,16.75,15.95,21.174999999999997,0.5,0.5,20.0,50.66666666666667,True,2.0,5.25,11.5,5.0,5.0
8250DB003213/3 111 e a | 1/3 45A d a | 1/Evening,8250DB003213,Killiney SC,53.267062,-6.136234,3 111 e a | 1,3 45A d a | 1,111 · direction 1 → 45A · direction 1,Brides Glen Luas,Kilmacanogue,Evening,4,4,0,15.5,17.25,20.900000000000002,0.5,0.5,20.0,49.0,True,8.0,4.0,11.5,4.0,0.0
8250DB003190/3 114 d a | 0/3 S8 a | 0/Morning,8250DB003190,Torquay Road,53.274885,-6.191856,3 114 d a | 0,3 S8 a | 0,114 · direction 0 → S8 · direction 0,Blackrock,Dun Laoghaire,Morning,4,4,0,15.0,13.0,19.1,0.5,0.5,20.0,48.33333333333333,True,2.0,3.5,11.5,2.0,2.0
8220DB001406/1 77A c a | 0/1 151 c a | 0/Morning,8220DB001406,Dolphin's Barn,53.333153,-6.291691,1 77A c a | 0,1 151 c a | 0,77A · direction 0 → 151 · direction 0,Citywest,Foxborough,Morning,9,9,0,14.0,14.305555555555555,20.35,0.4444444444444444,0.4444444444444444,20.0,45.33333333333333,True,3.0,2.5,11.5,5.0,4.0
8220DB004382/1 27A c a | 0/1 27B c a | 0/Morning,8220DB004382,Donnycarney,53.374964,-6.219678,1 27A c a | 0,1 27B c a | 0,27A · direction 0 → 27B · direction 0,Blunden Drive,"Coolock Lane, Harristown",Morning,5,5,0,15.0,12.95,17.1,0.4,0.4,20.0,45.33333333333333,True,2.0,3.5,11.5,3.0,2.0
8220DB000404/1 37 c a | 1/1 11 c a | 0/Evening,8220DB000404,Nassau Street,53.342663,-6.256348,1 37 c a | 1,1 11 c a | 0,37 · direction 1 → 11 · direction 0,Wilton Terrace,Sandyford B.D.,Evening,9,9,0,17.3,17.34444444444445,21.79,0.7777777777777778,0.4444444444444444,25.575,53.449999999999996,True,6.0,5.833333333333333,11.466666666666669,6.0,3.0
8250DB003181/3 114 d a | 0/1 11 c a | 1/Morning,8250DB003181,Carmanhall Road,53.276734,-6.207778,3 114 d a | 0,1 11 c a | 1,114 · direction 0 → 11 · direction 1,Blackrock,"Parnell Square, Phoenix Pk",Morning,4,4,0,17.358333333333334,18.891666666666666,22.98166666666667,1.0,0.5,24.658333333333335,54.583333333333336,True,7.0,5.925,11.433333333333334,3.0,1.0
8240DB005053/1 24 a | 1/1 41 c a | 1/Evening,8240DB005053,Toberbunny,53.419642,-6.234648,1 24 a | 1,1 41 c a | 1,24 · direction 1 → 41 · direction 1,Merrion Square,Abbey St,Evening,9,9,0,13.916666666666666,11.06851851851852,17.35333333333333,0.4444444444444444,0.4444444444444444,20.0,45.222222222222214,True,5.0,2.5,11.416666666666666,5.0,3.0
8220DB000351/1 P29 c | 1/1 C4 c | 1/Morning,8220DB000351,Erne Street,53.3434182647907,-6.24530817378361,1 P29 c | 1,1 C4 c | 1,P29 · direction 1 → C4 · direction 1,Ringsend Road,Ringsend Road,Morning,4,4,0,21.125,21.5625,30.25,0.75,0.5,28.625,62.25000000000001,True,4.0,9.75,11.375,2.0,2.0
8220DB007861/1 C3 c | 1/1 C4 c | 1/Morning,8220DB007861,Prince's St South,53.34568,-6.25002,1 C3 c | 1,1 C4 c | 1,C3 · direction 1 → C4 · direction 1,Ringsend Road,Ringsend Road,Morning,8,8,0,19.383333333333333,19.30625,27.64333333333333,0.75,0.5,28.625,59.92777777777778,True,8.0,8.008333333333333,11.375,5.0,3.0
8220DB000340/1 C3 c | 1/1 C4 c | 1/Morning,8220DB000340,Townsend Street,53.345975,-6.256017,1 C3 c | 1,1 C4 c | 1,C3 · direction 1 → C4 · direction 1,Ringsend Road,Ringsend Road,Morning,8,8,0,19.25,19.15625,27.75,0.75,0.5,28.625,59.75000000000001,True,8.0,7.875,11.375,5.0,3.0
8240DB007167/1 38 c a | 0/2 109 d | 0/Evening,8240DB007167,Navan Rd Stn,53.375866,-6.344783,1 38 c a | 0,2 109 d | 0,38 · direction 0 → 109 · direction 0,Damastown,"Dunshaughlin, Kells, Virginia",Evening,8,8,0,17.625,16.3125,24.199999999999996,0.625,0.5,31.75,58.5,True,4.0,6.25,11.375,4.0,4.0
8220DB002315/1 151 c a | 0/1 77A c a | 0/Morning,8220DB002315,Cork Street,53.337536,-6.285239,1 151 c a | 0,1 77A c a | 0,151 · direction 0 → 77A · direction 0,Foxborough,Citywest,Morning,10,10,0,16.875,16.1,21.424999999999997,0.5,0.5,20.0,50.83333333333333,True,2.0,5.5,11.375,5.0,5.0
8220DB007622/1 69 c a | 1/1 74 | 1/Morning,8220DB007622,Bachelors Walk,53.34707,-6.26144,1 69 c a | 1,1 74 | 1,69 · direction 1 → 74 · direction 1,Poolbeg St,Eden Quay,Morning,4,4,0,19.6,20.483333333333334,29.855,0.75,0.5,30.0,61.13333333333334,True,3.0,8.241666666666667,11.358333333333334,2.0,2.0
8220DB000981/1 F3 a | 0/1 40D c a | 0/Evening,8220DB000981,Cardiff Cstl Rd,53.389781,-6.307061,1 F3 a | 0,1 40D c a | 0,F3 · direction 0 → 40D · direction 0,Limekiln Avenue,Tyrrelstown,Evening,12,12,0,15.25,14.920833333333334,15.466666666666667,0.5833333333333334,0.4166666666666667,23.258333333333333,48.33888888888888,True,3.0,3.9,11.35,7.0,5.0
8220DB001196/1 27A c a | 0/1 27B c a | 0/Morning,8220DB001196,Elm Mt Rd,53.377787,-6.214915,1 27A c a | 0,1 27B c a | 0,27A · direction 0 → 27B · direction 0,Blunden Drive,"Coolock Lane, Harristown",Morning,5,5,0,15.0,13.073333333333334,17.16,0.4,0.4,20.0,45.33333333333333,True,2.0,3.65,11.35,3.0,2.0
8220DB000818/1 38B c a | 1/1 38 c a | 1/Morning,8220DB000818,O'Connell Avenue,53.358481,-6.269224,1 38B c a | 1,1 38 c a | 1,38B · direction 1 → 38 · direction 1,"Burlington Road, O'Connell Street","Burlington Road, Parnell Sq",Morning,7,7,0,19.25,17.642857142857142,23.5,0.7142857142857143,0.42857142857142855,30.0,58.523809523809526,True,3.0,8.0,11.25,3.0,4.0
8240DB003584/3 102 d a | 0/1 42 c a | 0/Morning,8240DB003584,Hanlon's Lane,53.449855,-6.159873,3 102 d a | 0,1 42 c a | 0,102 · direction 0 → 42 · direction 0,Sutton Station,Portmarnock,Morning,6,6,0,16.5,16.083333333333332,24.125,0.6666666666666666,0.5,27.75,55.5,True,6.0,5.25,11.25,4.0,2.0
8230DB002233/1 C4 c | 1/1 C3 c | 1/Morning,8230DB002233,Chalet Gardens,53.3600895008688,-6.43516577563156,1 C4 c | 1,1 C3 c | 1,C4 · direction 1 → C3 · direction 1,Ringsend Road,Ringsend Road,Morning,7,7,0,17.0,15.142857142857142,27.7,0.5714285714285714,0.42857142857142855,29.0,54.85714285714285,True,3.0,5.75,11.25,3.0,4.0
8220DB000340/1 C1 c | 1/1 C3 c | 1/Evening,8220DB000340,Townsend Street,53.345975,-6.256017,1 C1 c | 1,1 C3 c | 1,C1 · direction 1 → C3 · direction 1,Sandymount,Ringsend Road,Evening,9,9,0,15.25,12.666666666666666,19.35,0.5555555555555556,0.5555555555555556,26.5,54.666666666666664,True,5.0,4.0,11.25,5.0,4.0
8220DB007883/1 24 a | 1/1 C4 c | 1/Evening,8220DB007883,Ormond Quay Upr,53.346058,-6.268496,1 24 a | 1,1 C4 c | 1,24 · direction 1 → C4 · direction 1,Merrion Square,Ringsend Road,Evening,10,10,0,16.583333333333332,17.633333333333333,20.283333333333328,0.8,0.4,28.65,53.21111111111111,True,6.0,5.333333333333333,11.25,6.0,4.0
8220DB001696/1 38 c a | 1/1 37 c a | 1/Evening,8220DB001696,Ashtown Roundabout,53.371541,-6.329831,1 38 c a | 1,1 37 c a | 1,38 · direction 1 → 37 · direction 1,"Burlington Road, Parnell Sq","Bachelor's Walk, Wilton Terrace",Evening,6,6,0,16.75,15.875,20.375,0.6666666666666666,0.5,20.0,50.66666666666667,True,6.0,5.5,11.25,4.0,2.0
8220DB001406/1 151 c a | 0/1 77A c a | 0/Morning,8220DB001406,Dolphin's Barn,53.333153,-6.291691,1 151 c a | 0,1 77A c a | 0,151 · direction 0 → 77A · direction 0,Foxborough,Citywest,Morning,10,10,0,16.75,16.05,21.424999999999997,0.5,0.5,20.0,50.66666666666667,True,2.0,5.5,11.25,5.0,5.0
8240DB003885/1 41 c a | 1/1 19 a | 1/Evening,8240DB003885,Airport Business Pk,53.425969,-6.229119,1 41 c a | 1,1 19 a | 1,41 · direction 1 → 19 · direction 1,Abbey St,Merrion Square,Evening,10,10,0,16.75,14.375,18.775,0.6,0.4,20.0,47.66666666666667,True,6.0,5.5,11.25,6.0,4.0
8220DB001197/1 27A c a | 0/1 27B c a | 0/Morning,8220DB001197,Artane Cottages,53.379232,-6.211758,1 27A c a | 0,1 27B c a | 0,27A · direction 0 → 27B · direction 0,Blunden Drive,"Coolock Lane, Harristown",Morning,5,5,0,15.0,13.15,17.2,0.4,0.4,20.0,45.33333333333333,True,2.0,3.75,11.25,3.0,2.0
8220DB001198/1 27A c a | 0/1 27B c a | 0/Morning,8220DB001198,Artane Rnbt,53.382512,-6.206916,1 27A c a | 0,1 27B c a | 0,27A · direction 0 → 27B · direction 0,Blunden Drive,"Coolock Lane, Harristown",Morning,5,5,0,15.0,12.9,17.35,0.4,0.4,20.0,45.33333333333333,True,2.0,3.75,11.25,3.0,2.0
8220DB001558/1 F2 a | 0/1 F3 a | 0/Morning,8220DB001558,McKelvey Ave,53.399817,-6.303053,1 F2 a | 0,1 F3 a | 0,F2 · direction 0 → F3 · direction 0,Rossmore Road,Limekiln Avenue,Morning,12,12,0,14.25,10.916666666666666,16.9,0.3333333333333333,0.5,15.0,44.0,True,2.0,3.0,11.25,7.0,5.0
8230DB001092/1 15A c a | 0/1 F2 a | 0/Evening,8230DB001092,Whitehall Gdns,53.310744,-6.30923,1 15A c a | 0,1 F2 a | 0,15A · direction 0 → F2 · direction 0,Limekiln Ave,Rossmore Road,Evening,11,11,0,14.866666666666667,13.089393939393938,15.616666666666667,0.45454545454545453,0.45454545454545453,15.0,43.45858585858586,True,3.0,3.6166666666666667,11.25,6.0,5.0
8230DB001096/1 15A c a | 0/1 F2 a | 0/Evening,8230DB001096,Wellington Road,53.306044273296,-6.3214049672438,1 15A c a | 0,1 F2 a | 0,15A · direction 0 → F2 · direction 0,Limekiln Ave,Rossmore Road,Evening,11,11,0,14.5,12.727272727272727,15.0,0.09090909090909091,0.45454545454545453,15.0,42.96969696969697,True,3.0,3.25,11.25,6.0,5.0
8250DB003217/1 7A c a | 0/3 45A d a | 1/Morning,8250DB003217,Ballybrack SC,53.257043,-6.13583,1 7A c a | 0,3 45A d a | 1,7A · direction 0 → 45A · direction 1,Loughlinstown Pk,Kilmacanogue,Morning,5,5,0,16.65,14.25,19.849999999999998,0.6,0.4,20.0,47.53333333333333,True,6.0,5.4,11.249999999999998,3.0,2.0
8250DB003218/1 7A c a | 0/3 45A d a | 1/Morning,8250DB003218,Pinewood,53.254923,-6.13252,1 7A c a | 0,3 45A d a | 1,7A · direction 0 → 45A · direction 1,Loughlinstown Pk,Kilmacanogue,Morning,5,5,0,16.4,14.10333333333333,19.91,0.6,0.4,20.0,47.2,True,6.0,5.15,11.249999999999998,3.0,2.0
8220DB000523/1 27A c a | 0/1 27B c a | 0/Morning,8220DB000523,Marino Mart,53.364355,-6.231308,1 27A c a | 0,1 27B c a | 0,27A · direction 0 → 27B · direction 0,Blunden Drive,"Coolock Lane, Harristown",Morning,5,5,0,14.75,12.469999999999999,15.753333333333334,0.4,0.4,20.0,45.0,True,3.0,3.533333333333333,11.216666666666667,3.0,2.0
8220DB007861/1 X30 d | 1/1 C4 c | 1/Morning,8220DB007861,Prince's St South,53.34568,-6.25002,1 X30 d | 1,1 C4 c | 1,X30 · direction 1 → C4 · direction 1,UCD Belfield,Ringsend Road,Morning,4,4,0,20.708333333333332,19.554166666666664,23.826666666666664,0.75,0.5,28.625,61.69444444444445,True,3.0,9.516666666666667,11.191666666666665,2.0,2.0
8220DB000522/1 27A c a | 0/1 27B c a | 0/Morning,8220DB000522,Fairview,53.363207,-6.2356,1 27A c a | 0,1 27B c a | 0,27A · direction 0 → 27B · direction 0,Blunden Drive,"Coolock Lane, Harristown",Morning,5,5,0,14.75,12.436666666666667,15.636666666666667,0.4,0.4,19.966666666666665,44.977777777777774,True,3.0,3.566666666666667,11.183333333333334,3.0,2.0
8240DB003689/3 33A d a | 1/1 41C c a | 1/Evening,8240DB003689,Swords Castle,53.458936,-6.220006,3 33A d a | 1,1 41C c a | 1,33A · direction 1 → 41C · direction 1,"Carlton Court, Dublin Airport",Abbey St,Evening,4,4,0,16.625,15.125,18.8,0.75,0.5,20.0,50.5,True,7.0,5.5,11.125,3.0,1.0
8220DB007856/1 X25 c | 1/1 24 a | 1/Morning,8220DB007856,Inns Quay,53.345623,-6.273184,1 X25 c | 1,1 24 a | 1,X25 · direction 1 → 24 · direction 1,UCD Belfield,Merrion Square,Morning,4,4,0,15.458333333333334,13.8875,19.701666666666668,0.5,0.5,20.0,48.94444444444444,True,2.0,4.333333333333333,11.125,2.0,2.0
8220DB007883/1 X25 c | 1/1 24 a | 1/Morning,8220DB007883,Ormond Quay Upr,53.346058,-6.268496,1 X25 c | 1,1 24 a | 1,X25 · direction 1 → 24 · direction 1,UCD Belfield,Merrion Square,Morning,4,4,0,15.291666666666668,13.666666666666666,19.64166666666667,0.5,0.5,20.0,48.72222222222223,True,2.0,4.166666666666667,11.125,2.0,2.0
8220DB000669/1 27A c a | 0/1 27B c a | 0/Morning,8220DB000669,Crescent Place,53.366317,-6.228679,1 27A c a | 0,1 27B c a | 0,27A · direction 0 → 27B · direction 0,Blunden Drive,"Coolock Lane, Harristown",Morning,5,5,0,14.75,12.53,16.043333333333333,0.4,0.4,20.0,45.0,True,3.0,3.6333333333333333,11.116666666666667,3.0,2.0
8220DB000844/1 X28 d | 1/1 F3 a | 0/Morning,8220DB000844,St Stephen's Grn E,53.337632,-6.255862,1 X28 d | 1,1 F3 a | 0,X28 · direction 1 → F3 · direction 0,UCD Belfield,Limekiln Avenue,Morning,5,5,0,14.366666666666667,13.526666666666666,16.10666666666667,0.4,0.4,15.0,41.15555555555556,True,3.0,3.2666666666666666,11.100000000000001,3.0,2.0
8220DB001299/1 16D c a | 0/1 16 c a | 0/Morning,8220DB001299,Terenure South,53.308396,-6.283901,1 16D c a | 0,1 16 c a | 0,16D · direction 0 → 16 · direction 0,Ballinteer,Ballinteer,Morning,4,4,0,18.833333333333332,16.416666666666664,19.183333333333334,0.75,0.5,12.0,48.111111111111114,True,4.0,7.75,11.083333333333332,2.0,2.0
8230DB002539/1 F1 a | 1/3 S6 a | 0/Evening,8230DB002539,Parkwood Lwn,53.276536,-6.356181,1 F1 a | 1,3 S6 a | 0,F1 · direction 1 → S6 · direction 0,IKEA Ballymun,Blackrock,Evening,12,12,0,14.083333333333334,14.00277777777778,15.516666666666667,0.4166666666666667,0.4166666666666667,15.0,41.27777777777778,True,3.0,3.05,11.033333333333335,11.0,1.0
8220DB007392/1 X28 d | 0/1 C3 c | 0/Evening,8220DB007392,Aston Quay,53.346439,-6.261122,1 X28 d | 0,1 C3 c | 0,X28 · direction 0 → C3 · direction 0,Salesian College,Maynooth,Evening,4,4,0,17.658333333333335,15.158333333333335,18.783333333333335,0.75,0.5,28.625,57.62777777777779,True,4.0,6.658333333333333,11.000000000000002,2.0,2.0
8220DB000516/1 H2 c a | 0/1 43 c a | 0/Morning,8220DB000516,Newcomen Bridge,53.35621,-6.244942,1 H2 c a | 0,1 43 c a | 0,H2 · direction 0 → 43 · direction 0,Malahide,Swords Bus.Pk,Morning,6,6,0,19.0,20.416666666666668,31.0,0.6666666666666666,0.5,25.25,57.16666666666666,True,4.0,8.0,11.0,3.0,3.0
8220DB000312/1 X28 d | 0/1 C3 c | 0/Evening,8220DB000312,Wellington Quay,53.3454764728264,-6.2662061554843,1 X28 d | 0,1 C3 c | 0,X28 · direction 0 → C3 · direction 0,Salesian College,Maynooth,Evening,4,4,0,16.875,14.375,18.0,0.75,0.5,29.0,56.83333333333333,True,4.0,5.875,11.0,2.0,2.0
8220DB000392/1 47 c a | 1/1 C1 c | 0/Morning,8220DB000392,Ringsend Village,53.341734,-6.227415,1 47 c a | 1,1 C1 c | 0,47 · direction 1 → C1 · direction 0,Poolbeg St,Adamstown Station,Morning,5,5,0,16.0,17.4,29.1,0.6,0.6,25.625,56.41666666666666,True,4.0,5.0,11.0,3.0,2.0
8240DB007241/3 220 d a | 0/1 40D c a | 0/Evening,8240DB007241,Barnlodge,53.397745,-6.346866,3 220 d a | 0,1 40D c a | 0,220 · direction 0 → 40D · direction 0,Mulhuddart,Tyrrelstown,Evening,3,3,0,15.266666666666667,15.216666666666667,25.453333333333333,0.6666666666666666,0.6666666666666666,23.758333333333333,56.19444444444444,True,4.0,4.266666666666667,11.0,2.0,1.0
8240DB001580/3 220 d a | 0/1 40D c a | 0/Evening,8240DB001580,Cappagh Cross,53.3979032077195,-6.33433315208021,3 220 d a | 0,1 40D c a | 0,220 · direction 0 → 40D · direction 0,Mulhuddart,Tyrrelstown,Evening,3,3,0,15.0,14.833333333333334,25.0,0.3333333333333333,0.6666666666666666,23.875,55.916666666666664,True,2.0,4.0,11.0,1.0,2.0
8250DB003192/3 114 d a | 0/3 S8 a | 0/Morning,8250DB003192,Kelston Park,53.277482,-6.186527,3 114 d a | 0,3 S8 a | 0,114 · direction 0 → S8 · direction 0,Blackrock,Dun Laoghaire,Morning,3,3,0,15.0,12.333333333333334,19.0,0.3333333333333333,0.6666666666666666,20.0,53.33333333333333,True,4.0,4.0,11.0,2.0,1.0
8220DB001531/3 220 d a | 0/1 F1 a | 0/Evening,8220DB001531,Clearwater SC,53.383744,-6.293365,3 220 d a | 0,1 F1 a | 0,220 · direction 0 → F1 · direction 0,Mulhuddart,"Harold's Cross, Tallaght",Evening,3,3,0,15.4,12.6,15.44,0.6666666666666666,0.6666666666666666,15.0,50.53333333333333,True,4.0,4.4,11.0,2.0,1.0
8220DB001532/3 220 d a | 0/1 F1 a | 0/Evening,8220DB001532,Prospect Hill N,53.381744,-6.290559,3 220 d a | 0,1 F1 a | 0,220 · direction 0 → F1 · direction 0,Mulhuddart,"Harold's Cross, Tallaght",Evening,3,3,0,15.25,12.916666666666666,15.45,0.6666666666666666,0.6666666666666666,15.0,50.33333333333333,True,4.0,4.25,11.0,2.0,1.0
8220DB000494/1 X27 d | 0/1 24 a | 0/Evening,8220DB000494,Clare Street,53.341436,-6.251682,1 X27 d | 0,1 24 a | 0,X27 · direction 0 → 24 · direction 0,Salesian College,Dublin Airport,Evening,4,4,0,15.791666666666668,15.604166666666668,17.34166666666667,0.5,0.5,20.0,49.388888888888886,True,9.0,4.791666666666667,11.0,4.0,0.0
8220DB000356/1 47 c a | 0/1 C1 c | 1/Evening,8220DB000356,Ringsend Village,53.341903,-6.226717,1 47 c a | 0,1 C1 c | 1,47 · direction 0 → C1 · direction 1,Belarmine,Sandymount,Evening,5,5,0,15.566666666666666,16.04333333333333,24.796666666666667,0.6,0.4,21.45,47.05555555555555,True,5.0,4.566666666666666,11.0,3.0,2.0
8250DB003075/1 7 c a | 1/3 S8 a | 1/Morning,8250DB003075,Queen's Park,53.29488,-6.162252,1 7 c a | 1,3 S8 a | 1,7 · direction 1 → S8 · direction 1,Mountjoy Square,Citywest,Morning,7,7,0,15.616666666666667,14.045238095238094,19.916666666666668,0.5714285714285714,0.42857142857142855,20.0,47.01269841269841,True,3.0,4.616666666666666,11.0,4.0,3.0
8230DB004960/3 W6 a | 0/3 S8 a | 0/Evening,8230DB004960,Citywest Rd,53.285051,-6.421621,3 W6 a | 0,3 S8 a | 0,W6 · direction 0 → S8 · direction 0,The Square,Dun Laoghaire,Evening,6,6,0,14.0,14.333333333333334,19.5,0.3333333333333333,0.5,20.0,47.0,True,5.0,3.0,11.0,5.0,1.0
8220DB000357/1 47 c a | 0/1 C1 c | 1/Evening,8220DB000357,Irishtown Rd,53.339171,-6.223122,1 47 c a | 0,1 C1 c | 1,47 · direction 0 → C1 · direction 1,Belarmine,Sandymount,Evening,5,5,0,15.183333333333334,15.64,24.35333333333333,0.6,0.4,21.741666666666667,46.73888888888889,True,5.0,4.183333333333334,11.0,3.0,2.0
8220DB000390/1 47 c a | 0/1 C1 c | 1/Evening,8220DB000390,Tritonville Road,53.3376299137845,-6.2222394793377,1 47 c a | 0,1 C1 c | 1,47 · direction 0 → C1 · direction 1,Belarmine,Sandymount,Evening,5,5,0,15.0,15.45,24.15,0.4,0.4,21.875,46.58333333333333,True,5.0,4.0,11.0,3.0,2.0
8220DB000670/1 27A c a | 0/1 27B c a | 0/Morning,8220DB000670,Copeland Avenue,53.368956,-6.22603,1 27A c a | 0,1 27B c a | 0,27A · direction 0 → 27B · direction 0,Blunden Drive,"Coolock Lane, Harristown",Morning,5,5,0,14.75,12.6,16.35,0.4,0.4,20.0,45.0,True,3.0,3.75,11.0,3.0,2.0
8220DB000519/1 27A c a | 0/1 27B c a | 0/Morning,8220DB000519,North Strand FS,53.360339,-6.239535,1 27A c a | 0,1 27B c a | 0,27A · direction 0 → 27B · direction 0,Blunden Drive,"Coolock Lane, Harristown",Morning,5,5,0,14.75,12.4,15.65,0.4,0.4,19.875,44.916666666666664,True,3.0,3.75,11.0,3.0,2.0
8220DB000515/1 H2 c a | 0/1 43 c a | 0/Morning,8220DB000515,Five Lamps,53.35439,-6.2472,1 H2 c a | 0,1 43 c a | 0,H2 · direction 0 → 43 · direction 0,Malahide,Swords Bus.Pk,Morning,6,6,0,19.0,20.430555555555557,31.041666666666664,0.6666666666666666,0.5,25.208333333333332,57.138888888888886,True,4.0,8.033333333333333,10.966666666666667,3.0,3.0
8220DB007857/1 X28 d | 0/1 C3 c | 0/Evening,8220DB007857,Merchant's Quay,53.34508,-6.27451,1 X28 d | 0,1 C3 c | 0,X28 · direction 0 → C3 · direction 0,Salesian College,Maynooth,Evening,4,4,0,16.891666666666666,14.429166666666667,18.188333333333333,0.75,0.5,29.0,56.855555555555554,True,4.0,5.966666666666667,10.924999999999999,2.0,2.0
8220DB001300/1 16D c a | 0/1 16 c a | 0/Morning,8220DB001300,Westbourne Road,53.306151,-6.283421,1 16D c a | 0,1 16 c a | 0,16D · direction 0 → 16 · direction 0,Ballinteer,Ballinteer,Morning,4,4,0,18.433333333333334,16.1,18.783333333333335,0.75,0.5,12.0,47.57777777777778,True,4.0,7.516666666666667,10.916666666666668,2.0,2.0
8220DB000340/1 15B c a | 1/1 47 c a | 0/Evening,8220DB000340,Townsend Street,53.345975,-6.256017,1 15B c a | 1,1 47 c a | 0,15B · direction 1 → 47 · direction 0,Merrion Square,Belarmine,Evening,11,11,0,28.0,25.186363636363637,43.0,0.6363636363636364,0.45454545454545453,47.608333333333334,70.96969696969697,True,4.0,17.1,10.899999999999999,5.0,6.0
8220DB007855/1 X28 d | 0/1 C3 c | 0/Evening,8220DB007855,Usher's Quay,53.345988,-6.279809,1 X28 d | 0,1 C3 c | 0,X28 · direction 0 → C3 · direction 0,Salesian College,Maynooth,Evening,4,4,0,16.916666666666668,14.479166666666666,18.34166666666667,0.75,0.5,29.0,56.888888888888886,True,4.0,6.041666666666666,10.875000000000002,2.0,2.0
8220DB000519/1 H2 c a | 0/1 43 c a | 0/Morning,8220DB000519,North Strand FS,53.360339,-6.239535,1 H2 c a | 0,1 43 c a | 0,H2 · direction 0 → 43 · direction 0,Malahide,Swords Bus.Pk,Morning,6,6,0,19.125,20.541666666666668,31.125,0.6666666666666666,0.5,25.0,57.16666666666667,True,4.0,8.25,10.875,3.0,3.0
8230DB001302/1 16D c a | 0/1 16 c a | 0/Morning,8230DB001302,Crannagh Road,53.301663,-6.283841,1 16D c a | 0,1 16 c a | 0,16D · direction 0 → 16 · direction 0,Ballinteer,Ballinteer,Morning,4,4,0,18.0,15.6875,18.35,0.75,0.5,12.0,47.0,True,4.0,7.125,10.875,2.0,2.0
8230DB001303/1 16D c a | 0/1 16 c a | 0/Morning,8230DB001303,Rathfarnham,53.299342,-6.283739,1 16D c a | 0,1 16 c a | 0,16D · direction 0 → 16 · direction 0,Ballinteer,Ballinteer,Morning,4,4,0,18.0,15.6875,18.35,0.75,0.5,12.0,47.0,True,4.0,7.125,10.875,2.0,2.0
8220DB000671/1 27A c a | 0/1 27B c a | 0/Morning,8220DB000671,Mt Temple School,53.370717,-6.224153,1 27A c a | 0,1 27B c a | 0,27A · direction 0 → 27B · direction 0,Blunden Drive,"Coolock Lane, Harristown",Morning,5,5,0,14.816666666666666,12.703333333333333,16.576666666666668,0.4,0.4,20.0,45.08888888888889,True,3.0,3.966666666666667,10.85,3.0,2.0
8220DB000494/1 X2 a | 1/1 15A c a | 0/Morning,8220DB000494,Clare Street,53.341436,-6.251682,1 X2 a | 1,1 15A c a | 0,X2 · direction 1 → 15A · direction 0,Hawkins Street,Limekiln Ave,Morning,4,4,0,14.808333333333334,13.825,17.891666666666666,0.5,0.5,20.0,48.07777777777777,True,6.0,3.966666666666667,10.841666666666667,3.0,1.0
8230DB002241/2 115 c a | 1/1 C2 c | 1/Evening,8230DB002241,Palmerstown R148,53.354929,-6.371268,2 115 c a | 1,1 C2 c | 1,115 · direction 1 → C2 · direction 1,Dublin,Sandymount,Evening,6,6,0,18.125,18.833333333333332,26.75,0.6666666666666666,0.5,23.625,54.916666666666664,True,7.0,7.375,10.75,4.0,2.0
8220DB000015/1 19 a | 0/1 41C c a | 0/Morning,8220DB000015,Dorset Street Lwr,53.360267,-6.260978,1 19 a | 0,1 41C c a | 0,19 · direction 0 → 41C · direction 0,"Airport, St Pappin's Road",Swords Manor,Morning,9,9,0,18.25,14.13888888888889,21.200000000000003,0.5555555555555556,0.4444444444444444,20.0,51.0,True,3.0,7.5,10.75,3.0,6.0
8230DB001301/1 16D c a | 0/1 16 c a | 0/Morning,8230DB001301,Dodder Park Road,53.303896,-6.283497,1 16D c a | 0,1 16 c a | 0,16D · direction 0 → 16 · direction 0,Ballinteer,Ballinteer,Morning,4,4,0,18.0,15.75,18.35,0.75,0.5,12.0,47.0,True,4.0,7.25,10.75,2.0,2.0
8220DB000372/1 47 c a | 0/1 C1 c | 1/Evening,8220DB000372,Star of the Sea,53.3354881469499,-6.21965567144901,1 47 c a | 0,1 C1 c | 1,47 · direction 0 → C1 · direction 1,Belarmine,Sandymount,Evening,5,5,0,14.883333333333333,15.433333333333332,24.133333333333333,0.4,0.4,22.0,46.51111111111111,True,5.0,4.133333333333334,10.75,3.0,2.0
8220DB000277/2 111 d | 1/1 41C c a | 1/Morning,8220DB000277,O'Connell St Upper,53.350822325818,-6.26050631978692,2 111 d | 1,1 41C c a | 1,111 · direction 1 → 41C · direction 1,"Dublin, U C D Belfield",Abbey St,Morning,5,5,0,15.0,17.4,25.35,0.2,0.4,20.0,45.33333333333333,True,7.0,4.25,10.75,4.0,1.0
8220DB000522/1 H2 c a | 0/1 43 c a | 0/Morning,8220DB000522,Fairview,53.363207,-6.2356,1 H2 c a | 0,1 43 c a | 0,H2 · direction 0 → 43 · direction 0,Malahide,Swords Bus.Pk,Morning,6,6,0,19.05833333333333,20.53611111111111,31.15,0.6666666666666666,0.5,25.091666666666665,57.138888888888886,True,4.0,8.308333333333334,10.749999999999996,3.0,3.0
8220DB007587/1 X1 a | 1/1 37 c a | 0/Morning,8220DB007587,Shaw Street,53.344458,-6.251228,1 X1 a | 1,1 37 c a | 0,X1 · direction 1 → 37 · direction 0,Hawkins Street,Blanchardstown SC,Morning,6,6,0,17.116666666666667,15.911111111111111,21.625,0.6666666666666666,0.5,20.0,51.15555555555555,True,5.0,6.383333333333333,10.733333333333334,4.0,2.0
8220DB000523/1 H2 c a | 0/1 43 c a | 0/Morning,8220DB000523,Marino Mart,53.364355,-6.231308,1 H2 c a | 0,1 43 c a | 0,H2 · direction 0 → 43 · direction 0,Malahide,Swords Bus.Pk,Morning,6,6,0,18.783333333333335,20.227777777777778,30.825000000000003,0.6666666666666666,0.5,25.408333333333335,56.98333333333334,True,4.0,8.075,10.708333333333336,3.0,3.0
8220DB000522/1 H2 c a | 0/1 43 c a | 0/Evening,8220DB000522,Fairview,53.363207,-6.2356,1 H2 c a | 0,1 43 c a | 0,H2 · direction 0 → 43 · direction 0,Malahide,Swords Bus.Pk,Evening,6,6,0,18.141666666666666,17.311111111111114,25.525,0.6666666666666666,0.5,25.091666666666665,55.91666666666666,True,4.0,7.583333333333334,10.558333333333332,3.0,3.0
8250DB002040/3 S8 a | 1/3 L27 a | 0/Morning,8250DB002040,Dun Laoghaire SC,53.292791187827,-6.13536904926552,3 S8 a | 1,3 L27 a | 0,S8 · direction 1 → L27 · direction 0,Citywest,Leopardstown Valley,Morning,10,10,0,20.0,21.0,30.0,0.5,0.4,30.0,58.666666666666664,True,7.0,9.5,10.5,5.0,5.0
8220IR0007/DUB-MAYNOOTH-O | 1/DUB-PORTLAOIS-O | 0/Morning,8220IR0007,Connolly,53.351252,-6.249704,DUB-MAYNOOTH-O | 1,DUB-PORTLAOIS-O | 0,rail · direction 1 → Commuter · direction 0,"Bray (Daly), Dublin Connolly, Dublin Pearse, Dun Laoghaire (Mallin), Grand Canal Dock","Hazelhatch and Celbridge, Newbridge",Morning,10,10,0,20.0,23.4,37.5,0.9,0.4,35.0,58.666666666666664,True,6.0,9.5,10.5,5.0,5.0
8220DB000819/1 38B c a | 1/1 38 c a | 1/Morning,8220DB000819,Blessington Street,53.356304,-6.265992,1 38B c a | 1,1 38 c a | 1,38B · direction 1 → 38 · direction 1,"Burlington Road, O'Connell Street","Burlington Road, Parnell Sq",Morning,7,7,0,18.75,17.571428571428573,23.6,0.7142857142857143,0.42857142857142855,30.0,57.857142857142854,True,3.0,8.25,10.5,3.0,4.0
8220DB000519/1 H2 c a | 0/1 43 c a | 0/Evening,8220DB000519,North Strand FS,53.360339,-6.239535,1 H2 c a | 0,1 43 c a | 0,H2 · direction 0 → 43 · direction 0,Malahide,Swords Bus.Pk,Evening,6,6,0,18.375,17.583333333333332,26.0,0.6666666666666666,0.5,25.0,56.16666666666667,True,4.0,7.875,10.5,3.0,3.0
8250DB002040/3 L27 a | 0/3 45A d a | 1/Evening,8250DB002040,Dun Laoghaire SC,53.292791187827,-6.13536904926552,3 L27 a | 0,3 45A d a | 1,L27 · direction 0 → 45A · direction 1,Leopardstown Valley,Kilmacanogue,Evening,6,6,0,18.5,16.333333333333332,21.0,0.6666666666666666,0.5,20.0,53.0,True,9.0,8.0,10.5,4.0,2.0
8220DB000351/1 C1 c | 1/1 C3 c | 1/Evening,8220DB000351,Erne Street,53.3434182647907,-6.24530817378361,1 C1 c | 1,1 C3 c | 1,C1 · direction 1 → C3 · direction 1,Sandymount,Ringsend Road,Evening,8,8,0,14.625,12.65625,18.675,0.5,0.5,26.75,52.333333333333336,True,6.0,4.125,10.5,5.0,3.0
8220DB000340/1 15A c a | 1/1 C2 c | 1/Evening,8220DB000340,Townsend Street,53.345975,-6.256017,1 15A c a | 1,1 C2 c | 1,15A · direction 1 → C2 · direction 1,Merrion Square,Sandymount,Evening,9,9,0,17.75,16.833333333333332,28.1,0.5555555555555556,0.4444444444444444,20.75,50.83333333333333,True,5.0,7.25,10.5,4.0,5.0
8250DB003191/3 114 d a | 0/3 S8 a | 0/Morning,8250DB003191,Foxrock Manor,53.276314,-6.188331,3 114 d a | 0,3 S8 a | 0,114 · direction 0 → S8 · direction 0,Blackrock,Dun Laoghaire,Morning,4,4,0,15.0,12.75,18.1,0.5,0.5,20.0,48.33333333333333,True,3.0,4.5,10.5,2.0,2.0
8220DB000198/1 24 a | 0/2 NX c a | 0/Morning,8220DB000198,Doyle's Corner,53.361625,-6.272838,1 24 a | 0,2 NX c a | 0,24 · direction 0 → NX · direction 0,Dublin Airport,Navan Park & Ride,Morning,9,9,0,15.75,14.75,19.35,0.5555555555555556,0.4444444444444444,20.0,47.66666666666666,True,7.0,5.25,10.5,5.0,4.0
8230DB002967/1 16D c a | 0/3 S8 a | 0/Morning,8230DB002967,Eden Avenue,53.2813395031682,-6.27691727465228,1 16D c a | 0,3 S8 a | 0,16D · direction 0 → S8 · direction 0,Ballinteer,Dun Laoghaire,Morning,4,4,0,13.633333333333333,12.850000000000001,20.316666666666666,0.5,0.5,20.0,46.511111111111106,True,2.0,3.1333333333333337,10.5,3.0,1.0
8250DB002970/1 16D c a | 0/3 S8 a | 0/Morning,8250DB002970,Marlay Park,53.278171,-6.267267,1 16D c a | 0,3 S8 a | 0,16D · direction 0 → S8 · direction 0,Ballinteer,Dun Laoghaire,Morning,4,4,0,13.125,12.4375,20.0,0.5,0.5,20.0,45.83333333333333,True,2.0,2.625,10.5,3.0,1.0
8220DB000747/1 37 c a | 1/1 11 c a | 0/Evening,8220DB000747,Kildare Street,53.339931,-6.255724,1 37 c a | 1,1 11 c a | 0,37 · direction 1 → 11 · direction 0,Wilton Terrace,Sandyford B.D.,Evening,8,8,0,16.625,16.90625,21.9,0.625,0.5,25.5,54.16666666666667,True,6.0,6.25,10.375,5.0,3.0
8230DB002540/3 S6 a | 0/1 F1 a | 1/Evening,8230DB002540,Old Bawn SC,53.275532,-6.353775,3 S6 a | 0,1 F1 a | 1,S6 · direction 0 → F1 · direction 1,Blackrock,IKEA Ballymun,Evening,12,12,0,13.75,13.833333333333334,15.0,0.08333333333333333,0.4166666666666667,15.0,40.83333333333333,True,4.0,3.375,10.375,11.0,1.0
8220DB001584/1 40E c a | 1/1 40D c a | 1/Morning,8220DB001584,Abbottstown Road,53.389885,-6.315086,1 40E c a | 1,1 40D c a | 1,40E · direction 1 → 40D · direction 1,Broombridge Luas,Parnell St,Morning,7,7,0,15.116666666666667,12.985714285714284,17.673333333333336,0.5714285714285714,0.42857142857142855,22.116666666666667,47.75714285714285,True,2.0,4.783333333333333,10.333333333333334,3.0,4.0
8240DB004743/1 38B c a | 0/1 38 c a | 0/Morning,8240DB004743,Damastown Drive,53.41153,-6.42267,1 38B c a | 0,1 38 c a | 0,38B · direction 0 → 38 · direction 0,Damastown,Damastown,Morning,5,5,0,17.65,15.616666666666669,25.666666666666664,0.6,0.4,30.0,55.53333333333333,True,5.0,7.316666666666666,10.333333333333332,2.0,3.0
8220DB000340/1 15B c a | 1/1 C2 c | 1/Evening,8220DB000340,Townsend Street,53.345975,-6.256017,1 15B c a | 1,1 C2 c | 1,15B · direction 1 → C2 · direction 1,Merrion Square,Sandymount,Evening,11,11,0,15.25,17.818181818181817,27.25,0.5454545454545454,0.6363636363636364,20.75,53.25757575757575,True,5.0,5.0,10.25,7.0,4.0
8220DB007883/1 23 a | 1/1 C2 c | 1/Evening,8220DB007883,Ormond Quay Upr,53.346058,-6.268496,1 23 a | 1,1 C2 c | 1,23 · direction 1 → C2 · direction 1,Merrion Square,Sandymount,Evening,9,9,0,17.5,17.22222222222222,25.35,0.6666666666666666,0.4444444444444444,21.375,50.91666666666667,True,5.0,7.25,10.25,4.0,5.0
8220DB002810/1 X30 d | 1/1 82 a | 0/Morning,8220DB002810,Clare Street,53.340795,-6.250897,1 X30 d | 1,1 82 a | 0,X30 · direction 1 → 82 · direction 0,UCD Belfield,Kiltipper Way,Morning,4,4,0,16.5,16.25,19.95,0.75,0.5,20.0,50.33333333333333,True,7.0,6.25,10.25,3.0,1.0
8220DB000351/1 C2 c | 1/1 82 a | 1/Evening,8220DB000351,Erne Street,53.3434182647907,-6.24530817378361,1 C2 c | 1,1 82 a | 1,C2 · direction 1 → 82 · direction 1,Sandymount,Sean Moore Rd,Evening,8,8,0,16.25,16.75,21.15,0.5,0.5,20.0,50.0,True,10.0,6.0,10.25,8.0,0.0
8250DB003216/1 7A c a | 0/3 45A d a | 1/Morning,8250DB003216,Kilbogget Park,53.258872,-6.137879,1 7A c a | 0,3 45A d a | 1,7A · direction 0 → 45A · direction 1,Loughlinstown Pk,Kilmacanogue,Morning,5,5,0,16.583333333333332,14.703333333333333,20.543333333333333,0.6,0.4,20.0,47.44444444444444,True,6.0,6.333333333333333,10.25,3.0,2.0
8220DB001407/1 77A c a | 0/1 151 c a | 0/Morning,8220DB001407,Rutland Avenue,53.331539,-6.294444,1 77A c a | 0,1 151 c a | 0,77A · direction 0 → 151 · direction 0,Citywest,Foxborough,Morning,9,9,0,13.866666666666667,14.335185185185184,20.536666666666665,0.4444444444444444,0.4444444444444444,20.0,45.15555555555555,True,4.0,3.6333333333333333,10.233333333333334,5.0,4.0
8240DB006054/1 41 c a | 0/1 43 c a | 0/Evening,8240DB006054,Malahide Rd Rnbt,53.454237,-6.215896,1 41 c a | 0,1 43 c a | 0,41 · direction 0 → 43 · direction 0,Swords Manor,Swords Bus.Pk,Evening,10,10,0,16.316666666666666,16.131666666666668,21.946666666666662,0.5,0.4,25.691666666666666,50.883333333333326,True,4.0,6.091666666666667,10.225,5.0,5.0
8220DB000353/1 C2 c | 1/1 82 a | 1/Evening,8220DB000353,Grnd Canal Quay,53.34263,-6.2396,1 C2 c | 1,1 82 a | 1,C2 · direction 1 → 82 · direction 1,Sandymount,Sean Moore Rd,Evening,8,8,0,16.125,16.625,20.975,0.5,0.5,20.0,49.83333333333333,True,10.0,6.0,10.125,8.0,0.0
8230DB001305/1 16D c a | 0/1 16 c a | 0/Morning,8230DB001305,Grange Rd N,53.29617,-6.283747,1 16D c a | 0,1 16 c a | 0,16D · direction 0 → 16 · direction 0,Ballinteer,Ballinteer,Morning,4,4,0,17.5,15.0625,17.85,0.75,0.5,12.0,46.333333333333336,True,5.0,7.375,10.125,2.0,2.0
8220DB007861/1 C1 c | 1/1 C3 c | 1/Evening,8220DB007861,Prince's St South,53.34568,-6.25002,1 C1 c | 1,1 C3 c | 1,C1 · direction 1 → C3 · direction 1,Sandymount,Ringsend Road,Evening,9,9,0,14.583333333333334,12.42962962962963,18.869999999999997,0.4444444444444444,0.4444444444444444,26.633333333333333,50.53333333333333,True,6.0,4.466666666666667,10.116666666666667,5.0,4.0
8230DB001320/1 16D c a | 0/1 16 c a | 0/Morning,8230DB001320,Rathfarnham Wood,53.294465,-6.280875,1 16D c a | 0,1 16 c a | 0,16D · direction 0 → 16 · direction 0,Ballinteer,Ballinteer,Morning,4,4,0,17.283333333333335,14.879166666666666,17.633333333333336,0.75,0.5,12.0,46.044444444444444,True,5.0,7.225,10.058333333333335,2.0,2.0
8220DB001172/1 53 c a | 0/1 41C c a | 0/Evening,8220DB001172,Deverell Place,53.351743,-6.255256,1 53 c a | 0,1 41C c a | 0,53 · direction 0 → 41C · direction 0,Dublin Ferryport,Swords Manor,Evening,4,4,0,14.75,12.220833333333333,17.25,0.5,0.5,20.0,48.0,True,5.0,4.691666666666666,10.058333333333334,2.0,2.0
8240DB005053/1 33 c a | 1/1 24 a | 1/Evening,8240DB005053,Toberbunny,53.419642,-6.234648,1 33 c a | 1,1 24 a | 1,33 · direction 1 → 24 · direction 1,Abbey St,Merrion Square,Evening,4,4,0,16.55,16.4875,19.726666666666667,0.5,0.5,20.0,50.39999999999999,True,10.0,6.549999999999999,10.000000000000002,4.0,0.0
8230DB001321/1 16D c a | 0/1 16 c a | 0/Morning,8230DB001321,Loreto Beaufort,53.292462,-6.282185,1 16D c a | 0,1 16 c a | 0,16D · direction 0 → 16 · direction 0,Ballinteer,Ballinteer,Morning,4,4,0,17.1,14.725000000000001,17.450000000000003,0.75,0.5,12.0,45.800000000000004,True,5.0,7.1,10.000000000000002,2.0,2.0
8250DB003084/3 S6 a | 1/1 7A c a | 1/Morning,8250DB003084,Frascati SC,53.301381,-6.181163,3 S6 a | 1,1 7A c a | 1,S6 · direction 1 → 7A · direction 1,The Square,Mountjoy Square,Morning,12,12,0,23.25,21.416666666666668,29.975,0.6666666666666666,0.4166666666666667,30.0,63.5,True,4.0,13.25,10.0,5.0,7.0
8230DB008074/1 68 c a | 1/3 W4 a | 0/Evening,8230DB008074,Nangor,53.318912,-6.431434,1 68 c a | 1,3 W4 a | 0,68 · direction 1 → W4 · direction 0,Poolbeg St,The Square,Evening,3,3,0,15.7,16.905555555555555,25.593333333333334,0.6666666666666666,0.6666666666666666,26.0,58.26666666666667,True,5.0,5.7,10.0,2.0,1.0
8220DB000396/1 52 b | 0/1 C1 c | 0/Morning,8220DB000396,Grnd Canal Quay,53.34247,-6.23968,1 52 b | 0,1 C1 c | 0,52 · direction 0 → C1 · direction 0,Leixlip Intel,Adamstown Station,Morning,4,4,0,19.875,19.9375,21.625,1.0,0.5,21.0,55.5,True,10.0,9.875,10.0,3.0,1.0
8230DB002213/1 X25 c | 0/03C 120 e a | 0/Evening,8230DB002213,Liffey Valley SC,53.355778,-6.392073,1 X25 c | 0,03C 120 e a | 0,X25 · direction 0 → 120 · direction 0,Maynooth,"Clane, Edenderry, Prosperous",Evening,5,5,0,15.416666666666666,16.98,25.21666666666667,0.6,0.4,30.0,52.55555555555556,True,7.0,5.416666666666667,10.0,4.0,1.0
8220DB000315/1 X28 d | 1/1 C3 c | 1/Morning,8220DB000315,Bachelors Walk,53.347028,-6.261667,1 X28 d | 1,1 C3 c | 1,X28 · direction 1 → C3 · direction 1,UCD Belfield,Ringsend Road,Morning,5,5,0,15.833333333333334,15.033333333333335,25.483333333333334,0.6,0.4,26.5,50.77777777777778,True,5.0,5.833333333333333,10.0,2.0,2.0
8220DB000017/1 19 a | 0/1 41C c a | 0/Morning,8220DB000017,Drumcondra Stn,53.363078,-6.258399,1 19 a | 0,1 41C c a | 0,19 · direction 0 → 41C · direction 0,"Airport, St Pappin's Road",Swords Manor,Morning,9,9,0,18.0,14.333333333333334,21.200000000000003,0.5555555555555556,0.4444444444444444,20.0,50.66666666666666,True,3.0,8.0,10.0,3.0,6.0
8220DB000021/1 19 a | 0/1 41C c a | 0/Morning,8220DB000021,Drumcondra Village,53.370101,-6.254311,1 19 a | 0,1 41C c a | 0,19 · direction 0 → 41C · direction 0,"Airport, St Pappin's Road",Swords Manor,Morning,9,9,0,18.0,14.38888888888889,21.3,0.5555555555555556,0.4444444444444444,20.0,50.66666666666666,True,3.0,8.0,10.0,3.0,6.0
8220DB000018/1 19 a | 0/1 41C c a | 0/Morning,8220DB000018,Archbishop's House,53.365856,-6.255957,1 19 a | 0,1 41C c a | 0,19 · direction 0 → 41C · direction 0,"Airport, St Pappin's Road",Swords Manor,Morning,9,9,0,18.0,14.357407407407408,21.243333333333336,0.5555555555555556,0.4444444444444444,20.0,50.66666666666666,True,3.0,8.0,10.0,3.0,6.0
8220DB000019/1 19 a | 0/1 41C c a | 0/Morning,8220DB000019,Botanic Ave,53.367235,-6.2556,1 19 a | 0,1 41C c a | 0,19 · direction 0 → 41C · direction 0,"Airport, St Pappin's Road",Swords Manor,Morning,9,9,0,18.0,14.368518518518519,21.263333333333335,0.5555555555555556,0.4444444444444444,20.0,50.66666666666666,True,3.0,8.0,10.0,3.0,6.0
8240DB003885/1 33 c a | 1/1 24 a | 1/Evening,8240DB003885,Airport Business Pk,53.425969,-6.229119,1 33 c a | 1,1 24 a | 1,33 · direction 1 → 24 · direction 1,Abbey St,Merrion Square,Evening,4,4,0,16.5,16.5,19.925,0.5,0.5,20.0,50.33333333333333,True,10.0,6.5,10.0,4.0,0.0
8220DB000355/1 C2 c | 1/1 82 a | 1/Evening,8220DB000355,Ringsend Depot,53.341817,-6.233059,1 C2 c | 1,1 82 a | 1,C2 · direction 1 → 82 · direction 1,Sandymount,Sean Moore Rd,Evening,8,8,0,16.25,16.65625,20.525,0.625,0.5,20.0,50.0,True,10.0,6.25,10.0,8.0,0.0
8220DB000354/1 C2 c | 1/1 82 a | 1/Evening,8220DB000354,Ringsend Road,53.3422358280174,-6.2364356898267,1 C2 c | 1,1 82 a | 1,C2 · direction 1 → 82 · direction 1,Sandymount,Sean Moore Rd,Evening,8,8,0,16.0,16.625,20.875,0.5,0.5,20.0,49.66666666666666,True,10.0,6.0,10.0,8.0,0.0
8220DB002905/1 X28 d | 0/1 82 a | 1/Evening,8220DB002905,Merrion Sq West,53.340029,-6.25198,1 X28 d | 0,1 82 a | 1,X28 · direction 0 → 82 · direction 1,Salesian College,Sean Moore Rd,Evening,4,4,0,15.375,12.875,17.5,0.5,0.5,20.0,48.83333333333333,True,5.0,5.375,10.0,2.0,2.0
8220DB000317/1 80 a | 1/1 23 a | 0/Evening,8220DB000317,Westmoreland Street,53.346526,-6.259269,1 80 a | 1,1 23 a | 0,80 · direction 1 → 23 · direction 0,Liffey Valley,Charlestown,Evening,17,17,0,14.866666666666667,13.838235294117647,19.689999999999998,0.47058823529411764,0.47058823529411764,20.0,47.27320261437909,True,5.0,4.866666666666666,10.0,9.0,8.0
8250DB003076/1 7 c a | 1/3 S8 a | 1/Morning,8250DB003076,Montpellier Parade,53.295433,-6.166024,1 7 c a | 1,3 S8 a | 1,7 · direction 1 → S8 · direction 1,Mountjoy Square,Citywest,Morning,7,7,0,15.75,13.821428571428571,19.150000000000002,0.5714285714285714,0.42857142857142855,20.0,47.19047619047619,True,4.0,5.75,10.0,4.0,3.0
8250DB003077/1 7 c a | 1/3 S8 a | 1/Morning,8250DB003077,Montpellier Manor,53.29592,-6.168463,1 7 c a | 1,3 S8 a | 1,7 · direction 1 → S8 · direction 1,Mountjoy Square,Citywest,Morning,7,7,0,15.25,13.569047619047621,19.283333333333335,0.5714285714285714,0.42857142857142855,20.0,46.52380952380952,True,4.0,5.25,10.0,4.0,3.0
8220DB001409/1 77A c a | 0/1 151 c a | 0/Morning,8220DB001409,Crumlin Road,53.330367,-6.297358,1 77A c a | 0,1 151 c a | 0,77A · direction 0 → 151 · direction 0,Citywest,Foxborough,Morning,9,9,0,13.75,14.36111111111111,20.7,0.4444444444444444,0.4444444444444444,20.0,45.0,True,4.0,3.75,10.0,5.0,4.0
8240DB001631/1 33 c a | 1/1 24 a | 1/Evening,8240DB001631,ALSAA Sports Club,53.422406,-6.230696,1 33 c a | 1,1 24 a | 1,33 · direction 1 → 24 · direction 1,Abbey St,Merrion Square,Evening,4,4,0,16.525,16.491666666666667,19.82,0.5,0.5,20.0,50.36666666666666,True,10.0,6.525,9.999999999999998,4.0,0.0
8240DB004330/1 41 c a | 0/1 43 c a | 0/Evening,8240DB004330,Swords Pavilions,53.454786,-6.218358,1 41 c a | 0,1 43 c a | 0,41 · direction 0 → 43 · direction 0,Swords Manor,Swords Bus.Pk,Evening,10,10,0,15.716666666666665,15.563333333333333,21.54166666666666,0.5,0.4,25.75,50.12222222222222,True,10.0,5.716666666666667,9.999999999999998,7.0,1.0
8230DB001304/1 16D c a | 0/1 16 c a | 0/Morning,8230DB001304,Rathfarnham Cstl,53.298176,-6.284551,1 16D c a | 0,1 16 c a | 0,16D · direction 0 → 16 · direction 0,Ballinteer,Ballinteer,Morning,4,4,0,17.816666666666666,15.458333333333332,18.166666666666668,0.75,0.5,12.0,46.75555555555556,True,5.0,7.85,9.966666666666667,2.0,2.0
8220DB000817/2 109 d | 1/1 120 c a | 1/Morning,8220DB000817,Mater Hospital,53.359646,-6.269612,2 109 d | 1,1 120 c a | 1,109 · direction 1 → 120 · direction 1,"Dublin, U C D Belfield","Ballsbridge, Parnell St",Morning,9,9,0,15.916666666666666,13.75,19.21666666666667,0.5555555555555556,0.4444444444444444,29.25,54.05555555555556,True,4.0,5.966666666666667,9.95,5.0,4.0
8220DB007732/1 X28 d | 0/1 C3 c | 0/Evening,8220DB007732,Tara Street,53.347221,-6.255171,1 X28 d | 0,1 C3 c | 0,X28 · direction 0 → C3 · direction 0,Salesian College,Maynooth,Evening,4,4,0,16.025,13.5625,17.921666666666667,0.5,0.5,29.0,55.69999999999999,True,5.0,6.1,9.924999999999999,2.0,2.0
8230DB001095/1 F2 a | 0/1 15A c a | 0/Evening,8230DB001095,Perrystown,53.30686,-6.31998,1 F2 a | 0,1 15A c a | 0,F2 · direction 0 → 15A · direction 0,Rossmore Road,Limekiln Ave,Evening,12,12,0,15.141666666666666,12.125,15.693333333333333,0.5833333333333334,0.4166666666666667,20.0,46.02222222222221,True,2.0,5.216666666666667,9.924999999999999,6.0,6.0
8250DB002978/1 74 | 1/3 S8 a | 1/Evening,8250DB002978,Heather Lawn,53.276994,-6.2655,1 74 | 1,3 S8 a | 1,74 · direction 1 → S8 · direction 1,Eden Quay,Citywest,Evening,6,6,0,15.5,14.958333333333334,18.5,0.8333333333333334,0.6666666666666666,20.0,54.0,True,2.0,5.625,9.875,3.0,3.0
8350DB004156/3 L1 a | 0/1 L12 a | 1/Morning,8350DB004156,Seymour Road,53.2049673829576,-6.10361400629372,3 L1 a | 0,1 L12 a | 1,L1 · direction 0 → L12 · direction 1,Bray Station,Bray Station,Morning,6,6,0,14.875,12.666666666666666,18.875,0.5,0.5,20.0,48.16666666666667,True,4.0,5.0,9.875,3.0,3.0
8220DB007602/1 19 a | 0/1 41C c a | 0/Morning,8220DB007602,St Patrick's Campus,53.371553,-6.25344,1 19 a | 0,1 41C c a | 0,19 · direction 0 → 41C · direction 0,"Airport, St Pappin's Road",Swords Manor,Morning,9,9,0,18.066666666666666,14.572222222222223,21.563333333333336,0.5555555555555556,0.4444444444444444,20.0,50.755555555555546,True,3.0,8.283333333333333,9.783333333333333,3.0,6.0
8250DB003075/1 7A c a | 1/3 S8 a | 1/Morning,8250DB003075,Queen's Park,53.29488,-6.162252,1 7A c a | 1,3 S8 a | 1,7A · direction 1 → S8 · direction 1,Mountjoy Square,Citywest,Morning,6,6,0,13.475000000000001,12.794444444444444,18.975,0.5,0.5,20.0,46.3,True,2.0,3.725,9.750000000000002,3.0,3.0
8250DB002977/1 74 | 1/3 S8 a | 1/Evening,8250DB002977,Pine Valley,53.273574,-6.260211,1 74 | 1,3 S8 a | 1,74 · direction 1 → S8 · direction 1,Eden Quay,Citywest,Evening,6,6,0,15.5,15.083333333333334,18.5,0.8333333333333334,0.6666666666666666,20.0,54.0,True,7.0,5.75,9.75,6.0,0.0
8350DB004151/3 L1 a | 0/1 L12 a | 1/Morning,8350DB004151,Bray Main Street,53.201869,-6.110547,3 L1 a | 0,1 L12 a | 1,L1 · direction 0 → L12 · direction 1,Bray Station,Bray Station,Morning,6,6,0,15.125,12.833333333333334,18.875,0.5,0.5,20.0,48.5,True,4.0,5.375,9.75,3.0,3.0
8220DB000351/1 47 c a | 0/1 C2 c | 1/Evening,8220DB000351,Erne Street,53.3434182647907,-6.24530817378361,1 47 c a | 0,1 C2 c | 1,47 · direction 0 → C2 · direction 1,Belarmine,Sandymount,Evening,6,6,0,14.675,16.052777777777777,28.3,0.5,0.5,20.625,48.31666666666666,True,7.0,4.925,9.75,4.0,2.0
8220DB002097/1 77A c a | 0/1 151 c a | 0/Morning,8220DB002097,Raphoe Road,53.327433,-6.309726,1 77A c a | 0,1 151 c a | 0,77A · direction 0 → 151 · direction 0,Citywest,Foxborough,Morning,9,9,0,13.75,14.472222222222221,21.0,0.4444444444444444,0.4444444444444444,20.0,45.0,True,4.0,4.0,9.75,5.0,4.0
8220DB002095/1 77A c a | 0/1 151 c a | 0/Morning,8220DB002095,Crumlin Coll,53.329037,-6.302471,1 77A c a | 0,1 151 c a | 0,77A · direction 0 → 151 · direction 0,Citywest,Foxborough,Morning,9,9,0,13.75,14.450000000000001,20.966666666666665,0.4444444444444444,0.4444444444444444,20.0,45.0,True,4.0,4.016666666666667,9.733333333333334,5.0,4.0
8220DB001279/1 16D c a | 0/1 150 c a | 0/Morning,8220DB001279,College Green,53.34426,-6.261705,1 16D c a | 0,1 150 c a | 0,16D · direction 0 → 150 · direction 0,Ballinteer,Limekiln Avenue,Morning,6,6,0,14.766666666666666,12.622222222222222,20.033333333333335,0.5,0.5,20.0,48.02222222222221,True,2.0,5.066666666666666,9.7,2.0,4.0
8220DB000352/1 47 c a | 0/1 C2 c | 1/Evening,8220DB000352,Pearse Sq,53.342989,-6.242412,1 47 c a | 0,1 C2 c | 1,47 · direction 0 → C2 · direction 1,Belarmine,Sandymount,Evening,6,6,0,14.658333333333333,16.07777777777778,28.35,0.5,0.5,20.5,48.21111111111111,True,7.0,4.975,9.683333333333334,4.0,2.0
8220DB000516/1 H2 c a | 0/1 43 c a | 0/Evening,8220DB000516,Newcomen Bridge,53.35621,-6.244942,1 H2 c a | 0,1 43 c a | 0,H2 · direction 0 → 43 · direction 0,Malahide,Swords Bus.Pk,Evening,6,6,0,17.875,17.125,25.5,0.6666666666666666,0.5,25.25,55.66666666666666,True,5.0,8.25,9.625,3.0,3.0
8220DB000353/1 47 c a | 0/1 C2 c | 1/Evening,8220DB000353,Grnd Canal Quay,53.34263,-6.2396,1 47 c a | 0,1 C2 c | 1,47 · direction 0 → C2 · direction 1,Belarmine,Sandymount,Evening,6,6,0,14.625,16.083333333333332,28.375,0.5,0.5,20.5,48.16666666666667,True,7.0,5.0,9.625,4.0,2.0
8220DB000523/1 H2 c a | 0/1 43 c a | 0/Evening,8220DB000523,Marino Mart,53.364355,-6.231308,1 H2 c a | 0,1 43 c a | 0,H2 · direction 0 → 43 · direction 0,Malahide,Swords Bus.Pk,Evening,6,6,0,17.525,16.58888888888889,24.616666666666667,0.6666666666666666,0.5,25.408333333333335,55.30555555555555,True,5.0,7.966666666666667,9.558333333333332,3.0,3.0
8230DB007460/1 65B c a | 0/1 77A c a | 0/Evening,8230DB007460,Citywest SC,53.282632,-6.421531,1 65B c a | 0,1 77A c a | 0,65B · direction 0 → 77A · direction 0,Citywest,Citywest,Evening,4,4,0,15.908333333333331,16.833333333333332,18.673333333333336,1.0,0.5,20.0,49.54444444444444,True,7.0,6.358333333333333,9.549999999999997,3.0,1.0
8220DB002099/1 77A c a | 0/1 151 c a | 0/Morning,8220DB002099,Crumlin Hospl,53.325562,-6.3166,1 77A c a | 0,1 151 c a | 0,77A · direction 0 → 151 · direction 0,Citywest,Foxborough,Morning,9,9,0,13.533333333333333,14.390740740740743,21.043333333333333,0.4444444444444444,0.4444444444444444,20.0,44.71111111111111,True,4.0,4.0,9.533333333333333,5.0,4.0
8220DB000515/1 H2 c a | 0/1 43 c a | 0/Evening,8220DB000515,Five Lamps,53.35439,-6.2472,1 H2 c a | 0,1 43 c a | 0,H2 · direction 0 → 43 · direction 0,Malahide,Swords Bus.Pk,Evening,6,6,0,17.71666666666667,17.044444444444444,25.533333333333335,0.6666666666666666,0.5,25.208333333333332,55.42777777777778,True,5.0,8.208333333333332,9.508333333333336,3.0,3.0
8250DB002041/3 S8 a | 1/3 L27 a | 0/Morning,8250DB002041,St Michael's Hosp,53.2935976049825,-6.13923437692805,3 S8 a | 1,3 L27 a | 0,S8 · direction 1 → L27 · direction 0,Citywest,Leopardstown Valley,Morning,10,10,0,19.5,20.6,30.0,0.5,0.4,30.0,58.0,True,8.0,10.0,9.5,5.0,5.0
8250DB002969/1 16D c a | 0/3 S8 a | 0/Morning,8250DB002969,Highfield Ave,53.279403,-6.270412,1 16D c a | 0,3 S8 a | 0,16D · direction 0 → S8 · direction 0,Ballinteer,Dun Laoghaire,Morning,4,4,0,12.983333333333334,12.266666666666666,19.8,0.5,0.5,20.0,45.644444444444446,True,3.0,3.4833333333333334,9.5,3.0,1.0
8240DB003689/3 33B d a | 1/1 41 c a | 1/Evening,8240DB003689,Swords Castle,53.458936,-6.220006,3 33B d a | 1,1 41 c a | 1,33B · direction 1 → 41 · direction 1,Swords Pavilions,Abbey St,Evening,5,5,0,14.75,11.95,19.45,0.4,0.4,20.0,45.0,True,3.0,5.25,9.5,2.0,3.0
8220DB002096/1 77A c a | 0/1 151 c a | 0/Morning,8220DB002096,Iveagh Gnds,53.328084,-6.306818,1 77A c a | 0,1 151 c a | 0,77A · direction 0 → 151 · direction 0,Citywest,Foxborough,Morning,9,9,0,13.75,14.527777777777779,21.2,0.4444444444444444,0.4444444444444444,20.0,45.0,True,4.0,4.25,9.5,5.0,4.0
8220DB002101/1 77A c a | 0/1 151 c a | 0/Morning,8220DB002101,Drimnagh Rd,53.324955,-6.318171,1 77A c a | 0,1 151 c a | 0,77A · direction 0 → 151 · direction 0,Citywest,Foxborough,Morning,9,9,0,13.483333333333333,14.374074074074075,21.053333333333335,0.4444444444444444,0.4444444444444444,20.0,44.644444444444446,True,4.0,4.0,9.483333333333333,5.0,4.0
8220DB001444/1 60 | 0/1 24 a | 0/Evening,8220DB001444,Merchant's Quay,53.34504,-6.27417,1 60 | 0,1 24 a | 0,60 · direction 0 → 24 · direction 0,Red Cow Luas,Dublin Airport,Evening,4,4,0,13.716666666666667,14.629166666666666,18.285,0.5,0.5,20.0,46.62222222222222,True,5.0,4.241666666666667,9.475,3.0,1.0
8220DB007855/1 X27 d | 0/1 C4 c | 0/Evening,8220DB007855,Usher's Quay,53.345988,-6.279809,1 X27 d | 0,1 C4 c | 0,X27 · direction 0 → C4 · direction 0,Salesian College,Maynooth,Evening,4,4,0,14.541666666666668,14.791666666666666,24.19166666666667,0.5,0.5,28.5,53.38888888888889,True,5.0,5.166666666666667,9.375,2.0,2.0
8250DB002040/1 7A c a | 0/3 S8 a | 1/Evening,8250DB002040,Dun Laoghaire SC,53.292791187827,-6.13536904926552,1 7A c a | 0,3 S8 a | 1,7A · direction 0 → S8 · direction 1,Loughlinstown Pk,Citywest,Evening,6,6,0,14.5,12.291666666666666,18.25,0.5,0.5,20.0,47.66666666666666,True,5.0,5.125,9.375,4.0,2.0
8240DB003615/1 H2 c a | 0/1 42 c a | 0/Morning,8240DB003615,Wendell Avenue,53.435313,-6.131603,1 H2 c a | 0,1 42 c a | 0,H2 · direction 0 → 42 · direction 0,Malahide,Portmarnock,Morning,5,5,0,15.116666666666667,14.736666666666668,23.166666666666668,0.6,0.4,28.5,51.15555555555556,True,5.0,5.766666666666667,9.350000000000001,3.0,2.0
8220DB007569/1 H2 c a | 1/1 27B c a | 1/Evening,8220DB007569,Talbot St West,53.350451,-6.25597,1 H2 c a | 1,1 27B c a | 1,H2 · direction 1 → 27B · direction 1,Abbey St Lower,Eden Quay,Evening,6,6,0,15.166666666666666,13.269444444444444,15.608333333333333,0.6666666666666666,0.5,20.0,48.55555555555556,True,2.0,5.908333333333333,9.258333333333333,3.0,3.0
8240DB003583/3 102 d a | 0/1 42 c a | 0/Evening,8240DB003583,St Sylvester's Sch,53.449348,-6.163163,3 102 d a | 0,1 42 c a | 0,102 · direction 0 → 42 · direction 0,Sutton Station,Portmarnock,Evening,6,6,0,17.0,16.125,20.5,0.5,0.5,27.75,56.166666666666664,True,2.0,7.75,9.25,3.0,3.0
8240DB003641/3 102 d a | 0/1 42 c a | 0/Morning,8240DB003641,Estuary Road,53.452725,-6.183586,3 102 d a | 0,1 42 c a | 0,102 · direction 0 → 42 · direction 0,Sutton Station,Portmarnock,Morning,7,7,0,15.966666666666667,15.788095238095236,22.483333333333334,0.7142857142857143,0.42857142857142855,25.916666666666668,51.423809523809524,True,9.0,6.716666666666667,9.25,5.0,2.0
8220DB000354/1 77A c a | 1/1 C2 c | 1/Evening,8220DB000354,Ringsend Road,53.3422358280174,-6.2364356898267,1 77A c a | 1,1 C2 c | 1,77A · direction 1 → C2 · direction 1,Ringsend Road,Sandymount,Evening,11,11,0,16.0,18.227272727272727,27.25,0.6363636363636364,0.45454545454545453,20.5,48.63636363636364,True,7.0,6.75,9.25,8.0,3.0
8250DB003076/1 7A c a | 1/3 S8 a | 1/Morning,8250DB003076,Montpellier Parade,53.295433,-6.166024,1 7A c a | 1,3 S8 a | 1,7A · direction 1 → S8 · direction 1,Mountjoy Square,Citywest,Morning,6,6,0,13.25,12.75,18.75,0.5,0.5,20.0,46.0,True,2.0,4.0,9.25,3.0,3.0
8220DB002467/1 74 | 0/1 82 a | 1/Evening,8220DB002467,Cashel Road,53.3192341833888,-6.30392562805676,1 74 | 0,1 82 a | 1,74 · direction 0 → 82 · direction 1,Dundrum,Sean Moore Rd,Evening,7,7,0,13.75,13.321428571428571,19.05,0.42857142857142855,0.42857142857142855,20.0,44.52380952380952,True,4.0,4.5,9.25,4.0,3.0
8220DB007861/1 X25 c | 1/1 C4 c | 1/Morning,8220DB007861,Prince's St South,53.34568,-6.25002,1 X25 c | 1,1 C4 c | 1,X25 · direction 1 → C4 · direction 1,UCD Belfield,Ringsend Road,Morning,4,4,0,18.75,20.5625,28.550000000000004,0.75,0.5,28.625,59.083333333333336,True,10.0,9.558333333333334,9.191666666666666,3.0,1.0
8240DB004926/1 41C c a | 0/3 102 d a | 0/Morning,8240DB004926,Highfield Grn,53.454439,-6.224607,1 41C c a | 0,3 102 d a | 0,41C · direction 0 → 102 · direction 0,Swords Manor,Sutton Station,Morning,5,5,0,19.85,23.166666666666668,33.19,0.8,0.4,30.0,58.46666666666667,True,10.0,10.7,9.150000000000002,3.0,2.0
8220DB002311/1 F3 a | 0/1 77A c a | 0/Morning,8220DB002311,Kevin Street,53.338285,-6.270492,1 F3 a | 0,1 77A c a | 0,F3 · direction 0 → 77A · direction 0,Limekiln Avenue,Citywest,Morning,12,12,0,16.5,15.125,20.475,0.6666666666666666,0.4166666666666667,20.0,47.83333333333333,True,7.0,7.375,9.125,8.0,4.0
8220DB002094/1 151 c a | 0/1 77A c a | 0/Evening,8220DB002094,Coombe Hospital,53.334752,-6.289751,1 151 c a | 0,1 77A c a | 0,151 · direction 0 → 77A · direction 0,Foxborough,Citywest,Evening,10,10,0,13.25,12.55,17.325,0.4,0.4,20.0,43.0,True,5.0,4.125,9.125,6.0,4.0
8220DB004528/1 80 a | 1/1 82 a | 1/Evening,8220DB004528,Grove Park,53.328896,-6.264537,1 80 a | 1,1 82 a | 1,80 · direction 1 → 82 · direction 1,Liffey Valley,Sean Moore Rd,Evening,17,17,0,16.85,14.844117647058823,20.75,0.5294117647058824,0.4117647058823529,20.0,48.15294117647059,True,7.0,7.75,9.100000000000001,10.0,7.0
8240DB007101/1 40D c a | 1/1 40E c a | 1/Evening,8240DB007101,Bealing Walk,53.418259,-6.387188,1 40D c a | 1,1 40E c a | 1,40D · direction 1 → 40E · direction 1,Parnell St,Broombridge Luas,Evening,12,12,0,19.849999999999998,22.33611111111111,30.666666666666664,0.9166666666666666,0.5,30.0,61.46666666666667,True,3.0,10.783333333333333,9.066666666666665,6.0,6.0
8220DB000404/1 38 c a | 1/1 11 c a | 0/Evening,8220DB000404,Nassau Street,53.342663,-6.256348,1 38 c a | 1,1 11 c a | 0,38 · direction 1 → 11 · direction 0,Burlington Road,Sandyford B.D.,Evening,6,6,0,15.716666666666665,14.391666666666666,18.825000000000003,0.5,0.5,25.575,53.00555555555555,True,5.0,6.675000000000001,9.041666666666664,3.0,3.0
8240DB007100/1 40D c a | 1/1 40E c a | 1/Evening,8240DB007100,Rathmore Crescent,53.419759,-6.391811,1 40D c a | 1,1 40E c a | 1,40D · direction 1 → 40E · direction 1,Parnell St,Broombridge Luas,Evening,12,12,0,19.666666666666668,22.184722222222224,30.516666666666666,0.9166666666666666,0.5,30.0,61.22222222222222,True,3.0,10.641666666666666,9.025000000000002,6.0,6.0
8230DB002213/1 C1 c | 0/2 115 c a | 0/Morning,8230DB002213,Liffey Valley SC,53.355778,-6.392073,1 C1 c | 0,2 115 c a | 0,C1 · direction 0 → 115 · direction 0,Adamstown Station,"Enfield, Mullingar",Morning,7,7,0,20.5,22.607142857142858,32.150000000000006,0.8571428571428571,0.42857142857142855,31.0,60.19047619047619,True,5.0,11.5,9.0,3.0,4.0
8220DB001406/1 151 c a | 0/1 74 | 0/Evening,8220DB001406,Dolphin's Barn,53.333153,-6.291691,1 151 c a | 0,1 74 | 0,151 · direction 0 → 74 · direction 0,Foxborough,Dundrum,Evening,9,9,0,19.75,19.36111111111111,29.75,0.6666666666666666,0.4444444444444444,30.0,59.666666666666664,True,4.0,10.75,9.0,4.0,5.0
8230DB002239/1 52 b | 1/1 C2 c | 1/Evening,8230DB002239,Liffey Valley SC,53.356169,-6.391727,1 52 b | 1,1 C2 c | 1,52 · direction 1 → C2 · direction 1,Ringsend Road,Sandymount,Evening,4,4,0,17.5,17.6875,24.4,0.5,0.5,23.75,54.16666666666667,True,3.0,8.5,9.0,2.0,2.0
8220DB000747/1 38 c a | 1/1 11 c a | 0/Evening,8220DB000747,Kildare Street,53.339931,-6.255724,1 38 c a | 1,1 11 c a | 0,38 · direction 1 → 11 · direction 0,Burlington Road,Sandyford B.D.,Evening,6,6,0,15.625,14.291666666666666,18.625,0.5,0.5,25.5,52.833333333333336,True,5.0,6.625,9.0,3.0,3.0
8220DB000786/1 X25 c | 0/1 39 c a | 0/Evening,8220DB000786,Leeson Street Lwr,53.33513,-6.25612,1 X25 c | 0,1 39 c a | 0,X25 · direction 0 → 39 · direction 0,Maynooth,Ongar,Evening,5,5,0,13.616666666666667,14.09,24.64,0.4,0.4,30.0,50.15555555555555,True,2.0,4.616666666666666,9.0,2.0,3.0
8220DB001071/1 80 a | 1/1 82 a | 1/Evening,8220DB001071,Cathal Brugha Brrks,53.32729,-6.26485,1 80 a | 1,1 82 a | 1,80 · direction 1 → 82 · direction 1,Liffey Valley,Sean Moore Rd,Evening,17,17,0,16.75,14.808823529411764,20.75,0.5294117647058824,0.4117647058823529,20.0,48.01960784313725,True,7.0,7.75,9.0,10.0,7.0
8230DB005008/1 82 a | 0/3 S8 a | 1/Morning,8230DB005008,Belgard Square N,53.29045,-6.369357,1 82 a | 0,3 S8 a | 1,82 · direction 0 → S8 · direction 1,Kiltipper Way,Citywest,Morning,8,8,0,14.625,15.15625,24.4,0.5,0.5,20.0,47.83333333333333,True,5.0,5.625,9.0,5.0,3.0
8220DB000015/1 16 c a | 1/1 41 c a | 0/Morning,8220DB000015,Dorset Street Lwr,53.360267,-6.260978,1 16 c a | 1,1 41 c a | 0,16 · direction 1 → 41 · direction 0,Dublin Airport,Swords Manor,Morning,16,16,0,16.0,15.375,21.0,0.625,0.4375,20.0,47.79166666666666,True,6.0,7.0,9.0,9.0,7.0
8350DB004156/3 45A d a | 1/1 L12 a | 1/Morning,8350DB004156,Seymour Road,53.2049673829576,-6.10361400629372,3 45A d a | 1,1 L12 a | 1,45A · direction 1 → L12 · direction 1,Kilmacanogue,Bray Station,Morning,9,9,0,15.75,16.25,20.700000000000003,0.5555555555555556,0.4444444444444444,20.0,47.66666666666666,True,8.0,6.75,9.0,7.0,2.0
8230DB002557/1 82 a | 0/3 S8 a | 1/Morning,8230DB002557,Tallaght Village,53.288506,-6.363281,1 82 a | 0,3 S8 a | 1,82 · direction 0 → S8 · direction 1,Kiltipper Way,Citywest,Morning,8,8,0,14.125,14.65625,23.9,0.5,0.5,20.0,47.16666666666666,True,5.0,5.125,9.0,5.0,3.0
8230DB002349/3 W4 a | 1/3 S8 a | 1/Evening,8230DB002349,Alderwood,53.285029,-6.378472,3 W4 a | 1,3 S8 a | 1,W4 · direction 1 → S8 · direction 1,Blanchardstown,Citywest,Evening,9,9,0,15.0,13.666666666666666,20.400000000000002,0.4444444444444444,0.4444444444444444,20.0,46.66666666666666,True,5.0,6.0,9.0,5.0,4.0
8230DB002351/3 W4 a | 1/3 S8 a | 1/Evening,8230DB002351,Maplewood,53.283206,-6.384525,3 W4 a | 1,3 S8 a | 1,W4 · direction 1 → S8 · direction 1,Blanchardstown,Citywest,Evening,9,9,0,15.0,13.444444444444445,20.200000000000003,0.3333333333333333,0.4444444444444444,20.0,46.66666666666666,True,5.0,6.0,9.0,5.0,4.0
8220DB000190/2 NX c a | 1/1 23 a | 1/Evening,8220DB000190,Broadstone,53.3551257304144,-6.27337107400574,2 NX c a | 1,1 23 a | 1,NX · direction 1 → 23 · direction 1,"Dublin, Wilton Terrace",Merrion Square,Evening,9,9,0,14.25,15.166666666666666,25.7,0.4444444444444444,0.4444444444444444,20.0,45.66666666666666,True,5.0,5.25,9.0,5.0,4.0
8220DB002499/03C 126 e a | 1/1 151 c a | 1/Evening,8220DB002499,S O'Casey Br,53.348128,-6.247128,03C 126 e a | 1,1 151 c a | 1,126 · direction 1 → 151 · direction 1,Dublin,Docklands,Evening,7,7,0,12.683333333333334,12.647619047619049,18.683333333333334,0.42857142857142855,0.42857142857142855,20.0,43.1015873015873,True,5.0,3.683333333333333,9.0,4.0,3.0
8220DB002315/1 151 c a | 0/1 77A c a | 0/Evening,8220DB002315,Cork Street,53.337536,-6.285239,1 151 c a | 0,1 77A c a | 0,151 · direction 0 → 77A · direction 0,Foxborough,Citywest,Evening,10,10,0,13.125,12.5,17.325,0.4,0.4,20.0,42.83333333333333,True,5.0,4.125,9.0,6.0,4.0
8220DB002637/1 X27 d | 0/1 C4 c | 0/Evening,8220DB002637,Heuston Station,53.345846,-6.294308,1 X27 d | 0,1 C4 c | 0,X27 · direction 0 → C4 · direction 0,Salesian College,Maynooth,Evening,4,4,0,14.958333333333332,15.333333333333334,24.358333333333334,0.5,0.5,28.5,53.94444444444444,True,5.0,5.958333333333334,8.999999999999998,2.0,2.0
8240DB007099/1 40D c a | 1/1 40E c a | 1/Evening,8240DB007099,Mount Garrett,53.421782,-6.391223,1 40D c a | 1,1 40E c a | 1,40D · direction 1 → 40E · direction 1,Parnell St,Broombridge Luas,Evening,12,12,0,19.475,22.02916666666667,30.351666666666667,0.75,0.5,30.0,60.96666666666667,True,3.0,10.5,8.975000000000001,6.0,6.0
8220DB000400/1 7A c a | 1/1 23 a | 0/Evening,8220DB000400,Shaw Street,53.344849,-6.25339,1 7A c a | 1,1 23 a | 0,7A · direction 1 → 23 · direction 0,Mountjoy Square,Charlestown,Evening,6,6,0,16.875,15.5,19.700000000000003,0.5,0.5,20.0,50.83333333333333,True,3.0,7.925000000000001,8.95,3.0,3.0
8240DB007098/1 40D c a | 1/1 40E c a | 1/Evening,8240DB007098,Mount Eustace,53.421337,-6.38817,1 40D c a | 1,1 40E c a | 1,40D · direction 1 → 40E · direction 1,Parnell St,Broombridge Luas,Evening,12,12,0,19.34166666666667,21.916666666666668,30.235000000000003,0.75,0.5,30.0,60.78888888888889,True,3.0,10.399999999999999,8.94166666666667,6.0,6.0
8240DB007097/1 40D c a | 1/1 40E c a | 1/Evening,8240DB007097,Belgree Boulevard,53.420141,-6.38483,1 40D c a | 1,1 40E c a | 1,40D · direction 1 → 40E · direction 1,Parnell St,Broombridge Luas,Evening,12,12,0,19.2,21.797222222222217,30.118333333333336,0.75,0.5,30.0,60.6,True,3.0,10.283333333333333,8.916666666666666,6.0,6.0
8220DB000340/1 77A c a | 1/1 C4 c | 1/Morning,8220DB000340,Townsend Street,53.345975,-6.256017,1 77A c a | 1,1 C4 c | 1,77A · direction 1 → C4 · direction 1,Ringsend Road,Ringsend Road,Morning,10,10,0,16.125,14.85,19.974999999999994,0.6,0.5,28.625,55.583333333333336,True,5.0,7.25,8.875,5.0,5.0
8220DB000495/1 7A c a | 1/1 23 a | 0/Evening,8220DB000495,Pearse Stn,53.343591,-6.249747,1 7A c a | 1,1 23 a | 0,7A · direction 1 → 23 · direction 0,Mountjoy Square,Charlestown,Evening,6,6,0,16.2,14.605555555555556,18.741666666666667,0.5,0.5,20.0,49.93333333333332,True,8.0,7.333333333333334,8.866666666666665,4.0,2.0
8220DB000352/1 C2 c | 1/1 82 a | 1/Evening,8220DB000352,Pearse Sq,53.342989,-6.242412,1 C2 c | 1,1 82 a | 1,C2 · direction 1 → 82 · direction 1,Sandymount,Sean Moore Rd,Evening,8,8,0,15.925,16.470833333333335,21.10666666666667,0.625,0.5,20.0,49.56666666666666,True,7.0,7.108333333333333,8.816666666666666,5.0,3.0
8230DB001331/1 15B c a | 1/1 74 | 1/Evening,8230DB001331,Rathfarnham Cstl,53.298519,-6.284628,1 15B c a | 1,1 74 | 1,15B · direction 1 → 74 · direction 1,Merrion Square,Eden Quay,Evening,12,12,0,18.125,19.4375,27.725,0.5,0.5,30.0,59.166666666666664,True,5.0,9.375,8.75,6.0,6.0
8220DB000396/1 82 a | 0/1 C3 c | 0/Morning,8220DB000396,Grnd Canal Quay,53.34247,-6.23968,1 82 a | 0,1 C3 c | 0,82 · direction 0 → C3 · direction 0,Kiltipper Way,Maynooth,Morning,9,9,0,18.0,17.22222222222222,29.05,0.6666666666666666,0.4444444444444444,29.0,56.66666666666666,True,5.0,9.25,8.75,4.0,5.0
8240DB003636/3 102 d a | 1/1 42 c a | 1/Morning,8240DB003636,St Sylvester's Sch,53.449422,-6.162166,3 102 d a | 1,1 42 c a | 1,102 · direction 1 → 42 · direction 1,Dublin Airport,Talbot Street,Morning,6,6,0,15.625,14.708333333333334,20.5,0.5,0.5,30.0,55.833333333333336,True,3.0,6.875,8.75,3.0,3.0
8240DB003635/3 102 d a | 1/1 42 c a | 1/Morning,8240DB003635,Hanlon's Lane,53.44964,-6.16053,3 102 d a | 1,1 42 c a | 1,102 · direction 1 → 42 · direction 1,Dublin Airport,Talbot Street,Morning,6,6,0,15.375,14.458333333333334,20.25,0.5,0.5,30.0,55.5,True,3.0,6.625,8.75,3.0,3.0
8220DB002383/1 150 c a | 1/1 151 c a | 1/Morning,8220DB002383,St Patricks Cathdrl,53.339458,-6.272653,1 150 c a | 1,1 151 c a | 1,150 · direction 1 → 151 · direction 1,Hawkins Street,"Docklands, Eden Quay",Morning,11,11,0,15.25,13.022727272727273,15.75,0.6363636363636364,0.45454545454545453,20.0,47.3030303030303,True,2.0,6.5,8.75,5.0,6.0
8220DB002311/1 F2 a | 0/1 150 c a | 0/Evening,8220DB002311,Kevin Street,53.338285,-6.270492,1 F2 a | 0,1 150 c a | 0,F2 · direction 0 → 150 · direction 0,Rossmore Road,Limekiln Avenue,Evening,12,12,0,13.875,12.395833333333334,15.5,0.5,0.5,20.0,46.83333333333333,True,5.0,5.125,8.75,9.0,3.0
8220DB000404/1 11 c a | 0/1 37 c a | 1/Evening,8220DB000404,Nassau Street,53.342663,-6.256348,1 11 c a | 0,1 37 c a | 1,11 · direction 0 → 37 · direction 1,Sandyford B.D.,Wilton Terrace,Evening,8,8,0,13.741666666666667,12.808333333333334,20.89166666666667,0.5,0.5,19.75,46.48888888888889,True,2.0,5.033333333333333,8.708333333333334,3.0,5.0
8220DB001479/1 70 c a | 1/1 39 c a | 1/Evening,8220DB001479,Ormond Quay Upr,53.34599,-6.26906,1 70 c a | 1,1 39 c a | 1,70 · direction 1 → 39 · direction 1,"Bachelors Walk, Burlington Road",Burlington Road,Evening,4,4,0,14.058333333333334,15.416666666666666,28.665,0.5,0.5,28.35,52.644444444444446,True,2.0,5.3583333333333325,8.700000000000001,1.0,3.0
8250DB003077/1 7A c a | 1/3 S8 a | 1/Morning,8250DB003077,Montpellier Manor,53.29592,-6.168463,1 7A c a | 1,3 S8 a | 1,7A · direction 1 → S8 · direction 1,Mountjoy Square,Citywest,Morning,6,6,0,12.958333333333332,12.433333333333335,18.458333333333336,0.5,0.5,20.0,45.6111111111111,True,3.0,4.316666666666666,8.641666666666666,3.0,3.0
8220DB002438/1 F1 a | 1/1 74 | 1/Evening,8220DB002438,Kimmage Cross Roads,53.312489,-6.299255,1 F1 a | 1,1 74 | 1,F1 · direction 1 → 74 · direction 1,IKEA Ballymun,Eden Quay,Evening,12,12,0,19.125,21.166666666666668,30.425,0.6666666666666666,0.5,30.0,60.5,True,4.0,10.5,8.625,6.0,6.0
8220DB002439/1 F1 a | 1/1 74 | 1/Evening,8220DB002439,Ravensdale Pk,53.313546,-6.297698,1 F1 a | 1,1 74 | 1,F1 · direction 1 → 74 · direction 1,IKEA Ballymun,Eden Quay,Evening,12,12,0,18.875,20.916666666666668,30.175,0.6666666666666666,0.5,30.0,60.166666666666664,True,4.0,10.25,8.625,6.0,6.0
8240DB003690/3 33B d a | 1/1 41 c a | 1/Evening,8240DB003690,Swords Village,53.456956,-6.221068,3 33B d a | 1,1 41 c a | 1,33B · direction 1 → 41 · direction 1,Swords Pavilions,Abbey St,Evening,5,5,0,14.75,11.916666666666668,19.436666666666667,0.4,0.4,20.0,45.0,True,4.0,6.15,8.6,2.0,3.0
8220DB000405/1 19 a | 1/1 7 c a | 0/Evening,8220DB000405,Nassau Street,53.3424816891816,-6.2556043726643,1 19 a | 1,1 7 c a | 0,19 · direction 1 → 7 · direction 0,Merrion Square,Brides Glen,Evening,9,9,0,19.5,19.453703703703702,28.53666666666667,0.6666666666666666,0.4444444444444444,30.0,59.33333333333333,True,4.0,10.95,8.55,4.0,5.0
8230DB002968/1 16D c a | 0/3 S8 a | 0/Morning,8230DB002968,Three Rock Rvrs,53.280329,-6.273569,1 16D c a | 0,3 S8 a | 0,16D · direction 0 → S8 · direction 0,Ballinteer,Dun Laoghaire,Morning,4,4,0,11.783333333333335,11.533333333333335,20.533333333333335,0.5,0.5,20.0,44.04444444444445,True,2.0,3.283333333333333,8.500000000000002,2.0,2.0
8220DB000519/1 H2 c a | 0/1 42 c a | 0/Evening,8220DB000519,North Strand FS,53.360339,-6.239535,1 H2 c a | 0,1 42 c a | 0,H2 · direction 0 → 42 · direction 0,Malahide,Portmarnock,Evening,6,6,0,16.0,14.416666666666666,18.75,0.5,0.5,25.0,53.0,True,4.0,7.5,8.5,3.0,3.0
8220DB001277/1 27A c a | 1/1 43 c a | 1/Evening,8220DB001277,Artane Rnbt,53.382681,-6.206217,1 27A c a | 1,1 43 c a | 1,27A · direction 1 → 43 · direction 1,Eden Quay,Talbot Street,Evening,5,5,0,17.75,19.2,35.6,0.6,0.4,23.5,51.333333333333336,True,10.0,9.25,8.5,3.0,2.0
8230DB002352/1 65 e | 0/1 77A c a | 0/Evening,8230DB002352,Jobstown House,53.27738,-6.39785,1 65 e | 0,1 77A c a | 0,65 · direction 0 → 77A · direction 0,"Ballyknockan, Ballymore, Blessington",Citywest,Evening,5,5,0,13.0,14.6,22.15,0.4,0.4,20.0,42.66666666666667,True,4.0,4.5,8.5,3.0,2.0
8220DB001219/1 27A c a | 1/1 43 c a | 1/Evening,8220DB001219,Danieli Road,53.381302,-6.208334,1 27A c a | 1,1 43 c a | 1,27A · direction 1 → 43 · direction 1,Eden Quay,Talbot Street,Evening,5,5,0,17.65,19.146666666666665,35.55,0.6,0.4,23.6,51.266666666666666,True,10.0,9.25,8.399999999999999,3.0,2.0
8220DB000119/2 101 d a | 1/1 16 c a | 0/Morning,8220DB000119,Whitehall Village,53.375191,-6.250766,2 101 d a | 1,1 16 c a | 0,101 · direction 1 → 16 · direction 0,Dublin,"Ballinteer, O'Connell Street",Morning,8,8,0,12.375,13.125,22.9,0.375,0.5,12.0,39.5,True,4.0,4.0,8.375,5.0,3.0
8240DB003643/3 102 d a | 0/1 42 c a | 0/Evening,8240DB003643,Yellow Walls Rd,53.451238,-6.169179,3 102 d a | 0,1 42 c a | 0,102 · direction 0 → 42 · direction 0,Sutton Station,Portmarnock,Evening,6,6,0,16.316666666666666,15.463888888888887,19.916666666666664,0.5,0.5,27.25,54.92222222222222,True,3.0,8.0,8.316666666666666,3.0,3.0
8240DB002338/3 238 d a | 0/1 38 c a | 1/Morning,8240DB002338,Waterville Row,53.3930846748805,-6.37799108182301,3 238 d a | 0,1 38 c a | 1,238 · direction 0 → 38 · direction 1,"Blanchardstown, Mulhuddart","Burlington Road, Parnell Sq",Morning,4,4,0,19.125,19.129166666666666,23.041666666666668,0.75,0.5,30.0,60.5,True,5.0,10.85,8.275,2.0,2.0
8240DB001836/3 238 d a | 0/1 38 c a | 1/Morning,8240DB001836,Aquatic Centre,53.398012,-6.371533,3 238 d a | 0,1 38 c a | 1,238 · direction 0 → 38 · direction 1,"Blanchardstown, Mulhuddart","Burlington Road, Parnell Sq",Morning,4,4,0,18.7,18.575,22.673333333333332,0.75,0.5,30.0,59.93333333333333,True,5.0,10.45,8.25,2.0,2.0
8220DB001407/1 151 c a | 0/1 74 | 0/Evening,8220DB001407,Rutland Avenue,53.331539,-6.294444,1 151 c a | 0,1 74 | 0,151 · direction 0 → 74 · direction 0,Foxborough,Dundrum,Evening,10,10,0,20.241666666666667,19.39166666666667,29.616666666666667,0.7,0.4,30.0,58.98888888888889,True,5.0,11.991666666666667,8.25,4.0,6.0
8220DB001409/1 151 c a | 0/1 74 | 0/Evening,8220DB001409,Crumlin Road,53.330367,-6.297358,1 151 c a | 0,1 74 | 0,151 · direction 0 → 74 · direction 0,Foxborough,Dundrum,Evening,10,10,0,20.125,19.275,29.5,0.7,0.4,30.0,58.83333333333333,True,5.0,11.875,8.25,4.0,6.0
8220DB000397/1 82 a | 0/1 C3 c | 0/Morning,8220DB000397,Pearse Sq,53.342786,-6.242015,1 82 a | 0,1 C3 c | 0,82 · direction 0 → C3 · direction 0,Kiltipper Way,Maynooth,Morning,9,9,0,17.75,17.22222222222222,29.05,0.6666666666666666,0.4444444444444444,29.0,56.33333333333333,True,5.0,9.5,8.25,4.0,5.0
8240DB003642/3 102 d a | 0/1 42 c a | 0/Evening,8240DB003642,Seabury,53.455126,-6.1813,3 102 d a | 0,1 42 c a | 0,102 · direction 0 → 42 · direction 0,Sutton Station,Portmarnock,Evening,6,6,0,16.75,15.933333333333332,20.533333333333335,0.5,0.5,26.216666666666665,54.81111111111112,True,3.0,8.533333333333333,8.216666666666667,3.0,3.0
8220DB000494/1 82 a | 1/1 15A c a | 0/Morning,8220DB000494,Clare Street,53.341436,-6.251682,1 82 a | 1,1 15A c a | 0,82 · direction 1 → 15A · direction 0,Sean Moore Rd,Limekiln Ave,Morning,11,11,0,15.1,13.556060606060605,20.483333333333334,0.6363636363636364,0.45454545454545453,20.0,47.103030303030295,True,2.0,6.9,8.2,5.0,6.0
8240DB003641/3 102 d a | 0/1 42 c a | 0/Evening,8240DB003641,Estuary Road,53.452725,-6.183586,3 102 d a | 0,1 42 c a | 0,102 · direction 0 → 42 · direction 0,Sutton Station,Portmarnock,Evening,6,6,0,16.7,15.891666666666666,20.53333333333333,0.5,0.5,25.916666666666668,54.544444444444444,True,3.0,8.533333333333333,8.166666666666666,3.0,3.0
8220DB000495/1 7 c a | 1/1 24 a | 0/Evening,8220DB000495,Pearse Stn,53.343591,-6.249747,1 7 c a | 1,1 24 a | 0,7 · direction 1 → 24 · direction 0,Mountjoy Square,Dublin Airport,Evening,6,6,0,15.883333333333333,15.669444444444444,20.383333333333333,0.5,0.5,20.0,49.511111111111106,True,2.0,7.808333333333334,8.075,3.0,3.0
8220DB000846/1 7B c a | 0/1 X1 a | 0/Evening,8220DB000846,Adelaide Road,53.333454,-6.254111,1 7B c a | 0,1 X1 a | 0,7B · direction 0 → X1 · direction 0,Shankill,Kilcoole,Evening,4,4,0,15.791666666666668,20.520833333333336,34.083333333333336,0.5,0.5,38.916666666666664,56.05555555555556,True,2.0,7.791666666666666,8.000000000000002,2.0,2.0
8240DB003584/3 102 d a | 0/1 42 c a | 0/Evening,8240DB003584,Hanlon's Lane,53.449855,-6.159873,3 102 d a | 0,1 42 c a | 0,102 · direction 0 → 42 · direction 0,Sutton Station,Portmarnock,Evening,6,6,0,16.5,15.791666666666666,20.5,0.5,0.5,27.75,55.5,True,3.0,8.5,8.0,3.0,3.0
8220DB001476/3 N2 a | 1/1 C4 c | 1/Morning,8220DB001476,Sarsfield Quay,53.347074,-6.284676,3 N2 a | 1,1 C4 c | 1,N2 · direction 1 → C4 · direction 1,Clontarf Station,Ringsend Road,Morning,11,11,0,14.0,14.545454545454545,21.25,0.45454545454545453,0.45454545454545453,27.875,50.88636363636364,True,4.0,6.0,8.0,4.0,7.0
8220DB000494/1 7A c a | 1/1 19 a | 0/Morning,8220DB000494,Clare Street,53.341436,-6.251682,1 7A c a | 1,1 19 a | 0,7A · direction 1 → 19 · direction 0,Mountjoy Square,Airport,Morning,5,5,0,15.0,14.7,21.25,0.4,0.4,20.0,45.33333333333333,True,2.0,7.0,8.0,2.0,3.0
8220DB000400/1 47 c a | 1/1 24 a | 0/Morning,8220DB000400,Shaw Street,53.344849,-6.25339,1 47 c a | 1,1 24 a | 0,47 · direction 1 → 24 · direction 0,Poolbeg St,Dublin Airport,Morning,5,5,0,15.0,14.2,19.2,0.4,0.4,20.0,45.33333333333333,True,7.0,7.0,8.0,3.0,2.0
8220DB000045/2 101 d a | 1/1 16 c a | 0/Morning,8220DB000045,Drumcondra Village,53.369936,-6.254107,2 101 d a | 1,1 16 c a | 0,101 · direction 1 → 16 · direction 0,Dublin,"Ballinteer, O'Connell Street",Morning,8,8,0,13.0,13.78125,23.699999999999996,0.5,0.5,12.0,40.333333333333336,True,4.0,5.0,8.0,5.0,3.0
8220DB000273/1 7A c a | 0/1 19 a | 1/Evening,8220DB000273,O'Connell Br,53.347247,-6.258819,1 7A c a | 0,1 19 a | 1,7A · direction 0 → 19 · direction 1,Loughlinstown Pk,Merrion Square,Evening,6,6,0,16.291666666666664,16.03333333333333,23.491666666666667,0.5,0.5,20.0,50.05555555555556,True,4.0,8.366666666666667,7.924999999999997,3.0,3.0
8220DB000393/1 47 c a | 1/1 C1 c | 0/Morning,8220DB000393,Tritonville Road,53.336904,-6.222375,1 47 c a | 1,1 C1 c | 0,47 · direction 1 → C1 · direction 0,Poolbeg St,Adamstown Station,Morning,6,6,0,14.625,16.375,28.375,0.5,0.5,26.125,51.91666666666667,True,4.0,6.75,7.875,3.0,3.0
8240DB003691/1 41C c a | 1/1 33 c a | 1/Morning,8240DB003691,Swords Village,53.455977,-6.221696,1 41C c a | 1,1 33 c a | 1,41C · direction 1 → 33 · direction 1,Abbey St,Abbey St,Morning,10,10,0,19.141666666666666,21.49833333333333,41.34166666666667,0.7,0.4,44.958333333333336,57.52222222222222,True,5.0,11.383333333333333,7.758333333333333,4.0,6.0
8240DB001837/3 238 d a | 0/1 38 c a | 1/Morning,8240DB001837,Corduff Crescent,53.395841,-6.375134,3 238 d a | 0,1 38 c a | 1,238 · direction 0 → 38 · direction 1,"Blanchardstown, Mulhuddart","Burlington Road, Parnell Sq",Morning,4,4,0,18.75,18.875,22.75,0.75,0.5,30.0,60.0,True,5.0,11.0,7.75,2.0,2.0
8230DB007186/1 X25 c | 0/1 C3 c | 0/Evening,8230DB007186,Lucan Spa Hotel,53.356795,-6.465258,1 X25 c | 0,1 C3 c | 0,X25 · direction 0 → C3 · direction 0,Maynooth,Maynooth,Evening,5,5,0,15.416666666666666,16.016666666666666,25.916666666666668,0.6,0.4,28.5,51.55555555555556,True,7.0,7.666666666666667,7.749999999999999,3.0,2.0
8220DB002315/1 151 c a | 0/1 74 | 0/Evening,8220DB002315,Cork Street,53.337536,-6.285239,1 151 c a | 0,1 74 | 0,151 · direction 0 → 74 · direction 0,Foxborough,Dundrum,Evening,10,10,0,18.75,19.275,30.0,0.7,0.4,30.0,57.0,True,4.0,11.125,7.625,4.0,6.0
8220DB002094/1 151 c a | 0/1 74 | 0/Evening,8220DB002094,Coombe Hospital,53.334752,-6.289751,1 151 c a | 0,1 74 | 0,151 · direction 0 → 74 · direction 0,Foxborough,Dundrum,Evening,10,10,0,18.75,19.275,30.0,0.7,0.4,30.0,57.0,True,4.0,11.125,7.625,4.0,6.0
8220DB000371/1 47 c a | 1/1 C1 c | 0/Morning,8220DB000371,Irishtown Rd,53.338613,-6.223055,1 47 c a | 1,1 C1 c | 0,47 · direction 1 → C1 · direction 0,Poolbeg St,Adamstown Station,Morning,6,6,0,14.591666666666667,16.458333333333332,28.441666666666666,0.5,0.5,25.975,51.772222222222226,True,4.0,6.966666666666667,7.625,3.0,3.0
8220DB004725/1 7A c a | 0/1 19 a | 1/Evening,8220DB004725,O'Connell St Upper,53.3521156161106,-6.26105453403108,1 7A c a | 0,1 19 a | 1,7A · direction 0 → 19 · direction 1,Loughlinstown Pk,Merrion Square,Evening,6,6,0,15.658333333333331,15.633333333333333,23.208333333333332,0.5,0.5,20.0,49.21111111111111,True,4.0,8.083333333333334,7.5749999999999975,3.0,3.0
8220DB000515/1 H2 c a | 0/1 42 c a | 0/Evening,8220DB000515,Five Lamps,53.35439,-6.2472,1 H2 c a | 0,1 42 c a | 0,H2 · direction 0 → 42 · direction 0,Malahide,Portmarnock,Evening,6,6,0,15.450000000000001,13.85277777777778,18.225,0.5,0.5,25.0,52.266666666666666,True,5.0,7.883333333333333,7.566666666666668,3.0,3.0
8220DB007586/1 39 c a | 0/1 37 c a | 0/Morning,8220DB007586,National Gallery,53.341971,-6.253222,1 39 c a | 0,1 37 c a | 0,39 · direction 0 → 37 · direction 0,Ongar,Blanchardstown SC,Morning,6,6,0,16.4,16.15277777777778,20.608333333333334,0.5,0.5,20.0,50.2,True,3.0,8.85,7.549999999999999,3.0,3.0
8220DB002314/1 151 c a | 0/1 74 | 0/Evening,8220DB002314,Weaver Park,53.33825,-6.28068,1 151 c a | 0,1 74 | 0,151 · direction 0 → 74 · direction 0,Foxborough,Dundrum,Evening,10,10,0,18.916666666666664,19.425000000000004,30.0,0.7,0.4,30.0,57.222222222222214,True,4.0,11.375,7.541666666666664,4.0,6.0
8220DB002313/1 151 c a | 0/1 74 | 0/Evening,8220DB002313,Newmarket,53.338742,-6.278478,1 151 c a | 0,1 74 | 0,151 · direction 0 → 74 · direction 0,Foxborough,Dundrum,Evening,10,10,0,19.0,19.5,30.0,0.7,0.4,30.0,57.33333333333333,True,4.0,11.5,7.5,4.0,6.0
8220DB000667/1 14 c a | 0/1 42 c a | 1/Evening,8220DB000667,Copeland Avenue,53.367982,-6.226987,1 14 c a | 0,1 42 c a | 1,14 · direction 0 → 42 · direction 1,Dundrum Luas,Talbot Street,Evening,15,15,0,17.25,15.91111111111111,25.7,0.5333333333333333,0.4,30.0,55.0,True,9.0,9.75,7.5,8.0,7.0
8220DB000494/1 7 c a | 1/1 24 a | 0/Evening,8220DB000494,Clare Street,53.341436,-6.251682,1 7 c a | 1,1 24 a | 0,7 · direction 1 → 24 · direction 0,Mountjoy Square,Dublin Airport,Evening,6,6,0,15.25,14.833333333333334,19.5,0.5,0.5,20.0,48.66666666666666,True,3.0,7.75,7.5,3.0,3.0
8250DB003203/1 7A c a | 0/3 45A d a | 1/Morning,8250DB003203,Traverslea Close,53.285221,-6.132339,1 7A c a | 0,3 45A d a | 1,7A · direction 0 → 45A · direction 1,Loughlinstown Pk,Kilmacanogue,Morning,6,6,0,14.25,13.5,19.75,0.5,0.5,20.0,47.33333333333333,True,5.0,6.75,7.5,3.0,3.0
8250DB003204/1 7A c a | 0/3 45A d a | 1/Morning,8250DB003204,Silchester Park,53.282435,-6.13414,1 7A c a | 0,3 45A d a | 1,7A · direction 0 → 45A · direction 1,Loughlinstown Pk,Kilmacanogue,Morning,6,6,0,14.25,13.541666666666666,19.875,0.5,0.5,20.0,47.33333333333333,True,5.0,6.75,7.5,3.0,3.0
8220DB001700/1 39A c a | 1/1 37 c a | 1/Evening,8220DB001700,Baggot Road,53.367709,-6.317404,1 39A c a | 1,1 37 c a | 1,39A · direction 1 → 37 · direction 1,UCD,"Bachelor's Walk, Wilton Terrace",Evening,18,18,0,14.0,14.041666666666666,20.5,0.5,0.5,20.0,47.0,True,5.0,6.5,7.5,9.0,9.0
8220DB000340/1 C3 c | 1/1 C1 c | 1/Evening,8220DB000340,Townsend Street,53.345975,-6.256017,1 C3 c | 1,1 C1 c | 1,C3 · direction 1 → C1 · direction 1,Ringsend Road,Sandymount,Evening,10,10,0,14.5,13.025,22.1,0.5,0.4,21.125,45.416666666666664,True,5.0,7.0,7.5,4.0,6.0
8230DB002359/3 W4 a | 0/1 82 a | 1/Morning,8230DB002359,Maplewood,53.28359,-6.384376,3 W4 a | 0,1 82 a | 1,W4 · direction 0 → 82 · direction 1,The Square,Sean Moore Rd,Morning,10,10,0,12.125,12.675,17.474999999999998,0.4,0.4,20.0,41.5,True,7.0,4.625,7.5,9.0,1.0
8220DB000045/1 44 c a | 0/1 19 a | 1/Morning,8220DB000045,Drumcondra Village,53.369936,-6.254107,1 44 c a | 0,1 19 a | 1,44 · direction 0 → 19 · direction 1,"Enniskerry, O'Connell Street","Merrion Square, Parnell Square",Morning,5,5,0,10.5,11.2,17.7,0.4,0.4,20.0,39.33333333333333,True,2.0,3.0,7.5,3.0,2.0
8220DB001699/1 39A c a | 1/1 37 c a | 1/Evening,8220DB001699,De Paul Pool,53.368744,-6.321315,1 39A c a | 1,1 37 c a | 1,39A · direction 1 → 37 · direction 1,UCD,"Bachelor's Walk, Wilton Terrace",Evening,18,18,0,14.05,14.025,20.395,0.5,0.5,20.0,47.06666666666666,True,5.0,6.575,7.4750000000000005,9.0,9.0
8220DB002312/1 151 c a | 0/1 74 | 0/Evening,8220DB002312,Saint Luke's Avenue,53.338879,-6.275484,1 151 c a | 0,1 74 | 0,151 · direction 0 → 74 · direction 0,Foxborough,Dundrum,Evening,10,10,0,19.166666666666664,19.695,30.15,0.7,0.4,30.0,57.55555555555556,True,4.0,11.725000000000001,7.441666666666663,4.0,6.0
8240DB003634/3 102 d a | 1/1 42 c a | 1/Morning,8240DB003634,Malahide Stn,53.450455,-6.155119,3 102 d a | 1,1 42 c a | 1,102 · direction 1 → 42 · direction 1,Dublin Airport,Talbot Street,Morning,6,6,0,14.733333333333334,13.922222222222224,19.925,0.5,0.5,30.0,54.644444444444446,True,4.0,7.299999999999999,7.433333333333335,3.0,3.0
8220DB000666/1 14 c a | 0/1 42 c a | 1/Evening,8220DB000666,Mt Temple School,53.370233,-6.224263,1 14 c a | 0,1 42 c a | 1,14 · direction 0 → 42 · direction 1,Dundrum Luas,Talbot Street,Evening,15,15,0,17.25,15.92222222222222,25.666666666666664,0.5333333333333333,0.4,30.0,55.0,True,9.0,9.833333333333334,7.416666666666666,8.0,7.0
8220DB000391/1 47 c a | 1/1 C1 c | 0/Morning,8220DB000391,St Brendan's Ctgs,53.340064,-6.223925,1 47 c a | 1,1 C1 c | 0,47 · direction 1 → C1 · direction 0,Poolbeg St,Adamstown Station,Morning,6,6,0,14.558333333333334,16.53611111111111,28.516666666666666,0.5,0.5,25.85,51.644444444444446,True,4.0,7.166666666666666,7.3916666666666675,3.0,3.0
8220DB000405/1 7A c a | 0/1 19 a | 1/Evening,8220DB000405,Nassau Street,53.3424816891816,-6.2556043726643,1 7A c a | 0,1 19 a | 1,7A · direction 0 → 19 · direction 1,Loughlinstown Pk,Merrion Square,Evening,6,6,0,15.891666666666666,15.380555555555555,22.666666666666668,0.5,0.5,20.0,49.522222222222226,True,5.0,8.5,7.391666666666666,3.0,3.0
8220DB001697/1 39A c a | 1/1 37 c a | 1/Evening,8220DB001697,Kempton,53.370801,-6.327666,1 39A c a | 1,1 37 c a | 1,39A · direction 1 → 37 · direction 1,UCD,"Bachelor's Walk, Wilton Terrace",Evening,18,18,0,14.083333333333334,14.086111111111112,20.325,0.5,0.5,20.0,47.111111111111114,True,5.0,6.7,7.383333333333334,9.0,9.0
8240DB000938/1 H1 c a | 0/1 H2 c a | 0/Evening,8240DB000938,Baldoyle Estury,53.401543,-6.130361,1 H1 c a | 0,1 H2 c a | 0,H1 · direction 0 → H2 · direction 0,Baldoyle,Malahide,Evening,12,12,0,17.25,19.5,27.95,0.5833333333333334,0.5,30.0,58.0,True,5.0,9.875,7.375,6.0,6.0
8230DB002234/1 C1 c | 1/1 C3 c | 1/Evening,8230DB002234,Lucan Retail Park,53.359336,-6.424391,1 C1 c | 1,1 C3 c | 1,C1 · direction 1 → C3 · direction 1,Sandymount,Ringsend Road,Evening,8,8,0,13.625,12.90625,21.0,0.5,0.5,29.0,52.5,True,4.0,6.25,7.375,4.0,4.0
8220DB000516/1 H2 c a | 0/1 42 c a | 0/Evening,8220DB000516,Newcomen Bridge,53.35621,-6.244942,1 H2 c a | 0,1 42 c a | 0,H2 · direction 0 → 42 · direction 0,Malahide,Portmarnock,Evening,6,6,0,15.375,13.916666666666666,18.375,0.5,0.5,25.0,52.16666666666667,True,5.0,8.0,7.375,3.0,3.0
8220DB001696/1 39A c a | 1/1 37 c a | 1/Evening,8220DB001696,Ashtown Roundabout,53.371541,-6.329831,1 39A c a | 1,1 37 c a | 1,39A · direction 1 → 37 · direction 1,UCD,"Bachelor's Walk, Wilton Terrace",Evening,18,18,0,14.125,14.125,20.325,0.5,0.5,20.0,47.16666666666666,True,5.0,6.75,7.375,9.0,9.0
8220DB001698/1 39A c a | 1/1 37 c a | 1/Evening,8220DB001698,Ashtown Grove,53.369577,-6.323717,1 39A c a | 1,1 37 c a | 1,39A · direction 1 → 37 · direction 1,UCD,"Bachelor's Walk, Wilton Terrace",Evening,18,18,0,14.0,14.01388888888889,20.325,0.5,0.5,20.0,47.0,True,5.0,6.625,7.375,9.0,9.0
8220DB000665/1 27B c a | 1/1 42 c a | 1/Morning,8220DB000665,Donnycarney Rd,53.37251,-6.22202,1 27B c a | 1,1 42 c a | 1,27B · direction 1 → 42 · direction 1,Eden Quay,Talbot Street,Morning,12,12,0,14.533333333333333,14.879166666666668,24.080000000000002,0.5,0.4166666666666667,30.0,51.87777777777778,True,9.0,7.166666666666666,7.366666666666667,8.0,4.0
8220DB007603/1 44 c a | 0/1 19 a | 1/Morning,8220DB007603,St Patrick's Campus,53.371577,-6.253183,1 44 c a | 0,1 19 a | 1,44 · direction 0 → 19 · direction 1,"Enniskerry, O'Connell Street","Merrion Square, Parnell Square",Morning,5,5,0,10.35,11.003333333333334,17.503333333333334,0.4,0.4,20.0,39.133333333333326,True,3.0,2.9833333333333334,7.366666666666666,4.0,1.0
8220DB000665/1 14 c a | 0/1 42 c a | 1/Evening,8220DB000665,Donnycarney Rd,53.37251,-6.22202,1 14 c a | 0,1 42 c a | 1,14 · direction 0 → 42 · direction 1,Dundrum Luas,Talbot Street,Evening,15,15,0,17.25,15.933333333333334,25.633333333333333,0.5333333333333333,0.4,30.0,55.0,True,9.0,9.916666666666666,7.333333333333334,8.0,7.0
8220DB000669/1 27A c a | 0/3 N2 a | 0/Evening,8220DB000669,Crescent Place,53.366317,-6.228679,1 27A c a | 0,3 N2 a | 0,27A · direction 0 → N2 · direction 0,Blunden Drive,Heuston Station,Evening,5,5,0,13.883333333333333,12.239999999999998,15.776666666666667,0.4,0.4,20.0,43.84444444444445,True,7.0,6.616666666666666,7.266666666666667,4.0,1.0
8240DB003689/1 41C c a | 1/1 33 c a | 1/Morning,8240DB003689,Swords Castle,53.458936,-6.220006,1 41C c a | 1,1 33 c a | 1,41C · direction 1 → 33 · direction 1,Abbey St,Abbey St,Morning,10,10,0,18.5,21.05,40.75,0.7,0.4,45.125,56.66666666666667,True,5.0,11.25,7.25,4.0,6.0
8220DB000664/1 27B c a | 1/1 42 c a | 1/Morning,8220DB000664,Donnycarney,53.374719,-6.219508,1 27B c a | 1,1 42 c a | 1,27B · direction 1 → 42 · direction 1,Eden Quay,Talbot Street,Morning,12,12,0,14.375,14.854166666666666,24.35,0.5,0.4166666666666667,30.0,51.66666666666667,True,9.0,7.125,7.25,8.0,4.0
8350DB004132/3 L1 a | 1/1 L12 a | 0/Evening,8350DB004132,Bray Main Street,53.202301,-6.110004,3 L1 a | 1,1 L12 a | 0,L1 · direction 1 → L12 · direction 0,Newtownmountkennedy,Ballywaltrim,Evening,6,6,0,15.25,15.0,20.0,0.5,0.5,20.0,48.66666666666666,True,3.0,8.0,7.25,3.0,3.0
8230DB006001/1 69 c a | 0/3 S8 a | 0/Morning,8230DB006001,Kingswood Ave,53.294477,-6.419399,1 69 c a | 0,3 S8 a | 0,69 · direction 0 → S8 · direction 0,Rathcoole,Dun Laoghaire,Morning,4,4,0,11.875,11.5625,17.975,0.25,0.5,20.0,44.166666666666664,True,3.0,4.625,7.25,2.0,2.0
8220DB000802/1 11 c a | 1/3 N2 a | 1/Evening,8220DB000802,Drumalee,53.3564983224928,-6.29129872279033,1 11 c a | 1,3 N2 a | 1,11 · direction 1 → N2 · direction 1,Phoenix Pk,Clontarf Station,Evening,10,10,0,12.941666666666666,11.596666666666668,16.841666666666665,0.5,0.4,20.0,42.58888888888889,True,3.0,5.741666666666667,7.199999999999999,5.0,5.0
8220DB000522/1 H2 c a | 0/1 42 c a | 0/Evening,8220DB000522,Fairview,53.363207,-6.2356,1 H2 c a | 0,1 42 c a | 0,H2 · direction 0 → 42 · direction 0,Malahide,Portmarnock,Evening,6,6,0,15.616666666666667,14.358333333333334,19.008333333333333,0.5,0.5,25.0,52.488888888888894,True,5.0,8.45,7.166666666666668,3.0,3.0
8220DB000046/1 44 c a | 0/1 19 a | 1/Morning,8220DB000046,Botanic Ave,53.367131,-6.255259,1 44 c a | 0,1 19 a | 1,44 · direction 0 → 19 · direction 1,"Enniskerry, O'Connell Street","Merrion Square, Parnell Square",Morning,5,5,0,10.4,11.276666666666667,17.793333333333333,0.4,0.4,20.0,39.2,True,2.0,3.2333333333333334,7.166666666666667,3.0,2.0
8230DB004632/3 W4 a | 1/1 C2 c | 1/Evening,8230DB004632,Ballyowen Road,53.347586,-6.424794,3 W4 a | 1,1 C2 c | 1,W4 · direction 1 → C2 · direction 1,Blanchardstown,Sandymount,Evening,10,10,0,14.625,15.7,27.75,0.3,0.5,23.5,50.166666666666664,True,5.0,7.5,7.125,5.0,5.0
8230DB005056/3 W4 a | 1/1 C2 c | 1/Evening,8230DB005056,Hermitage Clinic,53.3575214900454,-6.40279392760984,3 W4 a | 1,1 C2 c | 1,W4 · direction 1 → C2 · direction 1,Blanchardstown,Sandymount,Evening,10,10,0,15.125,16.35,28.0,0.5,0.4,23.75,48.0,True,5.0,8.0,7.125,5.0,5.0
8230DB004617/1 13 c a | 1/3 W4 a | 0/Evening,8230DB004617,Grange Castle,53.326666,-6.439452,1 13 c a | 1,3 W4 a | 0,13 · direction 1 → W4 · direction 0,Mountjoy Square,The Square,Evening,12,12,0,12.625,13.875,26.000000000000004,0.3333333333333333,0.4166666666666667,27.0,47.33333333333333,True,4.0,5.5,7.125,6.0,6.0
8220DB007883/1 C2 c | 1/1 23 a | 1/Evening,8220DB007883,Ormond Quay Upr,53.346058,-6.268496,1 C2 c | 1,1 23 a | 1,C2 · direction 1 → 23 · direction 1,Sandymount,Merrion Square,Evening,8,8,0,14.0,14.625,25.224999999999998,0.5,0.5,20.0,47.0,True,5.0,6.875,7.125,4.0,4.0
8230DB005164/3 W4 a | 1/1 C2 c | 1/Evening,8230DB005164,Fforster Green,53.350377,-6.423114,3 W4 a | 1,1 C2 c | 1,W4 · direction 1 → C2 · direction 1,Blanchardstown,Sandymount,Evening,10,10,0,14.808333333333334,15.893333333333334,27.883333333333333,0.5,0.4,23.525,47.42777777777778,True,5.0,7.7333333333333325,7.075000000000001,5.0,5.0
8230DB002236/3 W4 a | 1/1 C2 c | 1/Evening,8230DB002236,Hermitage Bridge,53.358869,-6.410857,3 W4 a | 1,1 C2 c | 1,W4 · direction 1 → C2 · direction 1,Blanchardstown,Sandymount,Evening,10,10,0,14.991666666666667,16.25,27.866666666666667,0.5,0.4,23.708333333333332,47.794444444444444,True,5.0,7.949999999999999,7.041666666666668,5.0,5.0
8220DB000842/1 7B c a | 0/1 X1 a | 0/Evening,8220DB000842,Stephen's Grn E,53.337252,-6.256313,1 7B c a | 0,1 X1 a | 0,7B · direction 0 → X1 · direction 0,Shankill,Kilcoole,Evening,4,4,0,14.983333333333334,19.983333333333334,34.00333333333334,0.5,0.5,40.0,54.977777777777774,True,3.0,7.983333333333333,7.000000000000001,2.0,2.0
8220DB001013/1 142 e a | 0/1 82 a | 0/Morning,8220DB001013,Earlsfort Trce,53.334181,-6.258346,1 142 e a | 0,1 82 a | 0,142 · direction 0 → 82 · direction 0,UCD,Kiltipper Way,Morning,5,5,0,14.583333333333334,13.973333333333333,19.643333333333334,0.4,0.4,20.0,44.77777777777777,True,8.0,7.583333333333333,7.000000000000001,3.0,2.0
8220DB002809/1 142 e a | 0/1 82 a | 0/Morning,8220DB002809,Pearse Stn,53.34306,-6.24984,1 142 e a | 0,1 82 a | 0,142 · direction 0 → 82 · direction 0,UCD,Kiltipper Way,Morning,5,5,0,14.266666666666667,13.710000000000003,19.486666666666668,0.4,0.4,20.0,44.355555555555554,True,8.0,7.266666666666667,7.000000000000001,3.0,2.0
8240DB003606/1 142 e a | 0/1 H2 c a | 1/Morning,8240DB003606,Wendell Avenue,53.434929,-6.130039,1 142 e a | 0,1 H2 c a | 1,142 · direction 0 → H2 · direction 1,UCD,Abbey St Lower,Morning,5,5,0,19.5,18.3,27.3,0.6,0.4,30.0,58.0,True,3.0,12.5,7.0,1.0,4.0
8220DB000080/2 109 d | 1/1 120 c a | 1/Morning,8220DB000080,Phibsborough Church,53.360863,-6.276054,2 109 d | 1,1 120 c a | 1,109 · direction 1 → 120 · direction 1,"Dublin, U C D Belfield","Ballsbridge, Parnell St",Morning,9,9,0,12.75,12.13888888888889,18.450000000000003,0.4444444444444444,0.4444444444444444,29.25,49.83333333333333,True,1.0,5.75,7.0,2.0,7.0
8350DB004132/3 L1 a | 1/1 L12 a | 0/Morning,8350DB004132,Bray Main Street,53.202301,-6.110004,3 L1 a | 1,1 L12 a | 0,L1 · direction 1 → L12 · direction 0,Newtownmountkennedy,Ballywaltrim,Morning,6,6,0,14.75,14.833333333333334,20.0,0.5,0.5,20.0,48.0,True,3.0,7.75,7.0,3.0,3.0
8350DB004170/3 L1 a | 1/1 L12 a | 0/Morning,8350DB004170,Methodist Church,53.203483770052,-6.10697299154272,3 L1 a | 1,1 L12 a | 0,L1 · direction 1 → L12 · direction 0,Newtownmountkennedy,Ballywaltrim,Morning,6,6,0,14.375,14.375,19.5,0.5,0.5,20.0,47.5,True,3.0,7.375,7.0,3.0,3.0
8250DB002040/3 L27 a | 0/3 45A d a | 1/Morning,8250DB002040,Dun Laoghaire SC,53.292791187827,-6.13536904926552,3 L27 a | 0,3 45A d a | 1,L27 · direction 0 → 45A · direction 1,Leopardstown Valley,Kilmacanogue,Morning,6,6,0,14.0,14.0,19.0,0.5,0.5,20.0,47.0,True,3.0,7.0,7.0,3.0,3.0
8230DB002359/3 W6 a | 0/3 W4 a | 0/Morning,8230DB002359,Maplewood,53.28359,-6.384376,3 W6 a | 0,3 W4 a | 0,W6 · direction 0 → W4 · direction 0,The Square,The Square,Morning,5,5,0,13.0,10.4,16.2,0.2,0.4,26.0,46.66666666666667,True,3.0,6.0,7.0,2.0,3.0
8230DB002360/3 W6 a | 0/3 W4 a | 0/Morning,8230DB002360,Alderwood,53.284695,-6.379685,3 W6 a | 0,3 W4 a | 0,W6 · direction 0 → W4 · direction 0,The Square,The Square,Morning,5,5,0,13.0,10.6,16.2,0.2,0.4,26.0,46.66666666666667,True,3.0,6.0,7.0,2.0,3.0
8250DB003205/1 7A c a | 0/3 45A d a | 1/Morning,8250DB003205,Sallynoggin Road,53.279391,-6.137197,1 7A c a | 0,3 45A d a | 1,7A · direction 0 → 45A · direction 1,Loughlinstown Pk,Kilmacanogue,Morning,6,6,0,13.75,13.291666666666666,19.625,0.5,0.5,20.0,46.66666666666666,True,5.0,6.75,7.0,3.0,3.0
8220DB001076/1 142 e a | 0/1 82 a | 0/Morning,8220DB001076,Swan Shop Cntr,53.323131,-6.265491,1 142 e a | 0,1 82 a | 0,142 · direction 0 → 82 · direction 0,UCD,Kiltipper Way,Morning,5,5,0,14.9,13.353333333333333,18.456666666666667,0.4,0.4,20.0,45.2,True,8.0,7.9,7.0,3.0,2.0
8220DB002810/1 142 e a | 0/1 82 a | 0/Morning,8220DB002810,Clare Street,53.340795,-6.250897,1 142 e a | 0,1 82 a | 0,142 · direction 0 → 82 · direction 0,UCD,Kiltipper Way,Morning,5,5,0,14.5,13.8,19.5,0.4,0.4,20.0,44.666666666666664,True,8.0,7.5,7.0,3.0,2.0
8220DB001020/1 142 e a | 0/1 82 a | 0/Morning,8220DB001020,Rathmines,53.32508,-6.26508,1 142 e a | 0,1 82 a | 0,142 · direction 0 → 82 · direction 0,UCD,Kiltipper Way,Morning,5,5,0,14.5,13.170000000000002,18.38,0.4,0.4,20.0,44.666666666666664,True,8.0,7.5,7.0,3.0,2.0
8220DB001018/1 142 e a | 0/1 82 a | 0/Morning,8220DB001018,Cathal Brugha Brrks,53.327585,-6.26465,1 142 e a | 0,1 82 a | 0,142 · direction 0 → 82 · direction 0,UCD,Kiltipper Way,Morning,5,5,0,14.0,12.95,18.3,0.4,0.4,20.0,44.0,True,8.0,7.0,7.0,3.0,2.0
8220DB000340/1 77A c a | 1/1 15A c a | 1/Evening,8220DB000340,Townsend Street,53.345975,-6.256017,1 77A c a | 1,1 15A c a | 1,77A · direction 1 → 15A · direction 1,Ringsend Road,Merrion Square,Evening,12,12,0,12.75,13.729166666666666,20.75,0.4166666666666667,0.4166666666666667,20.0,42.83333333333333,True,5.0,5.75,7.0,8.0,4.0
8220DB000350/1 77A c a | 1/1 15A c a | 1/Evening,8220DB000350,Lombard Street East,53.345632,-6.249768,1 77A c a | 1,1 15A c a | 1,77A · direction 1 → 15A · direction 1,Ringsend Road,Merrion Square,Evening,12,12,0,12.75,13.833333333333334,20.75,0.4166666666666667,0.4166666666666667,20.0,42.83333333333333,True,5.0,5.75,7.0,8.0,4.0
8230DB002574/1 65 e | 0/1 77A c a | 0/Evening,8230DB002574,De Selby Estate,53.2745607514054,-6.41073197519198,1 65 e | 0,1 77A c a | 0,65 · direction 0 → 77A · direction 0,"Ballyknockan, Ballymore, Blessington",Citywest,Evening,5,5,0,12.5,14.25,21.9,0.4,0.4,20.0,42.0,True,5.0,5.5,7.0,3.0,2.0
8220DB001019/1 142 e a | 0/1 82 a | 0/Morning,8220DB001019,Military Road,53.32643,-6.26483,1 142 e a | 0,1 82 a | 0,142 · direction 0 → 82 · direction 0,UCD,Kiltipper Way,Morning,5,5,0,14.233333333333333,13.046666666666667,18.333333333333332,0.4,0.4,20.0,44.3111111111111,True,8.0,7.233333333333333,6.999999999999999,3.0,2.0
8220DB001015/1 142 e a | 0/1 82 a | 0/Morning,8220DB001015,Harcourt Street,53.33273,-6.259966,1 142 e a | 0,1 82 a | 0,142 · direction 0 → 82 · direction 0,UCD,Kiltipper Way,Morning,5,5,0,14.2,13.61,19.273333333333333,0.4,0.4,20.0,44.266666666666666,True,8.0,7.2,6.999999999999999,3.0,2.0
8220DB004495/1 33X c a | 1/1 150 c a | 0/Morning,8220DB004495,Hawkins Street,53.346493,-6.257033,1 33X c a | 1,1 150 c a | 0,33X · direction 1 → 150 · direction 0,Merrion Square W,Limekiln Avenue,Morning,5,5,0,14.166666666666666,13.216666666666669,17.866666666666667,0.4,0.4,20.0,44.22222222222222,True,8.0,7.166666666666667,6.999999999999999,4.0,1.0
8250DB003206/1 7A c a | 0/3 45A d a | 1/Morning,8250DB003206,Honey Park,53.278232,-6.139542,1 7A c a | 0,3 45A d a | 1,7A · direction 0 → 45A · direction 1,Loughlinstown Pk,Kilmacanogue,Morning,6,6,0,13.983333333333333,13.552777777777777,19.90833333333333,0.5,0.5,20.0,46.977777777777774,True,5.0,6.983333333333334,6.999999999999998,3.0,3.0
8230DB004601/1 C2 c | 0/3 W4 a | 0/Morning,8230DB004601,Ballyowen Park,53.355756,-6.422089,1 C2 c | 0,3 W4 a | 0,C2 · direction 0 → W4 · direction 0,Adamstown Station,The Square,Morning,8,8,0,13.325,16.041666666666664,28.011666666666667,0.5,0.5,28.0,51.43333333333334,True,4.0,6.333333333333334,6.991666666666665,4.0,4.0
8230DB004633/3 W4 a | 1/1 C2 c | 1/Evening,8230DB004633,Ballyowen Park,53.354980161821,-6.4218776425824,3 W4 a | 1,1 C2 c | 1,W4 · direction 1 → C2 · direction 1,Blanchardstown,Sandymount,Evening,10,10,0,14.733333333333334,16.03666666666667,27.716666666666665,0.5,0.4,23.566666666666666,47.355555555555554,True,5.0,7.75,6.983333333333334,5.0,5.0
8230DB002573/1 65 e | 0/1 77A c a | 0/Evening,8230DB002573,Kiltalown Cottages,53.2742753736041,-6.40685901933231,1 65 e | 0,1 77A c a | 0,65 · direction 0 → 77A · direction 0,"Ballyknockan, Ballymore, Blessington",Citywest,Evening,5,5,0,12.783333333333333,14.643333333333334,22.299999999999997,0.4,0.4,20.0,42.37777777777778,True,5.0,5.85,6.933333333333334,3.0,2.0
8220DB000381/1 47 c a | 1/1 C1 c | 0/Morning,8220DB000381,St John's Church,53.3243237661065,-6.21237419337667,1 47 c a | 1,1 C1 c | 0,47 · direction 1 → C1 · direction 0,Poolbeg St,Adamstown Station,Morning,6,6,0,13.875,15.791666666666666,28.5,0.3333333333333333,0.5,26.5,51.166666666666664,True,2.0,7.0,6.875,2.0,4.0
8230DB002234/3 W4 a | 1/1 C2 c | 1/Evening,8230DB002234,Lucan Retail Park,53.359336,-6.424391,3 W4 a | 1,1 C2 c | 1,W4 · direction 1 → C2 · direction 1,Blanchardstown,Sandymount,Evening,10,10,0,15.125,16.05,27.9,0.5,0.4,23.625,47.916666666666664,True,5.0,8.25,6.875,5.0,5.0
8350DB004168/1 L14 a | 1/3 45A d a | 1/Evening,8350DB004168,Bray Station,53.20438,-6.10099,1 L14 a | 1,3 45A d a | 1,L14 · direction 1 → 45A · direction 1,Cherrywood,Kilmacanogue,Evening,6,6,0,14.125,13.833333333333334,19.25,0.5,0.5,21.0,47.83333333333333,True,4.0,7.25,6.875,3.0,3.0
8350DB004170/3 L1 a | 1/1 L12 a | 0/Evening,8350DB004170,Methodist Church,53.203483770052,-6.10697299154272,3 L1 a | 1,1 L12 a | 0,L1 · direction 1 → L12 · direction 0,Newtownmountkennedy,Ballywaltrim,Evening,6,6,0,14.5,14.583333333333334,19.625,0.5,0.5,20.0,47.66666666666666,True,3.0,7.625,6.875,3.0,3.0
8220DB000389/1 47 c a | 1/1 C1 c | 0/Morning,8220DB000389,Star of the Sea,53.33529,-6.219634,1 47 c a | 1,1 C1 c | 0,47 · direction 1 → C1 · direction 0,Poolbeg St,Adamstown Station,Morning,6,6,0,14.425,16.241666666666664,28.4,0.5,0.5,26.233333333333334,51.72222222222223,True,5.0,7.666666666666666,6.758333333333335,3.0,3.0
8220DB000047/1 44 c a | 0/1 19 a | 1/Morning,8220DB000047,Archbishop's House,53.363916,-6.257298,1 44 c a | 0,1 19 a | 1,44 · direction 0 → 19 · direction 1,"Enniskerry, O'Connell Street","Merrion Square, Parnell Square",Morning,5,5,0,10.25,11.35,17.9,0.4,0.4,20.0,39.0,True,2.0,3.5,6.75,3.0,2.0
8230DB001111/1 F2 a | 1/1 15A c a | 1/Evening,8230DB001111,Wellington Road,53.305281,-6.322125,1 F2 a | 1,1 15A c a | 1,F2 · direction 1 → 15A · direction 1,Charlestown,Merrion Square,Evening,12,12,0,13.975,12.9125,18.606666666666666,0.4166666666666667,0.4166666666666667,20.0,44.46666666666667,True,4.0,7.233333333333333,6.741666666666666,4.0,8.0
8230DB004435/1 77A c a | 1/1 82 a | 1/Evening,8230DB004435,Tallaght Village,53.288843,-6.363568,1 77A c a | 1,1 82 a | 1,77A · direction 1 → 82 · direction 1,Ringsend Road,Sean Moore Rd,Evening,12,12,0,13.808333333333334,12.683333333333332,19.37666666666667,0.5,0.4166666666666667,20.0,44.24444444444444,True,3.0,7.075,6.733333333333333,4.0,8.0
8220DB000388/1 47 c a | 1/1 C1 c | 0/Morning,8220DB000388,Farney Park,53.334509,-6.21848,1 47 c a | 1,1 C1 c | 0,47 · direction 1 → C1 · direction 0,Poolbeg St,Adamstown Station,Morning,6,6,0,14.341666666666667,16.17222222222222,28.391666666666666,0.5,0.5,26.275,51.638888888888886,True,5.0,7.616666666666667,6.725,3.0,3.0
8220DB000044/1 44 c a | 0/1 19 a | 1/Morning,8220DB000044,Home Farm Rd East,53.373017,-6.252132,1 44 c a | 0,1 19 a | 1,44 · direction 0 → 19 · direction 1,"Enniskerry, O'Connell Street","Merrion Square, Parnell Square",Morning,5,5,0,10.2,10.819999999999999,17.32,0.4,0.4,20.0,38.93333333333333,True,3.0,3.5,6.699999999999999,3.0,2.0
8220DB007741/1 47 c a | 1/1 C1 c | 0/Morning,8220DB007741,Gilford Road,53.32936,-6.21494,1 47 c a | 1,1 C1 c | 0,47 · direction 1 → C1 · direction 0,Poolbeg St,Adamstown Station,Morning,6,6,0,13.850000000000001,15.644444444444444,28.058333333333334,0.5,0.5,26.375,51.05,True,5.0,7.183333333333334,6.666666666666668,3.0,3.0
8220DB000494/1 X27 d | 0/1 19 a | 0/Evening,8220DB000494,Clare Street,53.341436,-6.251682,1 X27 d | 0,1 19 a | 0,X27 · direction 0 → 19 · direction 0,Salesian College,Airport,Evening,4,4,0,10.791666666666668,10.979166666666666,19.616666666666667,0.5,0.5,20.0,42.72222222222223,True,3.0,4.166666666666667,6.625000000000001,2.0,2.0
8220DB000387/1 47 c a | 1/1 C1 c | 0/Morning,8220DB000387,Sandymount,53.332499,-6.215741,1 47 c a | 1,1 C1 c | 0,47 · direction 1 → C1 · direction 0,Poolbeg St,Adamstown Station,Morning,6,6,0,14.125,16.0,28.375,0.5,0.5,26.375,51.41666666666666,True,5.0,7.5,6.625,3.0,3.0
8220DB001997/1 S2 | 1/1 13 c a | 1/Evening,8220DB001997,Watling Street,53.34364,-6.28542,1 S2 | 1,1 13 c a | 1,S2 · direction 1 → 13 · direction 1,Heuston Station,Mountjoy Square,Evening,12,12,0,10.5,10.5625,15.9,0.16666666666666666,0.4166666666666667,12.0,34.5,True,2.0,3.875,6.625,6.0,6.0
8220DB000005/1 7A c a | 1/1 7B c a | 1/Morning,8220DB000005,Parnell Square West,53.3525736395204,-6.26411543286632,1 7A c a | 1,1 7B c a | 1,7A · direction 1 → 7B · direction 1,Mountjoy Square,Mountjoy Square,Morning,5,5,0,24.233333333333334,31.986666666666668,53.233333333333334,0.8,0.4,25.0,60.977777777777774,True,4.0,17.616666666666667,6.616666666666667,2.0,3.0
8220DB007740/1 47 c a | 1/1 C1 c | 0/Morning,8220DB007740,Park Avenue,53.32777,-6.21473,1 47 c a | 1,1 C1 c | 0,47 · direction 1 → C1 · direction 0,Poolbeg St,Adamstown Station,Morning,6,6,0,13.858333333333334,15.691666666666668,28.200000000000003,0.5,0.5,26.416666666666668,51.088888888888896,True,5.0,7.283333333333333,6.575000000000001,3.0,3.0
8220DB001934/1 150 c a | 0/1 77A c a | 0/Morning,8220DB001934,Dame Street,53.344118,-6.265525,1 150 c a | 0,1 77A c a | 0,150 · direction 0 → 77A · direction 0,Limekiln Avenue,Citywest,Morning,10,10,0,15.066666666666666,15.02,19.426666666666666,0.5,0.4,20.0,45.42222222222222,True,8.0,8.491666666666667,6.574999999999999,6.0,4.0
8220DB007588/1 39 c a | 0/1 37 c a | 0/Morning,8220DB007588,Pearse Street,53.344985,-6.254075,1 39 c a | 0,1 37 c a | 0,39 · direction 0 → 37 · direction 0,Ongar,Blanchardstown SC,Morning,6,6,0,16.041666666666668,16.002777777777776,19.78333333333333,0.5,0.5,20.0,49.722222222222214,True,10.0,9.483333333333334,6.558333333333334,4.0,2.0
8220DB000616/1 14 c a | 0/1 42 c a | 1/Evening,8220DB000616,North Strand FS,53.359845,-6.239555,1 14 c a | 0,1 42 c a | 1,14 · direction 0 → 42 · direction 1,Dundrum Luas,Talbot Street,Evening,15,15,0,16.75,15.627777777777776,25.599999999999998,0.5333333333333333,0.4,30.0,54.333333333333336,True,10.0,10.25,6.5,8.0,7.0
8250DB003212/1 7A c a | 0/3 45A d a | 1/Morning,8250DB003212,Granitefield,53.269115,-6.139923,1 7A c a | 0,3 45A d a | 1,7A · direction 0 → 45A · direction 1,Loughlinstown Pk,Kilmacanogue,Morning,6,6,0,14.366666666666667,14.288888888888891,20.758333333333333,0.5,0.5,20.0,47.488888888888894,True,5.0,7.866666666666667,6.5,3.0,3.0
8350DB004149/3 L1 a | 0/3 45A d a | 0/Evening,8350DB004149,Lauderdale Terrace,53.1935632830315,-6.10658697988642,3 L1 a | 0,3 45A d a | 0,L1 · direction 0 → 45A · direction 0,Bray Station,Dun Laoghaire,Evening,6,6,0,13.5,13.0,18.5,0.5,0.5,20.0,46.33333333333333,True,4.0,7.0,6.5,3.0,3.0
8220DB001702/1 39 c a | 1/1 37 c a | 1/Evening,8220DB001702,Roosevelt Cottages,53.365611,-6.310138,1 39 c a | 1,1 37 c a | 1,39 · direction 1 → 37 · direction 1,Burlington Road,"Bachelor's Walk, Wilton Terrace",Evening,6,6,0,13.125,13.083333333333334,18.875,0.5,0.5,20.0,45.83333333333333,True,4.0,6.625,6.5,3.0,3.0
8250DB002041/3 L27 a | 0/3 S8 a | 1/Evening,8250DB002041,St Michael's Hosp,53.2935976049825,-6.13923437692805,3 L27 a | 0,3 S8 a | 1,L27 · direction 0 → S8 · direction 1,Leopardstown Valley,Citywest,Evening,6,6,0,12.5,12.5,19.5,0.5,0.5,20.0,45.0,True,3.0,6.0,6.5,3.0,3.0
8220DB001443/1 39 c a | 0/1 24 a | 0/Evening,8220DB001443,Wood Quay,53.345129,-6.26954,1 39 c a | 0,1 24 a | 0,39 · direction 0 → 24 · direction 0,Ongar,Dublin Airport,Evening,9,9,0,13.25,14.5,20.85,0.4444444444444444,0.4444444444444444,20.0,44.33333333333333,True,6.0,6.75,6.5,5.0,4.0
8250DB002040/3 L27 a | 0/3 S8 a | 1/Evening,8250DB002040,Dun Laoghaire SC,53.292791187827,-6.13536904926552,3 L27 a | 0,3 S8 a | 1,L27 · direction 0 → S8 · direction 1,Leopardstown Valley,Citywest,Evening,6,6,0,12.0,12.0,19.0,0.3333333333333333,0.5,20.0,44.33333333333333,True,3.0,5.5,6.5,3.0,3.0
8220DB007578/1 14 c a | 1/1 15A c a | 1/Evening,8220DB007578,S Great George's St,53.34246,-6.264601,1 14 c a | 1,1 15A c a | 1,14 · direction 1 → 15A · direction 1,Beaumont,Merrion Square,Evening,17,17,0,12.75,14.073529411764707,20.95,0.47058823529411764,0.4117647058823529,20.0,42.68627450980392,True,5.0,6.25,6.5,9.0,8.0
8220DB007582/1 14 c a | 1/1 15A c a | 1/Evening,8220DB007582,College Green,53.344322,-6.262228,1 14 c a | 1,1 15A c a | 1,14 · direction 1 → 15A · direction 1,Beaumont,Merrion Square,Evening,17,17,0,12.65,13.973529411764705,20.849999999999998,0.47058823529411764,0.4117647058823529,20.0,42.55294117647058,True,5.0,6.15,6.5,9.0,8.0
8220DB001701/1 39 c a | 1/1 37 c a | 1/Evening,8220DB001701,St Mary's Convent,53.366567,-6.31294,1 39 c a | 1,1 37 c a | 1,39 · direction 1 → 37 · direction 1,Burlington Road,"Bachelor's Walk, Wilton Terrace",Evening,6,6,0,13.125,13.1,18.875,0.5,0.5,20.0,45.83333333333333,True,4.0,6.675,6.45,3.0,3.0
8240DB003679/3 33A d a | 0/1 41 c a | 0/Morning,8240DB003679,Swords Castle,53.459082,-6.220136,3 33A d a | 0,1 41 c a | 0,33A · direction 0 → 41 · direction 0,"Balbriggan, Skerries",Swords Manor,Morning,4,4,0,14.0,14.3125,19.875,0.5,0.5,20.0,47.0,True,3.0,7.625,6.375,2.0,2.0
8220DB001700/1 39 c a | 1/1 37 c a | 1/Evening,8220DB001700,Baggot Road,53.367709,-6.317404,1 39 c a | 1,1 37 c a | 1,39 · direction 1 → 37 · direction 1,Burlington Road,"Bachelor's Walk, Wilton Terrace",Evening,6,6,0,13.125,13.125,18.875,0.5,0.5,20.0,45.83333333333333,True,4.0,6.75,6.375,3.0,3.0
8220DB000668/1 14 c a | 0/1 42 c a | 1/Evening,8220DB000668,Marino Mart,53.364633,-6.229263,1 14 c a | 0,1 42 c a | 1,14 · direction 0 → 42 · direction 1,Dundrum Luas,Talbot Street,Evening,15,15,0,16.983333333333334,15.77777777777778,25.566666666666666,0.5333333333333333,0.4,30.0,54.644444444444446,True,10.0,10.616666666666667,6.366666666666667,8.0,7.0
8220DB007587/1 39 c a | 0/1 37 c a | 0/Morning,8220DB007587,Shaw Street,53.344458,-6.251228,1 39 c a | 0,1 37 c a | 0,39 · direction 0 → 37 · direction 0,Ongar,Blanchardstown SC,Morning,6,6,0,16.03333333333333,16.038888888888888,19.991666666666667,0.5,0.5,20.0,49.71111111111111,True,10.0,9.716666666666667,6.316666666666665,4.0,2.0
8220DB000273/1 19 a | 1/1 7 c a | 0/Evening,8220DB000273,O'Connell Br,53.347247,-6.258819,1 19 a | 1,1 7 c a | 0,19 · direction 1 → 7 · direction 0,Merrion Square,Brides Glen,Evening,9,9,0,18.25,18.701851851851853,28.07333333333333,0.6666666666666666,0.4444444444444444,30.0,57.666666666666664,True,5.0,11.966666666666667,6.283333333333333,4.0,5.0
8240DB004339/3 102 d a | 1/1 42 c a | 1/Morning,8240DB004339,Estuary Road,53.452687,-6.183452,3 102 d a | 1,1 42 c a | 1,102 · direction 1 → 42 · direction 1,Dublin Airport,Talbot Street,Morning,7,7,0,13.266666666666667,12.242857142857142,19.066666666666666,0.42857142857142855,0.42857142857142855,30.0,50.546031746031744,True,5.0,7.016666666666667,6.250000000000001,3.0,4.0
8240DB003607/1 142 e a | 0/1 H2 c a | 1/Morning,8240DB003607,Redfern Ave,53.434901,-6.136287,1 142 e a | 0,1 H2 c a | 1,142 · direction 0 → H2 · direction 1,UCD,Abbey St Lower,Morning,5,5,0,19.2,18.1,27.1,0.6,0.4,30.0,57.6,True,4.0,12.95,6.25,2.0,3.0
8220DB000614/1 14 c a | 0/1 42 c a | 1/Evening,8220DB000614,Fairview,53.363284,-6.234544,1 14 c a | 0,1 42 c a | 1,14 · direction 0 → 42 · direction 1,Dundrum Luas,Talbot Street,Evening,15,15,0,16.75,15.66111111111111,25.45,0.5333333333333333,0.4,30.0,54.333333333333336,True,10.0,10.5,6.25,8.0,7.0
8230DB007186/1 X25 c | 0/1 C4 c | 0/Evening,8230DB007186,Lucan Spa Hotel,53.356795,-6.465258,1 X25 c | 0,1 C4 c | 0,X25 · direction 0 → C4 · direction 0,Maynooth,Maynooth,Evening,5,5,0,15.166666666666666,17.96666666666667,25.116666666666667,0.6,0.4,28.0,50.888888888888886,True,8.0,8.916666666666666,6.25,3.0,2.0
8220DB001443/1 39A c a | 0/1 24 a | 0/Morning,8220DB001443,Wood Quay,53.345129,-6.26954,1 39A c a | 0,1 24 a | 0,39A · direction 0 → 24 · direction 0,Ongar,Dublin Airport,Morning,14,14,0,14.5,14.357142857142858,19.75,0.5,0.5,20.0,47.66666666666666,True,4.0,8.25,6.25,7.0,7.0
8220DB001699/1 39 c a | 1/1 37 c a | 1/Evening,8220DB001699,De Paul Pool,53.368744,-6.321315,1 39 c a | 1,1 37 c a | 1,39 · direction 1 → 37 · direction 1,Burlington Road,"Bachelor's Walk, Wilton Terrace",Evening,6,6,0,13.05,13.125,18.875,0.5,0.5,20.0,45.733333333333334,True,4.0,6.825,6.2250000000000005,3.0,3.0
8220DB001698/1 39 c a | 1/1 37 c a | 1/Evening,8220DB001698,Ashtown Grove,53.369577,-6.323717,1 39 c a | 1,1 37 c a | 1,39 · direction 1 → 37 · direction 1,Burlington Road,"Bachelor's Walk, Wilton Terrace",Evening,6,6,0,13.0,13.125,18.875,0.5,0.5,20.0,45.66666666666667,True,4.0,6.875,6.125,3.0,3.0
8220DB001697/1 39 c a | 1/1 37 c a | 1/Evening,8220DB001697,Kempton,53.370801,-6.327666,1 39 c a | 1,1 37 c a | 1,39 · direction 1 → 37 · direction 1,Burlington Road,"Bachelor's Walk, Wilton Terrace",Evening,6,6,0,13.166666666666668,13.316666666666665,19.041666666666668,0.5,0.5,20.0,45.888888888888886,True,4.0,7.116666666666666,6.050000000000002,3.0,3.0
8220DB004725/1 19 a | 1/1 7 c a | 0/Evening,8220DB004725,O'Connell St Upper,53.3521156161106,-6.26105453403108,1 19 a | 1,1 7 c a | 0,19 · direction 1 → 7 · direction 0,Merrion Square,Brides Glen,Evening,9,9,0,18.416666666666668,19.005555555555556,28.346666666666668,0.6666666666666666,0.4444444444444444,30.0,57.888888888888886,True,4.0,12.416666666666666,6.000000000000002,3.0,6.0
8220DB000848/1 7B c a | 0/1 X1 a | 0/Evening,8220DB000848,Sussex Road,53.3297279908157,-6.24888799835488,1 7B c a | 0,1 X1 a | 0,7B · direction 0 → X1 · direction 0,Shankill,Kilcoole,Evening,4,4,0,13.558333333333334,17.975,31.075000000000003,0.5,0.5,37.666666666666664,53.077777777777776,True,4.0,7.558333333333334,6.0,2.0,2.0
8220DB007732/1 X25 c | 0/1 C4 c | 0/Evening,8220DB007732,Tara Street,53.347221,-6.255171,1 X25 c | 0,1 C4 c | 0,X25 · direction 0 → C4 · direction 0,Maynooth,Maynooth,Evening,5,5,0,12.033333333333333,15.753333333333334,25.200000000000003,0.4,0.4,29.483333333333334,47.7,True,9.0,6.033333333333333,6.0,4.0,1.0
8220DB001696/1 39 c a | 1/1 37 c a | 1/Evening,8220DB001696,Ashtown Roundabout,53.371541,-6.329831,1 39 c a | 1,1 37 c a | 1,39 · direction 1 → 37 · direction 1,Burlington Road,"Bachelor's Walk, Wilton Terrace",Evening,6,6,0,13.25,13.416666666666666,19.125,0.5,0.5,20.0,46.0,True,4.0,7.25,6.0,3.0,3.0
8240B101281/2 105 c a | 0/2 NX c a | 0/Evening,8240B101281,Blanchardstown N3,53.39576,-6.39119,2 105 c a | 0,2 NX c a | 0,105 · direction 0 → NX · direction 0,"Ashbourne, Drogheda",Navan Park & Ride,Evening,6,6,0,12.0,11.666666666666666,17.5,0.5,0.5,20.0,44.33333333333333,True,5.0,6.0,6.0,3.0,3.0
8220DB002313/1 151 c a | 0/1 77A c a | 0/Morning,8220DB002313,Newmarket,53.338742,-6.278478,1 151 c a | 0,1 77A c a | 0,151 · direction 0 → 77A · direction 0,Foxborough,Citywest,Morning,9,9,0,13.0,15.527777777777779,21.8,0.4444444444444444,0.4444444444444444,20.0,44.0,True,1.0,7.0,6.0,4.0,5.0
8220DB001016/1 142 e a | 0/1 82 a | 0/Morning,8220DB001016,Richmond St South,53.33084,-6.26433,1 142 e a | 0,1 82 a | 0,142 · direction 0 → 82 · direction 0,UCD,Kiltipper Way,Morning,5,5,0,13.5,12.95,18.6,0.4,0.4,20.0,43.33333333333333,True,9.0,7.5,6.0,3.0,2.0
8220DB000261/1 11 c a | 0/1 13 c a | 0/Morning,8220DB000261,Parnell Sq East,53.354056,-6.262853,1 11 c a | 0,1 13 c a | 0,11 · direction 0 → 13 · direction 0,"O'Connell St Lower, Sandyford B.D.",Grange Castle,Morning,11,11,0,10.5,11.181818181818182,15.5,0.45454545454545453,0.45454545454545453,12.0,35.63636363636364,True,4.0,4.5,6.0,7.0,4.0
8220DB001017/1 142 e a | 0/1 82 a | 0/Morning,8220DB001017,Grove Park,53.329369,-6.264322,1 142 e a | 0,1 82 a | 0,142 · direction 0 → 82 · direction 0,UCD,Kiltipper Way,Morning,5,5,0,13.733333333333333,12.946666666666667,18.45,0.4,0.4,20.0,43.644444444444446,True,9.0,7.733333333333333,5.999999999999999,3.0,2.0
8220DB004495/1 15 c a | 0/1 151 c a | 0/Evening,8220DB004495,Hawkins Street,53.346493,-6.257033,1 15 c a | 0,1 151 c a | 0,15 · direction 0 → 151 · direction 0,Ballycullen Road,Foxborough,Evening,19,19,0,10.683333333333334,13.943859649122807,19.6,0.42105263157894735,0.42105263157894735,20.0,40.20935672514619,True,4.0,4.75,5.933333333333334,10.0,9.0
8220DB000270/1 F3 a | 0/1 16 c a | 0/Morning,8220DB000270,O'Connell St Upr,53.350623,-6.260424,1 F3 a | 0,1 16 c a | 0,F3 · direction 0 → 16 · direction 0,Limekiln Avenue,"Ballinteer, O'Connell Street",Morning,12,12,0,14.25,13.416666666666666,20.45,0.5,0.4166666666666667,12.0,39.5,True,2.0,8.375,5.875,3.0,9.0
8220DB001221/1 27B c a | 1/1 42 c a | 1/Morning,8220DB001221,Elm Mt Rd,53.376816,-6.216098,1 27B c a | 1,1 42 c a | 1,27B · direction 1 → 42 · direction 1,Eden Quay,Talbot Street,Morning,12,12,0,13.933333333333334,14.634722222222223,24.616666666666667,0.5,0.4166666666666667,30.0,51.077777777777776,True,10.0,8.125,5.808333333333334,8.0,4.0
8220DB000353/1 77A c a | 1/1 C4 c | 1/Morning,8220DB000353,Grnd Canal Quay,53.34263,-6.2396,1 77A c a | 1,1 C4 c | 1,77A · direction 1 → C4 · direction 1,Ringsend Road,Ringsend Road,Morning,9,9,0,15.75,14.694444444444445,20.550000000000004,0.5555555555555556,0.4444444444444444,28.625,53.416666666666664,True,5.0,10.0,5.75,4.0,5.0
8220DB002721/1 X25 c | 0/1 C4 c | 0/Evening,8220DB002721,South Circular Road,53.3432718551658,-6.31051108491761,1 X25 c | 0,1 C4 c | 0,X25 · direction 0 → C4 · direction 0,Maynooth,Maynooth,Evening,5,5,0,14.083333333333334,16.48333333333333,23.983333333333334,0.4,0.4,28.5,49.77777777777778,True,9.0,8.333333333333334,5.75,3.0,2.0
8220DB000400/1 47 c a | 1/1 24 a | 0/Evening,8220DB000400,Shaw Street,53.344849,-6.25339,1 47 c a | 1,1 24 a | 0,47 · direction 1 → 24 · direction 0,Poolbeg St,Dublin Airport,Evening,4,4,0,11.875,11.8125,18.8,0.5,0.5,20.0,44.166666666666664,True,1.0,6.125,5.75,1.0,3.0
8220DB000352/1 77A c a | 1/1 C4 c | 1/Morning,8220DB000352,Pearse Sq,53.342989,-6.242412,1 77A c a | 1,1 C4 c | 1,77A · direction 1 → C4 · direction 1,Ringsend Road,Ringsend Road,Morning,9,9,0,15.5,14.372222222222225,20.373333333333335,0.5555555555555556,0.4444444444444444,28.625,53.083333333333336,True,5.0,9.866666666666667,5.633333333333333,4.0,5.0
8220DB000400/1 23 a | 0/1 7 c a | 1/Evening,8220DB000400,Shaw Street,53.344849,-6.25339,1 23 a | 0,1 7 c a | 1,23 · direction 0 → 7 · direction 1,Charlestown,Mountjoy Square,Evening,10,10,0,18.208333333333332,19.37833333333333,28.756666666666664,0.7,0.4,30.0,56.27777777777777,True,4.0,12.691666666666666,5.516666666666666,3.0,7.0
8350DB004135/3 L2 a | 1/3 45A d a | 1/Evening,8350DB004135,Lauderdale Terrace,53.194646382776,-6.10686852204688,3 L2 a | 1,3 45A d a | 1,L2 · direction 1 → 45A · direction 1,Newcastle,Kilmacanogue,Evening,6,6,0,12.0,12.0,17.5,0.5,0.5,21.0,45.0,True,4.0,6.5,5.5,3.0,3.0
8350DB004136/3 L2 a | 1/3 45A d a | 1/Evening,8350DB004136,O'Byrne Road,53.192253,-6.105013,3 L2 a | 1,3 45A d a | 1,L2 · direction 1 → 45A · direction 1,Newcastle,Kilmacanogue,Evening,6,6,0,12.0,12.0,17.5,0.5,0.5,21.0,45.0,True,4.0,6.5,5.5,3.0,3.0
8250DB003189/3 114 d a | 0/3 S8 a | 0/Morning,8250DB003189,Silverpark GAA,53.273844,-6.195573,3 114 d a | 0,3 S8 a | 0,114 · direction 0 → S8 · direction 0,Blackrock,Dun Laoghaire,Morning,4,4,0,9.0,10.0,18.5,0.25,0.5,20.0,40.33333333333333,True,1.0,3.5,5.5,1.0,3.0
8220DB006068/1 40D c a | 1/1 40E c a | 1/Evening,8220DB006068,Ratoath Drive,53.390282,-6.3171,1 40D c a | 1,1 40E c a | 1,40D · direction 1 → 40E · direction 1,Parnell St,Broombridge Luas,Evening,11,11,0,15.6,20.35151515151515,30.416666666666668,0.8181818181818182,0.45454545454545453,30.0,54.43636363636364,True,5.0,10.15,5.449999999999999,5.0,6.0
8220DB001220/1 27B c a | 1/1 42 c a | 1/Morning,8220DB001220,Artane Cottages,53.378763,-6.212199,1 27B c a | 1,1 42 c a | 1,27B · direction 1 → 42 · direction 1,Eden Quay,Talbot Street,Morning,12,12,0,13.5,14.416666666666666,24.0,0.4166666666666667,0.4166666666666667,30.0,50.5,True,10.0,8.25,5.25,8.0,4.0
8230DB007187/1 X25 c | 0/1 C4 c | 0/Evening,8230DB007187,Kew Park,53.3575628311399,-6.46763403856297,1 X25 c | 0,1 C4 c | 0,X25 · direction 0 → C4 · direction 0,Maynooth,Maynooth,Evening,5,5,0,14.4,17.2,24.35,0.4,0.4,28.0,49.866666666666674,True,9.0,9.15,5.25,3.0,2.0
8220DB002809/1 X25 c | 1/1 82 a | 0/Morning,8220DB002809,Pearse Stn,53.34306,-6.24984,1 X25 c | 1,1 82 a | 0,X25 · direction 1 → 82 · direction 0,UCD Belfield,Kiltipper Way,Morning,4,4,0,14.416666666666668,14.304166666666667,17.416666666666668,0.5,0.5,20.0,47.55555555555556,True,5.0,9.191666666666666,5.225000000000001,2.0,2.0
8350DB004170/1 L14 a | 1/3 45A d a | 1/Evening,8350DB004170,Methodist Church,53.203483770052,-6.10697299154272,1 L14 a | 1,3 45A d a | 1,L14 · direction 1 → 45A · direction 1,Cherrywood,Kilmacanogue,Evening,6,6,0,13.491666666666667,13.27222222222222,18.833333333333336,0.5,0.5,20.0,46.32222222222222,True,5.0,8.35,5.1416666666666675,3.0,3.0
8220DB005140/03C 120 e a | 1/1 151 c a | 0/Evening,8220DB005140,Mayor Street Lower,53.351124,-6.245532,03C 120 e a | 1,1 151 c a | 0,120 · direction 1 → 151 · direction 0,Dublin,Foxborough,Evening,5,5,0,11.9,12.673333333333334,20.066666666666666,0.4,0.4,20.0,41.2,True,4.0,6.866666666666666,5.033333333333334,2.0,3.0
8230DB006095/3 W4 a | 0/3 W6 a | 0/Morning,8230DB006095,Glenshane,53.2867623972427,-6.39633029423498,3 W4 a | 0,3 W6 a | 0,W4 · direction 0 → W6 · direction 0,The Square,The Square,Morning,10,10,0,21.5,22.8,35.0,0.6,0.4,30.0,60.66666666666667,True,5.0,16.5,5.0,4.0,6.0
8350DB003045/3 L1 a | 0/3 45A d a | 0/Evening,8350DB003045,Church Road,53.197431,-6.109006,3 L1 a | 0,3 45A d a | 0,L1 · direction 0 → 45A · direction 0,Bray Station,Dun Laoghaire,Evening,6,6,0,12.5,12.166666666666666,18.0,0.5,0.5,20.0,45.0,True,5.0,7.5,5.0,3.0,3.0
8220DB002314/1 151 c a | 0/1 77A c a | 0/Morning,8220DB002314,Weaver Park,53.33825,-6.28068,1 151 c a | 0,1 77A c a | 0,151 · direction 0 → 77A · direction 0,Foxborough,Citywest,Morning,9,9,0,13.0,15.546296296296298,21.816666666666666,0.4444444444444444,0.4444444444444444,20.0,44.0,True,2.0,8.0,5.0,4.0,5.0
8220DB000400/1 47 c a | 1/1 19 a | 0/Morning,8220DB000400,Shaw Street,53.344849,-6.25339,1 47 c a | 1,1 19 a | 0,47 · direction 1 → 19 · direction 0,Poolbeg St,Airport,Morning,5,5,0,13.933333333333334,13.446666666666667,19.703333333333333,0.4,0.4,20.0,43.91111111111111,True,5.0,8.933333333333334,5.0,2.0,3.0
8220DB002310/1 151 c a | 0/1 77A c a | 0/Morning,8220DB002310,Werburgh Street,53.342446,-6.269798,1 151 c a | 0,1 77A c a | 0,151 · direction 0 → 77A · direction 0,Foxborough,Citywest,Morning,9,9,0,12.75,14.916666666666666,21.2,0.4444444444444444,0.4444444444444444,20.0,43.666666666666664,True,2.0,7.75,5.0,4.0,5.0
8220DB002311/1 151 c a | 0/1 77A c a | 0/Morning,8220DB002311,Kevin Street,53.338285,-6.270492,1 151 c a | 0,1 77A c a | 0,151 · direction 0 → 77A · direction 0,Foxborough,Citywest,Morning,9,9,0,12.75,15.194444444444445,21.400000000000002,0.4444444444444444,0.4444444444444444,20.0,43.666666666666664,True,2.0,7.75,5.0,4.0,5.0
8230DB005022/1 69 c a | 1/3 S8 a | 1/Morning,8230DB005022,Lake Drive,53.29338,-6.422829,1 69 c a | 1,3 S8 a | 1,69 · direction 1 → S8 · direction 1,"Conyngham Rd, Poolbeg St",Citywest,Morning,4,4,0,10.625,11.6875,18.675,0.25,0.5,20.0,42.5,True,3.0,5.625,5.0,2.0,2.0
8240DB003671/3 102 d a | 0/1 41C c a | 0/Evening,8240DB003671,Airport Rnbt,53.4294,-6.230165,3 102 d a | 0,1 41C c a | 0,102 · direction 0 → 41C · direction 0,Sutton Station,Swords Manor,Evening,5,5,0,12.75,11.35,17.75,0.4,0.4,20.0,42.33333333333333,True,5.0,7.75,5.0,2.0,3.0
8240DB006348/1 F2 a | 1/1 24 a | 0/Morning,8240DB006348,Lanesborough Pk,53.403502,-6.30241,1 F2 a | 1,1 24 a | 0,F2 · direction 1 → 24 · direction 0,Charlestown,Dublin Airport,Morning,10,10,0,12.75,13.475,24.775,0.4,0.4,20.0,42.33333333333333,True,5.0,7.75,5.0,4.0,6.0
8230DB004714/3 S8 a | 0/1 77A c a | 1/Morning,8230DB004714,Castle Drive,53.288747,-6.423855,3 S8 a | 0,1 77A c a | 1,S8 · direction 0 → 77A · direction 1,Dun Laoghaire,Ringsend Road,Morning,10,10,0,8.416666666666666,10.573333333333334,18.416666666666668,0.4,0.4,20.0,36.55555555555556,True,5.0,3.4166666666666665,5.0,6.0,4.0
8230DB004713/3 S8 a | 0/1 77A c a | 1/Morning,8230DB004713,Citywest Rd N,53.291289,-6.427136,3 S8 a | 0,1 77A c a | 1,S8 · direction 0 → 77A · direction 1,Dun Laoghaire,Ringsend Road,Morning,10,10,0,8.0,10.2,18.0,0.4,0.4,20.0,36.0,True,5.0,3.0,5.0,6.0,4.0
8220DB002312/1 151 c a | 0/1 77A c a | 0/Morning,8220DB002312,Saint Luke's Avenue,53.338879,-6.275484,1 151 c a | 0,1 77A c a | 0,151 · direction 0 → 77A · direction 0,Foxborough,Citywest,Morning,9,9,0,12.916666666666666,15.41666666666667,21.666666666666668,0.4444444444444444,0.4444444444444444,20.0,43.888888888888886,True,2.0,7.916666666666667,4.999999999999999,4.0,5.0
8220DB001934/1 151 c a | 0/1 77A c a | 0/Morning,8220DB001934,Dame Street,53.344118,-6.265525,1 151 c a | 0,1 77A c a | 0,151 · direction 0 → 77A · direction 0,Foxborough,Citywest,Morning,9,9,0,12.633333333333333,15.018518518518517,21.273333333333333,0.4444444444444444,0.4444444444444444,20.0,43.511111111111106,True,2.0,7.783333333333333,4.85,4.0,5.0
8220DB000793/1 39A c a | 0/1 38 c a | 0/Morning,8220DB000793,Dawson Street,53.3408597860288,-6.25840386924731,1 39A c a | 0,1 38 c a | 0,39A · direction 0 → 38 · direction 0,Ongar,Damastown,Morning,15,15,0,17.0,16.161111111111108,27.33,0.6,0.4,29.883333333333333,54.58888888888889,True,5.0,12.233333333333333,4.7666666666666675,6.0,9.0
8220DB001285/1 16D c a | 0/1 15B c a | 0/Morning,8220DB001285,Camden Street Lwr,53.334378,-6.265125,1 16D c a | 0,1 15B c a | 0,16D · direction 0 → 15B · direction 0,Ballinteer,Stocking Ave,Morning,5,5,0,9.966666666666667,11.733333333333334,18.233333333333334,0.4,0.4,15.0,35.28888888888889,True,5.0,5.233333333333333,4.733333333333333,3.0,2.0
8220DB001443/1 39A c a | 0/1 23 a | 0/Morning,8220DB001443,Wood Quay,53.345129,-6.26954,1 39A c a | 0,1 23 a | 0,39A · direction 0 → 23 · direction 0,Ongar,Charlestown,Morning,14,14,0,14.0,13.464285714285714,19.0,0.5,0.42857142857142855,20.0,44.85714285714286,True,6.0,9.375,4.625,7.0,7.0
8220DB002500/1 142 e a | 1/1 151 c a | 1/Evening,8220DB002500,Samuel Beckett Br,53.347788,-6.24238,1 142 e a | 1,1 151 c a | 1,142 · direction 1 → 151 · direction 1,Coast Road,Docklands,Evening,4,4,0,10.808333333333334,11.995833333333334,19.183333333333334,0.5,0.5,20.0,42.74444444444444,True,3.0,6.183333333333334,4.625,2.0,2.0
8220DB002501/1 142 e a | 1/1 151 c a | 1/Evening,8220DB002501,N Wall Quay,53.347376,-6.236359,1 142 e a | 1,1 151 c a | 1,142 · direction 1 → 151 · direction 1,Coast Road,Docklands,Evening,4,4,0,10.258333333333333,11.445833333333333,18.633333333333333,0.5,0.5,20.0,42.011111111111106,True,3.0,5.633333333333333,4.625,2.0,2.0
8220DB007856/1 X25 c | 1/1 23 a | 1/Morning,8220DB007856,Inns Quay,53.345623,-6.273184,1 X25 c | 1,1 23 a | 1,X25 · direction 1 → 23 · direction 1,UCD Belfield,Merrion Square,Morning,4,4,0,10.566666666666666,11.0125,17.84,0.5,0.5,20.0,42.42222222222222,True,5.0,5.958333333333333,4.608333333333333,2.0,2.0
8220DB007883/1 X25 c | 1/1 23 a | 1/Morning,8220DB007883,Ormond Quay Upr,53.346058,-6.268496,1 X25 c | 1,1 23 a | 1,X25 · direction 1 → 23 · direction 1,UCD Belfield,Merrion Square,Morning,4,4,0,10.666666666666668,11.166666666666668,18.09166666666667,0.5,0.5,20.0,42.55555555555556,True,5.0,6.166666666666666,4.500000000000002,2.0,2.0
8220DB007591/1 H1 c a | 1/1 H2 c a | 0/Evening,8220DB007591,Abbey St Lower,53.34889,-6.25683,1 H1 c a | 1,1 H2 c a | 0,H1 · direction 1 → H2 · direction 0,Abbey St Lower,Malahide,Evening,12,12,0,16.375,19.041666666666668,29.375,0.5,0.4166666666666667,30.0,54.33333333333333,True,5.0,11.875,4.5,5.0,7.0
8220DB000353/1 P29 c | 1/1 82 a | 1/Morning,8220DB000353,Grnd Canal Quay,53.34263,-6.2396,1 P29 c | 1,1 82 a | 1,P29 · direction 1 → 82 · direction 1,Ringsend Road,Sean Moore Rd,Morning,4,4,0,13.666666666666666,14.104166666666666,19.76666666666667,0.5,0.5,20.0,46.55555555555556,True,10.0,9.291666666666666,4.375,3.0,1.0
8350DB004136/1 L14 a | 0/3 45A d a | 1/Evening,8350DB004136,O'Byrne Road,53.192253,-6.105013,1 L14 a | 0,3 45A d a | 1,L14 · direction 0 → 45A · direction 1,Southern Cross,Kilmacanogue,Evening,6,6,0,13.25,14.083333333333334,20.0,0.5,0.5,21.0,46.666666666666664,True,10.0,9.0,4.25,4.0,2.0
8350DB004156/1 L14 a | 0/1 L12 a | 1/Morning,8350DB004156,Seymour Road,53.2049673829576,-6.10361400629372,1 L14 a | 0,1 L12 a | 1,L14 · direction 0 → L12 · direction 1,Southern Cross,Bray Station,Morning,6,6,0,12.5,12.916666666666666,18.75,0.5,0.5,20.0,45.0,True,5.0,8.25,4.25,3.0,3.0
8220DB000139/1 N4 | 1/1 24 a | 0/Evening,8220DB000139,Grove Park Road,53.390602,-6.28646,1 N4 | 1,1 24 a | 0,N4 · direction 1 → 24 · direction 0,Point Village,Dublin Airport,Evening,15,15,0,12.25,13.133333333333333,20.65,0.3333333333333333,0.4,20.0,41.666666666666664,True,5.0,8.0,4.25,7.0,8.0
8350DB004134/3 L2 a | 1/3 45A d a | 1/Evening,8350DB004134,Church Road,53.197573,-6.108925,3 L2 a | 1,3 45A d a | 1,L2 · direction 1 → 45A · direction 1,Newcastle,Kilmacanogue,Evening,6,6,0,11.5,11.833333333333334,17.5,0.5,0.5,21.0,44.333333333333336,True,5.0,7.5,4.0,3.0,3.0
8250DB003188/3 114 d a | 0/3 S8 a | 0/Morning,8250DB003188,Racecourse,53.273177,-6.19902,3 114 d a | 0,3 S8 a | 0,114 · direction 0 → S8 · direction 0,Blackrock,Dun Laoghaire,Morning,4,4,0,9.0,10.25,18.5,0.25,0.5,20.0,40.33333333333333,True,2.0,5.0,4.0,1.0,3.0
8250DB002040/1 7A c a | 0/3 45A d a | 1/Morning,8250DB002040,Dun Laoghaire SC,53.292791187827,-6.13536904926552,1 7A c a | 0,3 45A d a | 1,7A · direction 0 → 45A · direction 1,Loughlinstown Pk,Kilmacanogue,Morning,5,5,0,11.0,12.75,19.8,0.4,0.4,20.0,40.0,True,4.0,7.0,4.0,2.0,3.0
8250DB003047/1 7A c a | 0/3 45A d a | 1/Morning,8250DB003047,George's St Upper,53.29017,-6.131013,1 7A c a | 0,3 45A d a | 1,7A · direction 0 → 45A · direction 1,Loughlinstown Pk,Kilmacanogue,Morning,5,5,0,10.866666666666667,12.68,19.753333333333334,0.4,0.4,20.0,39.82222222222222,True,4.0,7.083333333333333,3.783333333333334,2.0,3.0
8220DB001072/1 80 a | 1/1 82 a | 1/Evening,8220DB001072,Richmond St South,53.331027,-6.264585,1 80 a | 1,1 82 a | 1,80 · direction 1 → 82 · direction 1,Liffey Valley,Sean Moore Rd,Evening,17,17,0,10.75,13.720588235294118,20.75,0.47058823529411764,0.47058823529411764,20.0,41.78431372549019,True,5.0,7.0,3.75,8.0,9.0
8230DB004435/3 S8 a | 0/1 77A c a | 1/Evening,8230DB004435,Tallaght Village,53.288843,-6.363568,3 S8 a | 0,1 77A c a | 1,S8 · direction 0 → 77A · direction 1,Dun Laoghaire,Ringsend Road,Evening,12,12,0,11.65,11.111111111111112,15.9,0.5,0.4166666666666667,20.0,41.36666666666667,True,2.0,8.033333333333333,3.616666666666667,5.0,7.0
8220DB000335/1 F2 a | 0/1 39 c a | 1/Evening,8220DB000335,D'Olier Street,53.346361,-6.257849,1 F2 a | 0,1 39 c a | 1,F2 · direction 0 → 39 · direction 1,Rossmore Road,Burlington Road,Evening,12,12,0,15.816666666666666,19.768055555555552,30.56833333333333,0.6666666666666666,0.4166666666666667,27.316666666666666,51.8,True,4.0,12.258333333333335,3.558333333333332,5.0,7.0
8250DB003226/1 7A c a | 1/3 45A d a | 0/Evening,8250DB003226,Kilbogget Park,53.258547,-6.137774,1 7A c a | 1,3 45A d a | 0,7A · direction 1 → 45A · direction 0,Mountjoy Square,Dun Laoghaire,Evening,6,6,0,12.0,12.291666666666666,18.0,0.5,0.5,20.0,44.33333333333333,True,1.0,8.5,3.5,1.0,5.0
8220DB002810/1 X27 d | 1/1 15A c a | 1/Morning,8220DB002810,Clare Street,53.340795,-6.250897,1 X27 d | 1,1 15A c a | 1,X27 · direction 1 → 15A · direction 1,UCD Belfield,Merrion Square,Morning,4,4,0,11.275,13.337499999999999,22.400000000000002,0.5,0.5,20.0,43.36666666666667,True,5.0,7.9,3.375,2.0,2.0
8220DB007857/1 X25 c | 0/1 C3 c | 0/Evening,8220DB007857,Merchant's Quay,53.34508,-6.27451,1 X25 c | 0,1 C3 c | 0,X25 · direction 0 → C3 · direction 0,Maynooth,Maynooth,Evening,5,5,0,11.966666666666667,13.1,19.476666666666667,0.4,0.4,29.0,47.28888888888889,True,5.0,8.816666666666666,3.1500000000000004,2.0,3.0
8220DB000312/1 X25 c | 0/1 C3 c | 0/Evening,8220DB000312,Wellington Quay,53.3454764728264,-6.2662061554843,1 X25 c | 0,1 C3 c | 0,X25 · direction 0 → C3 · direction 0,Maynooth,Maynooth,Evening,5,5,0,11.583333333333334,12.833333333333334,19.183333333333334,0.4,0.4,29.0,46.77777777777777,True,5.0,8.583333333333334,3.0,2.0,3.0
8220DB002310/1 77A c a | 0/1 150 c a | 0/Morning,8220DB002310,Werburgh Street,53.342446,-6.269798,1 77A c a | 0,1 150 c a | 0,77A · direction 0 → 150 · direction 0,Citywest,Limekiln Avenue,Morning,9,9,0,10.75,12.194444444444445,19.95,0.4444444444444444,0.4444444444444444,20.0,41.0,True,7.0,7.75,3.0,5.0,4.0
8220DB002311/1 77A c a | 0/1 150 c a | 0/Morning,8220DB002311,Kevin Street,53.338285,-6.270492,1 77A c a | 0,1 150 c a | 0,77A · direction 0 → 150 · direction 0,Citywest,Limekiln Avenue,Morning,9,9,0,10.75,12.13888888888889,19.6,0.3333333333333333,0.4444444444444444,20.0,41.0,True,4.0,7.75,3.0,4.0,5.0
8220DB000747/1 38B c a | 1/1 F2 a | 0/Morning,8220DB000747,Kildare Street,53.339931,-6.255724,1 38B c a | 1,1 F2 a | 0,38B · direction 1 → F2 · direction 0,Burlington Road,Rossmore Road,Morning,7,7,0,10.0,11.392857142857142,17.200000000000003,0.2857142857142857,0.42857142857142855,15.0,36.19047619047619,True,7.0,7.0,3.0,5.0,2.0
8220DB001077/1 82 a | 0/1 S2 | 1/Morning,8220DB001077,Rathmines Garda,53.321573,-6.266545,1 82 a | 0,1 S2 | 1,82 · direction 0 → S2 · direction 1,Kiltipper Way,Heuston Station,Morning,9,9,0,9.75,11.666666666666666,19.2,0.4444444444444444,0.4444444444444444,15.0,36.33333333333333,True,1.0,7.0,2.75,2.0,7.0
8220DB004413/03C 120 e a | 1/1 C2 c | 1/Morning,8220DB004413,Heuston Station,53.34621,-6.29246,03C 120 e a | 1,1 C2 c | 1,120 · direction 1 → C2 · direction 1,Dublin,Sandymount,Morning,5,5,0,5.5,10.1,20.8,0.4,0.4,22.875,34.58333333333333,True,1.0,3.0,2.5,1.0,4.0
8220DB004522/1 151 c a | 0/1 77A c a | 0/Morning,8220DB004522,College Green,53.344262,-6.260608,1 151 c a | 0,1 77A c a | 0,151 · direction 0 → 77A · direction 0,Foxborough,Citywest,Morning,10,10,0,12.274999999999999,14.791666666666666,21.158333333333335,0.4,0.4,20.0,41.699999999999996,True,2.0,9.858333333333334,2.4166666666666643,4.0,6.0
8220DB000620/1 H2 c a | 1/1 6 c a | 1/Evening,8220DB000620,Talbot St East,53.350961,-6.25278,1 H2 c a | 1,1 6 c a | 1,H2 · direction 1 → 6 · direction 1,Abbey St Lower,Abbey St Lower,Evening,5,5,0,29.0,37.95,56.15,1.0,0.4,60.0,70.66666666666666,True,5.0,26.75,2.25,2.0,3.0
8220DB002480/1 82 a | 0/1 S2 | 1/Morning,8220DB002480,Kenilworth Road,53.319744,-6.274335,1 82 a | 0,1 S2 | 1,82 · direction 0 → S2 · direction 1,Kiltipper Way,Heuston Station,Morning,9,9,0,9.25,11.444444444444445,19.0,0.4444444444444444,0.4444444444444444,15.0,35.666666666666664,True,1.0,7.0,2.25,2.0,7.0
8220DB000119/1 16 c a | 0/1 41 c a | 1/Morning,8220DB000119,Whitehall Village,53.375191,-6.250766,1 16 c a | 0,1 41 c a | 1,16 · direction 0 → 41 · direction 1,"Ballinteer, O'Connell Street",Abbey St,Morning,11,11,0,9.5,13.090909090909092,19.5,0.45454545454545453,0.45454545454545453,20.0,39.63636363636364,True,3.0,7.5,2.0,3.0,8.0
8230DB002232/1 L54 b | 1/1 C4 c | 1/Evening,8230DB002232,Ballydowd Grove,53.359738,-6.430957,1 L54 b | 1,1 C4 c | 1,L54 · direction 1 → C4 · direction 1,Red Cow Luas,Ringsend Road,Evening,7,7,0,11.466666666666667,15.70952380952381,25.796666666666674,0.42857142857142855,0.42857142857142855,28.25,46.97936507936508,True,3.0,9.516666666666667,1.9499999999999993,3.0,4.0
8240DB002468/1 38A c a | 1/1 38 c a | 1/Evening,8240DB002468,Blanchardstown Rd N,53.40436,-6.373065,1 38A c a | 1,1 38 c a | 1,38A · direction 1 → 38 · direction 1,Burlington Road,Burlington Road,Evening,5,5,0,19.433333333333334,29.09666666666667,48.016666666666666,0.8,0.4,34.766666666666666,57.91111111111111,True,4.0,17.55,1.8833333333333329,2.0,3.0
8220DB004793/1 40D c a | 1/1 40E c a | 1/Evening,8220DB004793,Avila Park,53.3922672634008,-6.32082537531738,1 40D c a | 1,1 40E c a | 1,40D · direction 1 → 40E · direction 1,Parnell St,Broombridge Luas,Evening,12,12,0,16.0,20.375,30.85,0.75,0.4166666666666667,30.0,53.83333333333333,True,5.0,14.25,1.75,5.0,7.0
8230DB003373/1 L54 b | 1/1 C4 c | 1/Evening,8230DB003373,Lucan Heights,53.3580827892559,-6.44184974350997,1 L54 b | 1,1 C4 c | 1,L54 · direction 1 → C4 · direction 1,Red Cow Luas,Ringsend Road,Evening,7,7,0,11.25,15.642857142857142,25.800000000000004,0.42857142857142855,0.42857142857142855,28.75,47.02380952380952,True,3.0,9.5,1.75,3.0,4.0
8230DB002233/1 L54 b | 1/1 C4 c | 1/Evening,8230DB002233,Chalet Gardens,53.3600895008688,-6.43516577563156,1 L54 b | 1,1 C4 c | 1,L54 · direction 1 → C4 · direction 1,Red Cow Luas,Ringsend Road,Evening,7,7,0,11.5,15.821428571428571,25.950000000000006,0.42857142857142855,0.42857142857142855,28.25,47.02380952380952,True,3.0,9.75,1.75,3.0,4.0
8230DB003372/1 L54 b | 1/1 C4 c | 1/Evening,8230DB003372,Lucan Village,53.3565643295806,-6.44809469057744,1 L54 b | 1,1 C4 c | 1,L54 · direction 1 → C4 · direction 1,Red Cow Luas,Ringsend Road,Evening,7,7,0,11.0,15.428571428571429,25.550000000000004,0.42857142857142855,0.42857142857142855,28.25,46.357142857142854,True,3.0,9.25,1.75,3.0,4.0
8230DB003374/1 L54 b | 1/1 C4 c | 1/Evening,8230DB003374,St Mary's Church,53.359634,-6.439525,1 L54 b | 1,1 C4 c | 1,L54 · direction 1 → C4 · direction 1,Red Cow Luas,Ringsend Road,Evening,7,7,0,11.35,15.723809523809523,25.870000000000005,0.42857142857142855,0.42857142857142855,28.675,47.107142857142854,True,3.0,9.616666666666667,1.7333333333333325,3.0,4.0
8220DB002481/1 82 a | 0/1 S2 | 1/Morning,8220DB002481,Harolds Cross Road,53.318738,-6.278083,1 82 a | 0,1 S2 | 1,82 · direction 0 → S2 · direction 1,Kiltipper Way,Heuston Station,Morning,9,9,0,8.733333333333333,11.401851851851852,19.106666666666666,0.4444444444444444,0.4444444444444444,15.0,34.977777777777774,True,1.0,7.0,1.7333333333333325,2.0,7.0
8220DB001582/1 40D c a | 1/1 40E c a | 1/Evening,8220DB001582,Heathfield Avenue,53.39519,-6.32737,1 40D c a | 1,1 40E c a | 1,40D · direction 1 → 40E · direction 1,Parnell St,Broombridge Luas,Evening,12,12,0,15.933333333333334,20.341666666666665,30.615000000000002,0.75,0.4166666666666667,30.0,53.74444444444444,True,5.0,14.333333333333332,1.6000000000000014,5.0,7.0
8230DB003950/1 L54 b | 1/1 C4 c | 1/Evening,8230DB003950,Ball Alley House,53.355603,-6.45501,1 L54 b | 1,1 C4 c | 1,L54 · direction 1 → C4 · direction 1,Red Cow Luas,Ringsend Road,Evening,7,7,0,10.566666666666666,15.283333333333333,25.516666666666673,0.42857142857142855,0.42857142857142855,28.233333333333334,45.768253968253966,True,3.0,9.25,1.3166666666666664,3.0,4.0
8220DB000188/2 109X d | 1/1 24 a | 1/Morning,8220DB000188,Doyle's Corner,53.360121,-6.272583,2 109X d | 1,1 24 a | 1,109X · direction 1 → 24 · direction 1,"Dublin, St. Stephen's Green, U C D Belfield",Merrion Square,Morning,5,5,0,10.9,12.719999999999999,21.02,0.4,0.4,20.0,39.86666666666666,True,5.0,9.766666666666667,1.1333333333333329,2.0,3.0
8230DB003949/1 L54 b | 1/1 C4 c | 1/Evening,8230DB003949,Leixlip Road,53.3555169185499,-6.46021107416006,1 L54 b | 1,1 C4 c | 1,L54 · direction 1 → C4 · direction 1,Red Cow Luas,Ringsend Road,Evening,7,7,0,10.25,15.178571428571429,25.500000000000007,0.42857142857142855,0.42857142857142855,28.5,45.523809523809526,True,3.0,9.25,1.0,3.0,4.0
8220DB000317/1 80 a | 1/1 24 a | 0/Evening,8220DB000317,Westmoreland Street,53.346526,-6.259269,1 80 a | 1,1 24 a | 0,80 · direction 1 → 24 · direction 0,Liffey Valley,Dublin Airport,Evening,17,17,0,10.45,13.853921568627452,19.85,0.47058823529411764,0.47058823529411764,20.0,41.384313725490195,True,9.0,9.45,1.0,9.0,8.0
8220DB000288/1 41C c a | 1/1 41 c a | 0/Morning,8220DB000288,Irish Life,53.349169,-6.255602,1 41C c a | 1,1 41 c a | 0,41C · direction 1 → 41 · direction 0,Abbey St,Swords Manor,Morning,10,10,0,8.0,10.65,18.95,0.4,0.4,20.0,36.0,True,4.0,7.125,0.875,4.0,6.0
8220DB000400/1 47 c a | 1/1 7A c a | 1/Morning,8220DB000400,Shaw Street,53.344849,-6.25339,1 47 c a | 1,1 7A c a | 1,47 · direction 1 → 7A · direction 1,Poolbeg St,Mountjoy Square,Morning,5,5,0,8.7,14.27,26.0,0.4,0.4,30.0,43.6,True,5.0,7.9,0.7999999999999989,2.0,3.0
8230DB004001/1 L54 b | 1/1 C4 c | 1/Evening,8230DB004001,Liffey Valley Golf,53.3589228488577,-6.47206238135665,1 L54 b | 1,1 C4 c | 1,L54 · direction 1 → C4 · direction 1,Red Cow Luas,Ringsend Road,Evening,7,7,0,10.25,15.214285714285714,25.500000000000007,0.42857142857142855,0.42857142857142855,28.75,45.69047619047619,True,3.0,9.5,0.75,3.0,4.0
8220DB000408/1 7A c a | 0/2 2 c b | 0/Evening,8220DB000408,Merrion Sq North,53.3409707826238,-6.25001923957642,1 7A c a | 0,2 2 c b | 0,7A · direction 0 → 2 · direction 0,Loughlinstown Pk,Wexford,Evening,7,7,0,32.75,42.892857142857146,59.65,1.0,0.42857142857142855,60.0,72.85714285714286,True,3.0,32.25,0.5,3.0,4.0
8220DB000281/1 7B c a | 1/1 7 c a | 1/Morning,8220DB000281,O'Connell St Upper,53.351343,-6.261116,1 7B c a | 1,1 7 c a | 1,7B · direction 1 → 7 · direction 1,Mountjoy Square,Mountjoy Square,Morning,5,5,0,16.75,23.35,35.6,0.8,0.4,30.0,54.333333333333336,True,0.0,16.75,0.0,0.0,0.0
8220DB000487/1 S2 | 1/1 7 c a | 1/Evening,8220DB000487,American Embassy,53.330855,-6.233902,1 S2 | 1,1 7 c a | 1,S2 · direction 1 → 7 · direction 1,Heuston Station,Mountjoy Square,Evening,13,13,0,14.25,20.576923076923077,28.95,0.46153846153846156,0.46153846153846156,30.0,52.84615384615385,True,0.0,14.25,0.0,0.0,0.0
8220DB001444/1 39A c a | 0/1 24 a | 0/Morning,8220DB001444,Merchant's Quay,53.34504,-6.27417,1 39A c a | 0,1 24 a | 0,39A · direction 0 → 24 · direction 0,Ongar,Dublin Airport,Morning,13,13,0,10.816666666666666,14.285897435897436,19.95,0.46153846153846156,0.46153846153846156,20.0,41.6017094017094,True,0.0,10.816666666666666,0.0,0.0,0.0
8230DB007784/1 L53 c | 1/1 L54 b | 0/Evening,8230DB007784,Foxdene Avenue,53.341186,-6.411184,1 L53 c | 1,1 L54 b | 0,L53 · direction 1 → L54 · direction 0,Adamstown Station,River Forest,Evening,5,5,0,6.966666666666667,13.9,26.776666666666667,0.4,0.4,30.0,41.28888888888889,True,0.0,6.966666666666667,0.0,0.0,0.0
8230DB007386/1 L53 c | 1/1 L54 b | 0/Evening,8230DB007386,Foxborough Park,53.340052,-6.427415,1 L53 c | 1,1 L54 b | 0,L53 · direction 1 → L54 · direction 0,Adamstown Station,River Forest,Evening,5,5,0,6.75,13.5,26.1,0.4,0.4,30.0,41.0,True,0.0,6.75,0.0,0.0,0.0
8230DB007780/1 L53 c | 1/1 L54 b | 0/Evening,8230DB007780,Méile an Rí,53.339829,-6.415274,1 L53 c | 1,1 L54 b | 0,L53 · direction 1 → L54 · direction 0,Adamstown Station,River Forest,Evening,5,5,0,6.75,13.75,26.65,0.4,0.4,30.0,41.0,True,0.0,6.75,0.0,0.0,0.0
8230DB007803/1 L53 c | 1/1 L54 b | 0/Evening,8230DB007803,Tor an Rí,53.339051,-6.418276,1 L53 c | 1,1 L54 b | 0,L53 · direction 1 → L54 · direction 0,Adamstown Station,River Forest,Evening,5,5,0,6.75,13.666666666666668,26.46666666666667,0.4,0.4,30.0,41.0,True,0.0,6.75,0.0,0.0,0.0
8230DB003373/1 C4 c | 1/1 C3 c | 1/Morning,8230DB003373,Lucan Heights,53.3580827892559,-6.44184974350997,1 C4 c | 1,1 C3 c | 1,C4 · direction 1 → C3 · direction 1,Ringsend Road,Ringsend Road,Morning,7,7,0,5.75,13.535714285714286,28.6,0.42857142857142855,0.42857142857142855,27.75,39.02380952380952,True,0.0,5.75,0.0,0.0,0.0
8230DB007386/1 L54 b | 0/1 C2 c | 0/Morning,8230DB007386,Foxborough Park,53.340052,-6.427415,1 L54 b | 0,1 C2 c | 0,L54 · direction 0 → C2 · direction 0,River Forest,Adamstown Station,Morning,7,7,0,8.0,11.535714285714286,18.8,0.42857142857142855,0.42857142857142855,22.75,38.69047619047619,True,0.0,8.0,0.0,0.0,0.0
8220DB000400/1 47 c a | 1/1 23 a | 0/Morning,8220DB000400,Shaw Street,53.344849,-6.25339,1 47 c a | 1,1 23 a | 0,47 · direction 1 → 23 · direction 0,Poolbeg St,Charlestown,Morning,5,5,0,9.75,11.85,18.95,0.4,0.4,20.0,38.33333333333333,True,0.0,9.75,0.0,0.0,0.0
8220DB001703/1 39 c a | 1/1 37 c a | 1/Evening,8220DB001703,Cabra Garda Station,53.364735,-6.307348,1 39 c a | 1,1 37 c a | 1,39 · direction 1 → 37 · direction 1,Burlington Road,"Bachelor's Walk, Wilton Terrace",Evening,7,7,0,8.533333333333333,12.207142857142857,18.843333333333334,0.42857142857142855,0.42857142857142855,20.0,37.56825396825397,True,0.0,8.533333333333333,0.0,0.0,0.0
8240DB007560/1 40E c a | 0/1 40D c a | 1/Evening,8240DB007560,The Oaks,53.426761,-6.369953,1 40E c a | 0,1 40D c a | 1,40E · direction 0 → 40D · direction 1,Tyrrelstown,Parnell St,Evening,7,7,0,5.75,9.142857142857142,15.3,0.14285714285714285,0.42857142857142855,22.5,35.52380952380952,True,0.0,5.75,0.0,0.0,0.0
8240DB003679/1 43 c a | 0/1 41 c a | 0/Evening,8240DB003679,Swords Castle,53.459082,-6.220136,1 43 c a | 0,1 41 c a | 0,43 · direction 0 → 41 · direction 0,Swords Bus.Pk,Swords Manor,Evening,10,10,0,7.0,11.475,20.75,0.4,0.4,20.0,34.66666666666667,True,0.0,7.0,0.0,0.0,0.0
